"airbnb_listing_id","datas_estadia","diaria_mediana","diaria_media","diaria_p25","diaria_p75","potencial_bruto_anunciado","suburb","listing_type","number_of_bedrooms","number_of_bathrooms","number_of_beds","number_of_guests","number_of_reviews","star_rating","is_professional","can_instant_book","is_guest_favorite","cleaning_fee","min_nights"
"881204142086821328","68","550","558,24","550","670","37960","Meia Praia","apartamento","3","2.0","3","7","43","4.980000019073486","false","true","true","200.0","0"
"39051477","92","1500","1543,04","1440","1530","141959,33","Meia Praia","apartamento","4","4.0","4","10","10","4.800000190734863","false","false","false","450.0","0"
"22648075","65","348","396,66","348","456","25783","Centro","apartamento","2","2.0","5","6","16","5.0","false","false","false","150.0","0"
"748336742434217963","44","450","457,14","450","450","20114","Meia Praia","apartamento","2","1.0","3","6","45","4.869999885559082","false","true","true","200.0","0"
"1226856286781952840","86","732","707,18","601,5","802","60817,5","Centro","apartamento","2","1.0","3","5","12","4.579999923706055","true","true","false","220.0","0"
"41676390","90","600","608,01","600","600","54720,5","Meia Praia","apartamento","2","2.0","2","6","20","4.949999809265137","false","false","false","250.0","0"
"40289385","62","2500","2586,4","2500","2500","160356,5","Alto Sao Bento","casa","12","13.0","34","16","15","4.670000076293945","false","false","false","700.0","0"
"42735835","11","200","227","200","299","2497","Meia Praia","apartamento","2","2.0","7","5","87","4.849999904632568","false","false","true","250.0","0"
"1004910078575857573","27","750","753,24","700","792,5","20337,5","Meia Praia","apartamento","3","2.0","5","7","12","5.0","false","false","true","300.0","0"
"957349094500016515","82","699","583,24","400","699","47825,5","Centro","apartamento","2","2.0","2","6","11","4.909999847412109","false","true","true","200.0","0"
"786307999394390316","72","550","595,71","550","600","42891","Meia Praia","apartamento","2","2.0","2","6","14","4.860000133514404","false","false","true","300.0","0"
"900757690500508426","60","795","645,97","475","795","38758","Meia Praia","apartamento","2","2.0","2","8","22","4.949999809265137","true","false","true","350.0","0"
"705946468067026302","60","380","439","300","480","26340","Meia Praia","apartamento","2","2.0","4","6","22","5.0","false","false","true","300.0","0"
"31141252","38","300","402,63","300","500","15300","Meia Praia","apartamento","2","2.0","3","5","84","4.960000038146973","false","true","true","250.0","0"
"1074829679064875721","6","749","749","749","749","4494","Meia Praia","apartamento","3","3.0","4","8","10","5.0","false","false","true","0.0","0"
"12067632","34","718","693,18","580","770","23568","Meia Praia","apartamento","3","3.0","3","8","21","5.0","false","false","true","350.0","0"
"1268755217310742256","37","800","791,35","800","800","29280","Meia Praia","apartamento","2","2.0","2","4","0","0.0","false","false","false","300.0","0"
"6569062","104","750","738,66","675","800","76820,53","Meia Praia","apartamento","3","2.0","3","6","21","4.949999809265137","false","false","true","250.0","0"
"38695314","62","550","603,29","380","800","37404","Meia Praia","apartamento","3","3.0","5","9","62","4.849999904632568","false","false","true","200.0","0"
"703678241822238330","60","300","321,23","300","300","19274","Meia Praia","apartamento","2","1.0","4","5","15","4.929999828338623","false","false","true","300.0","0"
"681894806923375678","39","648","773,95","592","1029","30184","Meia Praia","apartamento","3","4.0","3","8","19","5.0","false","false","true","300.0","0"
"51683537","28","400","435,71","400","500","12200","Meia Praia","apartamento","2","2.0","3","5","22","5.0","false","true","true","300.0","0"
"30519162","91","3900","3900","3900","3900","354900","Canto da Praia","casa","4","7.0","5","8","13","5.0","false","true","true","900.0","0"
"38730549","78","732","780,33","628","853","60866","Meia Praia","apartamento","3","3.0","3","8","37","4.96999979019165","true","false","true","300.0","0"
"1100991386372756521","95","800","816,21","750","800","77540","Meia Praia","apartamento","2","2.0","0","8","12","5.0","false","false","true","0.0","0"
"53671997","23","300","451,65","300","750","10388","Meia Praia","apartamento","2","2.0","3","6","12","4.920000076293945","false","true","true","250.0","0"
"1050857413300266721","58","614","655,03","523","743","37992","Meia Praia","apartamento","3","2.0","6","8","2","5.0","true","true","false","500.0","0"
"754375397775403281","96","890","840,88","780","890","80724,37","Meia Praia","apartamento","3","2.0","4","6","8","5.0","false","false","true","250.0","0"
"1203075817950465589","72","1400","1402,92","1400","1400","101010","Centro","apartamento","3","2.0","4","6","0","0.0","false","false","false","400.0","0"
"801271167231006592","40","250","253,87","250","262","10154,67","Meia Praia","apartamento","2","2.0","2","6","17","4.940000057220459","false","false","true","300.0","0"
"31380471","78","800","875,36","650","1200","68278,1","Meia Praia","apartamento","3","3.0","4","7","27","4.670000076293945","false","false","false","250.0","0"
"1208757855935244741","82","372","394,49","363","419","32348,17","Centro","apartamento","1","1.0","1","2","0","0.0","true","true","false","150.0","0"
"53314692","60","780","705,45","520","950","42326,75","Centro","apartamento","1","1.0","1","5","19","4.579999923706055","false","true","false","250.0","0"
"939325387438995809","76","1200","1382,89","1200","1700","105100","Meia Praia","apartamento","4","5.0","5","13","4","5.0","false","false","false","400.0","0"
"916052715744473224","54","1150","1182,87","1150","1150","63875","Meia Praia","apartamento","3","4.0","3","6","12","4.920000076293945","false","false","true","300.0","0"
"859653300578357102","57","702","702","702","702","40014","Morretes","apartamento","2","4.0","2","4","26","5.0","true","false","true","250.0","0"
"45973790","101","644,3333","638,16","610","667,6667","64454,17","Meia Praia","apartamento","2","2.0","3","4","12","4.829999923706055","false","false","false","380.0","0"
"39642773","46","400","370,65","250","450","17050","Meia Praia","casa","3","1.0","7","8","61","4.889999866485596","false","false","true","300.0","0"
"53077335","11","1000","1000","1000","1000","11000","Centro","apartamento","3","2.0","4","7","7","5.0","false","false","false","250.0","0"
"1268889705366032062","65","1000","1004,98","1000","1000","65324","Morretes","casa","2","2.0","3","6","0","0.0","false","false","false","0.0","0"
"778933432062496662","73","950","906,99","770","950","66210","Meia Praia","apartamento","3","4.0","4","6","15","5.0","false","true","true","300.0","0"
"577333685681759877","38","498","531,82","498","550","20209","Meia Praia","apartamento","2","2.0","4","6","55","4.849999904632568","false","true","true","200.0","0"
"826617189908528565","65","400","476,08","400","540","30945,17","Meia Praia","apartamento","1","1.0","2","4","106","4.980000019073486","false","false","true","150.0","0"
"730437501239201082","84","750","668,59","500","785,25","56161,91","Meia Praia","apartamento","3","2.0","6","8","11","4.820000171661377","false","false","false","350.0","0"
"32592683","56","1000","1123,21","1000","1500","62900","Morretes","casa","4","3.0","5","12","10","5.0","false","false","true","300.0","0"
"1062615116593634676","66","400","442,42","400","500","29200","Meia Praia","apartamento","1","1.0","1","4","11","5.0","false","true","true","180.0","0"
"1254384361135492137","86","515","552,74","418","598","47535,5","Morretes","apartamento","2","2.0","2","4","4","4.5","true","true","false","369.0","0"
"54005716","43","800","800","800","800","34400","none","casa","1","1.0","2","4","43","4.860000133514404","false","true","false","220.0","0"
"41883230","53","470","535,47","450","470","28380","Meia Praia","apartamento","3","3.0","6","7","5","5.0","false","false","false","300.0","0"
"40209404","73","311","339,14","263","377","24757","Centro","apartamento","1","1.0","3","4","373","4.860000133514404","true","true","false","35.0","0"
"42003334","65","500","631,04","500","617","41017,83","Meia Praia","apartamento","3","2.0","6","8","30","4.929999828338623","false","false","true","300.0","0"
"734774611454860165","64","625","582,51","415","660","37280,75","Meia Praia","apartamento","4","3.0","4","8","10","4.900000095367432","false","true","true","300.0","0"
"21103486","66","315","345,25","284","405","22786,63","Meia Praia","apartamento","3","2.0","3","6","8","5.0","false","false","false","250.0","0"
"936216057908307884","75","406","395,13","250","500","29634,4","Morretes","casa","2","2.0","3","8","12","4.920000076293945","false","false","true","195.0","0"
"734991572208138176","83","280","277,98","158","332","23072","Centro","apartamento","1","1.0","2","3","40","4.949999809265137","false","false","true","80.0","0"
"45512442","61","790","676,29","325","850","41253,5","Centro","apartamento","4","2.0","5","8","20","4.800000190734863","false","false","false","250.0","0"
"40371384","91","601","590,53","404","710","53737,92","Centro","apartamento","1","1.0","3","6","343","4.829999923706055","true","true","false","60.0","0"
"1091408953130822622","48","280","310,62","280","310","14910","Centro","apartamento","2","1.0","3","6","13","5.0","false","true","true","0.0","0"
"973272705231391942","45","240","301,11","240","350","13550","Meia Praia","apartamento","2","1.0","3","4","12","4.920000076293945","false","true","true","120.0","0"
"26839303","52","800","708,49","350","890,6","36841,28","Meia Praia","apartamento","2","2.0","2","8","29","4.860000133514404","false","false","true","200.0","0"
"45513430","89","780","782,92","780","800","69680","Meia Praia","apartamento","3","2.0","3","8","14","4.860000133514404","false","false","true","250.0","0"
"53474066","39","850","858,21","850","900","33470","Centro","apartamento","3","2.0","3","7","15","4.670000076293945","false","false","false","200.0","0"
"14884678","42","595","573,57","550","595","24090","Meia Praia","apartamento","3","2.0","3","6","20","4.699999809265137","false","false","false","250.0","0"
"16570256","47","523","497,89","441,14285","535,8571","23400,79","Meia Praia","apartamento","3","3.0","7","10","13","4.769999980926514","false","false","false","250.0","0"
"53190433","39","800","820,51","800","800","32000","Centro","apartamento","3","2.0","3","8","20","4.699999809265137","false","false","false","350.0","0"
"1207335703563012811","82","427","436,22","427","427","35770","Centro","apartamento","1","1.0","1","2","1","5.0","true","true","false","150.0","0"
"22306996","30","155","178,98","155","165","5369,33","Meia Praia","apartamento","2","2.0","3","5","15","5.0","false","false","true","220.0","0"
"779104726998664227","38","400","412","400","420","15656","Meia Praia","apartamento","2","2.0","5","6","16","4.940000057220459","false","false","true","250.0","0"
"766052072199682693","57","750","647,21","550","750","36891","Meia Praia","apartamento","1","2.0","3","6","23","4.78000020980835","false","false","false","200.0","0"
"31059537","78","811,5","807,68","499","999","62998,67","Centro","apartamento","3","2.0","5","8","61","4.980000019073486","false","true","true","250.0","0"
"45889892","60","595","621,67","595","595","37300","Meia Praia","apartamento","2","2.0","4","6","58","4.980000019073486","false","false","true","250.0","0"
"29739100","89","750","721,19","650","754","64185,67","Meia Praia","apartamento","3","2.0","3","7","19","5.0","false","true","true","350.0","0"
"1084601543056055517","63","1400","1357,08","1300","1400","85496","Meia Praia","apartamento","4","3.0","8","12","7","5.0","false","false","true","400.0","0"
"1193414131980072087","66","627","677,04","594","770","44684,5","Centro","apartamento","2","1.0","3","6","16","4.940000057220459","true","true","true","240.0","0"
"53133732","82","673","784,46","673","895","64326","Meia Praia","apartamento","2","2.0","3","6","10","5.0","true","false","true","350.0","0"
"1262982199583014782","83","715","732,98","633","825","60837","Centro","apartamento","2","1.0","3","6","9","4.670000076293945","true","true","false","240.0","0"
"963916345061155113","35","1400","1364,45","950","1620","47755,92","Meia Praia","apartamento","3","3.0","7","13","18","5.0","true","false","true","300.0","0"
"21397811","68","600","699,25","566,6667","850","47549","Meia Praia","apartamento","3","2.0","8","8","19","4.889999866485596","false","false","true","350.0","0"
"1057137469420115073","78","627","673,96","545","825","52569","Morretes","apartamento","2","2.0","3","6","28","4.960000038146973","true","true","true","400.0","0"
"44425260","66","450","496,62","450","450","32776,8","Meia Praia","apartamento","2","2.0","5","8","6","5.0","false","false","false","350.0","0"
"721143022842232721","59","500","501,94","500","500","29614,67","Meia Praia","apartamento","3","2.0","3","8","13","4.460000038146973","false","false","false","200.0","0"
"798609957167332367","72","700","676,39","650","700","48700","Meia Praia","apartamento","2","2.0","4","6","5","5.0","false","false","false","250.0","0"
"863830918159371125","67","306","329,46","263","377","22074","Casa Branca","apartamento","3","1.0","5","6","44","4.730000019073486","true","true","false","60.0","0"
"1028988415727336651","70","570","561,98","490","605","39338,33","Meia Praia","apartamento","1","1.0","1","4","1","5.0","false","false","false","200.0","0"
"23343001","71","600","569,01","450","600","40400","Meia Praia","apartamento","3","3.0","3","8","80","4.889999866485596","false","false","true","250.0","0"
"30105402","91","900","771,15","500","900","70175","Meia Praia","apartamento","3","2.0","4","8","12","4.75","false","false","false","350.0","0"
"984846668146064982","53","946","993,58","946","975","52659,5","Ilhota","casa","4","5.0","4","10","4","5.0","false","false","false","300.0","0"
"46755580","58","300","300","300","300","17400","Casa Branca","casa","1","1.0","1","2","11","4.909999847412109","false","false","false","150.0","0"
"1219597802580113056","78","523","553,6","446","653","43181","Centro","apartamento","1","1.0","2","4","6","4.829999923706055","true","true","false","190.0","0"
"1053425333694349352","48","190","195,73","160","220","9395","Varzea","casa","1","1.0","1","4","22","5.0","false","false","true","150.0","0"
"21077682","57","670,3333","801,08","650","891","45661,5","Meia Praia","apartamento","4","3.0","8","10","31","4.96999979019165","false","false","true","300.0","0"
"45711835","13","900","888,46","900","900","11550","Meia Praia","apartamento","4","2.0","6","10","17","4.940000057220459","false","true","true","280.0","0"
"985716714802993034","48","500","541,35","500","599","25984,67","Morretes","apartamento","2","2.0","2","4","12","5.0","false","false","true","290.0","0"
"27201205","37","600","693,45","500","990","25657,67","Meia Praia","apartamento","3","2.0","6","10","56","4.880000114440918","false","false","false","390.0","0"
"790518755885066166","51","750","812,16","750","880","41420","Centro","apartamento","3","4.0","3","6","6","5.0","false","false","true","0.0","0"
"12359560","51","790","748,6","550","815,3333","38178,67","Meia Praia","apartamento","3","3.0","4","6","29","4.789999961853027","false","false","false","295.0","0"
"39059902","78","750","599,26","200","800","46742","Meia Praia","apartamento","3","2.0","6","8","14","4.860000133514404","false","true","false","200.0","0"
"1260073533686146608","76","382","431,41","372","419","32787,5","Centro","apartamento","1","1.0","1","2","12","4.75","true","true","true","150.0","0"
"45382246","38","850","648,54","310","850","24644,5","Centro","apartamento","5","4.0","7","12","32","4.630000114440918","false","false","false","250.0","0"
"52826190","38","300","321,69","300","310","12224,17","Morretes","casa","2","1.0","4","6","12","4.75","false","false","true","250.0","0"
"31397917","15","250","2173,33","250","250","32600","Meia Praia","apartamento","1","1.0","1","3","213","4.900000095367432","false","false","true","0.0","0"
"46072703","45","584","726,12","570","920","32675,5","Meia Praia","apartamento","3","3.0","5","8","14","5.0","false","false","false","300.0","0"
"32185033","41","1000","1202,44","950","1300","49300","Sertao do Trombudo","casa","4","4.0","8","15","28","4.929999828338623","false","false","true","500.0","0"
"703538637731385185","76","402","400,96","400","409,5","30472,67","Meia Praia","apartamento","2","1.0","3","6","22","4.820000171661377","","<NA>","true","0.0","0"
"766156195693050227","53","1897","1837,14","1679","1973","97368,5","Meia Praia","apartamento","5","5.0","5","16","16","4.940000057220459","true","false","true","550.0","0"
"48109229","73","480","546,05","410","680","39862","Meia Praia","apartamento","2","2.0","3","6","15","4.670000076293945","false","false","false","180.0","0"
"1019756845213291605","72","179","173,33","161","179","12479,5","Centro","outros","1","1.0","1","2","16","5.0","false","false","true","150.0","0"
"2951220","85","670","789,67","648","858,5","67121,75","Tabuleiro dos Oliveiras","apartamento","3","2.0","4","5","236","4.880000114440918","false","false","false","200.0","0"
"22383070","40","250","321,3","250","443,33334","12851,83","Meia Praia","apartamento","2","2.0","4","6","36","4.940000057220459","false","false","true","200.0","0"
"48080102","45","410","468,04","350","450","21062","Meia Praia","apartamento","3","2.0","6","8","17","4.940000057220459","false","true","false","250.0","0"
"45911573","35","969","979,83","750","1100","34294","Meia Praia","apartamento","3","3.0","3","8","11","4.820000171661377","false","false","true","350.0","0"
"40246675","44","315","328,7","229","350","14463","Meia Praia","apartamento","2","1.0","4","7","38","4.820000171661377","false","true","true","150.0","0"
"873255393900331818","79","535","673,23","533","625","53185","Meia Praia","apartamento","3","2.0","3","6","20","4.75","true","true","false","200.0","0"
"1187772975255244525","67","384","399,29","372","408","26752,5","Centro","apartamento","1","1.0","1","2","23","4.869999885559082","true","true","true","150.0","0"
"38319706","80","590","529,32","450","590","42345,33","Meia Praia","apartamento","3","2.0","6","7","40","5.0","false","false","true","350.0","0"
"41285546","91","800","593,79","300","850","54034,58","Meia Praia","apartamento","3","2.0","3","8","37","4.96999979019165","false","false","true","200.0","0"
"1025356251415331533","36","350","363,81","350","350","13097","Morretes","apartamento","2","2.0","5","5","27","5.0","false","false","true","250.0","0"
"628897724940732017","25","975","969","975","975","24225","Meia Praia","apartamento","4","3.0","4","10","21","4.949999809265137","false","false","true","250.0","0"
"47326216","87","1100","1118,39","1100","1100","97300","Meia Praia","apartamento","3","2.0","3","8","8","5.0","false","false","true","280.0","0"
"17013106","59","1500","1770,34","1500","2000","104450","Morretes","apartamento","4","4.0","6","8","29","4.659999847412109","false","false","false","350.0","0"
"43379132","26","340","413,08","340","390","10740","Meia Praia","apartamento","2","2.0","3","5","48","4.980000019073486","false","true","true","250.0","0"
"29761442","11","650","531,82","380","650","5850","Meia Praia","apartamento","3","2.0","3","7","28","4.960000038146973","false","false","true","200.0","0"
"721635424816164605","59","755,3333","754,44","740","765","44512","Meia Praia","apartamento","3","4.0","3","8","14","5.0","false","false","true","310.0","0"
"52172003","42","317","317","317","317","13314","Centro","apartamento","2","2.0","4","6","25","5.0","false","true","true","610.0","0"
"45531969","53","650","658,54","650","650","34902,8","Meia Praia","apartamento","3","2.0","6","8","31","5.0","false","false","true","300.0","0"
"735732850757918650","35","927,6667","1293,07","750","2235,3333","45257,33","Meia Praia","apartamento","3","2.0","3","6","15","4.730000019073486","true","true","false","200.0","0"
"48243472","60","1199","1211,79","1079","1259","72707,27","Centro","apartamento","3","3.0","5","8","49","5.0","false","true","true","550.0","0"
"31278015","56","430","504,29","430","430","28240","Meia Praia","apartamento","3","2.0","6","8","14","4.429999828338623","false","false","false","250.0","0"
"40039627","84","327","338,44","239","386,5","28429","Centro","apartamento","1","1.0","2","3","504","4.840000152587891","true","true","false","35.0","0"
"51403736","55","160","165,89","160","160","9124","Meia Praia","outros","1","1.0","1","2","26","5.0","false","false","true","100.0","0"
"915332897455058900","68","928","1075","889","1255","73100,25","Meia Praia","apartamento","3","3.0","3","6","32","4.71999979019165","true","true","false","472.0","0"
"1197121947398131654","73","396","408,08","372","440","29790","Centro","apartamento","1","1.0","1","2","21","4.670000076293945","true","true","false","170.0","0"
"1269623861253689862","65","372","407,01","372","419","26455,83","Centro","apartamento","1","1.0","1","3","3","5.0","true","true","false","190.0","0"
"1131810056799937593","81","664","752,01","580","753","60912,75","Tabuleiro dos Oliveiras","apartamento","3","2.0","4","6","5","5.0","true","true","true","456.0","0"
"38616586","38","367","371,55","355,66666","373","14118,83","Meia Praia","apartamento","3","2.0","3","8","7","5.0","false","false","false","300.0","0"
"1053522951026570547","86","600","655,24","499","750","56350,5","Canto da Praia","apartamento","2","2.0","3","6","12","4.829999923706055","false","false","false","250.0","0"
"21743476","56","650","692,08","650","706,5","38756,65","Meia Praia","apartamento","3","3.0","3","7","18","4.78000020980835","false","false","false","250.0","0"
"21091876","91","700","773,99","700","900","70433","Meia Praia","apartamento","3","2.0","3","6","11","4.909999847412109","false","false","false","350.0","0"
"791313913845076166","50","850","850","850","850","42500","Meia Praia","apartamento","4","2.0","6","8","6","5.0","false","false","true","300.0","0"
"16662563","62","1728","1728","1728","1728","107136","Meia Praia","apartamento","4","3.0","7","11","56","4.880000114440918","true","false","false","350.0","0"
"1033202997223117530","29","1800","1938,89","1790","1958,5","56227,83","Meia Praia","apartamento","4","3.0","7","12","17","5.0","false","true","true","450.0","0"
"728531681504670920","37","133,5","151,87","120","173,33333","5619,17","Tabuleiro dos Oliveiras","apartamento","2","2.0","6","10","55","4.840000152587891","false","false","true","250.0","0"
"53825192","50","633","847,74","633","998,6","42386,95","Meia Praia","apartamento","3","3.0","4","7","65","4.889999866485596","true","false","true","200.0","0"
"1213824251801309412","72","941","1074,14","889","1199","77338","Meia Praia","apartamento","3","3.0","4","6","6","4.5","true","true","false","456.0","0"
"1320995339425720277","87","627","660,32","594","732","57447,83","Centro","apartamento","2","1.0","3","4","1","5.0","true","true","false","200.0","0"
"795495744056169046","66","800","897,35","800","1000","59225","Meia Praia","apartamento","3","2.0","5","8","39","4.949999809265137","false","false","true","450.0","0"
"31441134","103","1500","1525,81","1500","1500","157158","Meia Praia","apartamento","4","4.0","4","11","9","5.0","false","false","false","450.0","0"
"37118794","62","1000","1000","1000","1000","62000","Meia Praia","apartamento","3","2.0","4","6","6","5.0","false","false","false","350.0","0"
"38957661","55","400","559,27","400","830","30760","Meia Praia","apartamento","3","3.0","3","8","23","4.829999923706055","false","false","true","350.0","0"
"53325047","50","450","488,04","450","600","24402","Meia Praia","apartamento","2","2.0","2","6","20","4.900000095367432","false","true","true","250.0","0"
"30153564","55","399","399,07","359","440,5","21949,08","Meia Praia","apartamento","2","0.0","3","6","39","4.900000095367432","false","false","true","300.0","0"
"3263701","26","1650","1488,46","1650","1650","38700","Meia Praia","apartamento","4","4.0","4","12","42","4.900000095367432","false","false","false","250.0","0"
"605748852048435444","61","400","408,06","320","435","24891,58","Meia Praia","apartamento","3","2.0","3","6","33","5.0","false","false","true","250.0","0"
"40391575","7","10000","10000","10000","10000","70000","Morretes","apartamento","2","2.0","2","4","46","4.78000020980835","false","true","false","190.0","0"
"645092818132652927","29","320","359,14","290","470","10415","Meia Praia","apartamento","2","1.0","2","6","38","4.949999809265137","false","false","true","150.0","0"
"51990592","60","960","954,88","650","1220","57292,9","Meia Praia","apartamento","3","2.0","7","12","44","4.929999828338623","true","false","true","250.0","0"
"26895628","40","850","877,18","650","1067","35087","Meia Praia","apartamento","4","3.0","5","12","99","4.800000190734863","false","false","false","300.0","0"
"1195858349379362032","65","850","819,31","590","1150","53255","Centro","apartamento","3","3.0","3","8","17","4.710000038146973","false","false","false","330.0","0"
"809946874989632205","75","370","380,01","370","370","28500,5","Sertao do Trombudo","casa","1","1.0","1","2","24","5.0","false","true","true","150.0","0"
"51405106","74","800","863,72","750","1000","63915,5","Meia Praia","apartamento","3","3.0","5","8","32","4.880000114440918","false","false","false","280.0","0"
"1249919049392818339","91","545","577,66","471","627","52567,5","Meia Praia","apartamento","1","1.0","1","2","9","5.0","true","true","true","250.0","0"
"639216644351145145","16","900","962,5","900","1150","15400","Meia Praia","apartamento","5","5.0","6","14","29","4.96999979019165","false","true","true","450.0","0"
"718922870189236806","29","2100","2182,76","1600","2900","63300","Meia Praia","apartamento","5","4.0","5","16","13","5.0","false","false","true","500.0","0"
"792184367926408145","57","396","386,26","325,66666","418","22017","Meia Praia","apartamento","2","2.0","3","6","23","5.0","false","true","true","230.0","0"
"610155932497817911","65","518","518","518","518","33670","Canto da Praia","apartamento","2","1.0","3","5","85","4.880000114440918","true","false","true","200.0","0"
"40351988","52","333","347,54","270","450","18072","Meia Praia","apartamento","3","2.0","4","7","35","4.909999847412109","false","false","true","200.0","0"
"894985131313802009","68","575","653,1","523","751","44410,5","Meia Praia","apartamento","3","2.0","3","8","6","4.329999923706055","true","true","false","484.0","0"
"46048941","34","400","371,82","400","450","12642","Meia Praia","apartamento","2","2.0","4","6","58","4.909999847412109","false","false","false","250.0","0"
"46550767","47","800","757,45","700","800","35600","Meia Praia","apartamento","3","2.0","5","8","42","4.809999942779541","false","false","true","200.0","0"
"832123000813215722","87","490","505,29","490","530","43960","Meia Praia","apartamento","0","1.0","1","4","13","4.849999904632568","false","false","false","120.0","0"
"1257312272803306995","82","545","544,35","471","594","44636,75","Meia Praia","apartamento","2","2.0","2","4","8","4.75","true","true","false","369.0","0"
"31945494","70","630","548,83","280","800","38418,17","Meia Praia","apartamento","3","2.0","4","8","32","4.78000020980835","false","true","false","100.0","0"
"1209010210831577821","77","1000","1082,66","1000","1000","83365","Centro","apartamento","3","3.0","4","8","0","0.0","false","false","false","350.0","0"
"46690986","91","1299","1315,26","1000","1599","119689","Meia Praia","apartamento","3","2.0","3","8","9","5.0","false","false","false","250.0","0"
"45822839","78","390","452,95","390","520","35330","Meia Praia","apartamento","2","1.0","3","5","8","5.0","false","true","false","150.0","0"
"53936201","43","822","832,67","745,75","872,5","35805","Meia Praia","apartamento","3","2.0","3","6","34","4.760000228881836","true","true","false","417.0","0"
"51785337","56","313,33334","313,07","286,5","333","17532","Morretes","apartamento","2","2.0","4","6","9","5.0","false","false","true","200.0","0"
"986565062867231257","89","230","239,27","230","230","21295","Meia Praia","outros","1","1.0","2","2","23","4.78000020980835","false","true","false","20.0","0"
"53280496","35","380","382,09","380","380","13373,17","Centro","apartamento","3","2.0","5","7","12","5.0","false","false","true","260.0","0"
"1191386301072209798","73","509","551,51","462","627","40260,5","Centro","apartamento","1","1.0","2","4","22","4.860000133514404","true","true","true","190.0","0"
"17570590","68","1574","1580,76","1574","1784","107491,5","Meia Praia","apartamento","4","3.0","6","10","45","4.820000171661377","true","false","true","420.0","0"
"800942299109284552","55","300","316,45","300","375","17404,5","Morretes","apartamento","2","2.0","5","5","22","4.860000133514404","false","false","true","100.0","0"
"42335961","85","500","573,52","450","830","48749","Meia Praia","apartamento","3","2.0","5","8","17","4.940000057220459","false","false","true","250.0","0"
"16644316","67","770","818,24","700","880","54822","Meia Praia","apartamento","3","2.0","3","8","12","5.0","false","false","false","300.0","0"
"821920276390293366","48","650","673,79","400","900","32342","Meia Praia","apartamento","3","4.0","5","8","19","5.0","false","false","true","250.0","0"
"797261187302809924","75","500","547,81","500","600","41085,5","Centro","apartamento","2","2.0","2","5","15","5.0","false","false","true","250.0","0"
"44192417","39","310","339,77","250","400","13251","Meia Praia","apartamento","2","2.0","4","7","6","5.0","false","true","true","250.0","0"
"21734892","68","800","767,06","700","850","52160","Centro","apartamento","3","2.0","6","8","37","4.920000076293945","false","false","true","250.0","0"
"36632832","74","450","554,61","350","750","41041,5","Meia Praia","apartamento","3","2.0","5","8","41","4.849999904632568","false","false","true","250.0","0"
"754141022905987471","80","600","639,07","600","700","51125,33","Meia Praia","apartamento","3","2.0","4","8","15","4.929999828338623","false","false","true","250.0","0"
"21324331","34","695","785,41","667","986","26704","Meia Praia","apartamento","2","1.0","4","6","195","4.900000095367432","false","true","true","100.0","0"
"1208757710030861160","87","372","390,01","349,5","408","33931,17","Centro","apartamento","1","1.0","1","2","4","5.0","true","true","false","150.0","0"
"41193865","74","400","414,36","400","405","30662,5","Meia Praia","apartamento","3","2.0","4","7","46","4.71999979019165","false","false","false","250.0","0"
"40400432","64","500","586,53","500","658","37538","Ilhota","apartamento","3","2.0","5","8","34","4.820000171661377","false","false","false","250.0","0"
"52266549","77","600","609,09","550","700","46900","Morretes","apartamento","3","2.0","7","8","14","4.789999961853027","false","false","false","300.0","0"
"21280090","64","850","822,78","765","850","52657,75","Meia Praia","apartamento","3","2.0","5","8","36","5.0","false","false","true","150.0","0"
"841394344184198064","31","600","661","600","800","20491","Centro","apartamento","3","4.0","3","8","39","4.900000095367432","false","false","true","290.0","0"
"1318315111310867765","81","700","752,75","700","733,5","60972,83","Morretes","apartamento","2","2.0","2","4","2","5.0","false","true","false","300.0","0"
"1054265461023254222","67","500","516,63","500","700","34614","Meia Praia","apartamento","1","1.0","2","4","5","5.0","false","true","true","200.0","0"
"18506998","20","350","366,05","350","350","7321","Centro","apartamento","2","2.0","3","4","29","5.0","false","false","true","180.0","0"
"807400945391416643","41","450","635,8","450","858","26068","Centro","apartamento","4","3.0","6","12","39","4.900000095367432","false","false","true","250.0","0"
"942057172413556286","39","100","100","100","100","3900","Meia Praia","outros","1","1.0","1","1","14","5.0","false","false","true","0.0","0"
"771134836709283777","15","300","357,8","250","500","5367","Meia Praia","apartamento","3","2.0","3","8","10","4.199999809265137","false","true","false","250.0","0"
"41634696","84","500","502,67","500","500","42224","Sertaozinho","casa","3","2.0","3","8","22","4.590000152587891","false","false","false","0.0","0"
"35826155","20","590","590","590","590","11800","Meia Praia","apartamento","2","2.0","3","6","32","4.909999847412109","false","false","false","250.0","0"
"50243281","35","467","513,6","467","467","17976","Meia Praia","apartamento","3","3.0","3","6","10","5.0","false","false","true","350.0","0"
"1313064371372817918","98","880","913,67","880","880","89540","Centro","apartamento","1","1.0","2","4","2","5.0","true","true","false","190.0","0"
"22335276","67","800","713,11","600","800","47778,67","Canto da Praia","casa","3","3.0","3","8","21","4.949999809265137","false","false","true","0.0","0"
"29114516","36","400","354,38","300","400","12757,5","Meia Praia","apartamento","3","2.0","4","5","33","4.909999847412109","false","false","true","200.0","0"
"753566944813003124","96","560","577,69","550","579","55458,4","Centro","apartamento","1","2.0","2","3","15","4.929999828338623","false","true","true","200.0","0"
"732572931172602640","63","280","291,43","280","325","18360","Alto Sao Bento","apartamento","1","2.0","1","4","14","4.860000133514404","false","false","false","0.0","0"
"801611117719633492","67","400","470,21","350","550","31504","Meia Praia","apartamento","2","2.0","2","6","9","5.0","false","false","true","250.0","0"
"985445004274818605","59","150","165,11","150","200","9741,5","Centro","outros","1","1.0","1","2","19","5.0","false","true","true","0.0","0"
"850931966820064700","59","720","786,37","717,6667","800","46396","Meia Praia","apartamento","3","3.0","4","7","18","5.0","false","false","true","300.0","0"
"1004496327455456339","81","380","382,94","313","400","31018,5","Morretes","apartamento","2","2.0","3","6","16","5.0","false","false","true","300.0","0"
"37487828","49","380","445,71","350","500","21840","Meia Praia","apartamento","3","2.0","6","8","96","4.980000019073486","false","false","true","250.0","0"
"47783121","52","405","423,54","350","450","22023,92","Centro","apartamento","2","2.0","4","6","9","4.889999866485596","false","false","true","250.0","0"
"1053851019443958006","90","499","503,9","430","500","45351","Centro","apartamento","2","2.0","3","5","15","4.869999885559082","false","false","true","300.0","0"
"1266717192483343855","62","550","600","550","650","37200","Meia Praia","apartamento","2","2.0","4","6","2","5.0","false","false","false","250.0","0"
"32234626","38","380","402,37","380","437","15290","Meia Praia","casa","3","2.0","2","6","44","4.929999828338623","true","false","true","283.0","0"
"1249371220066552412","69","492","538,96","446","660","37188","Centro","apartamento","1","1.0","2","4","12","4.920000076293945","true","true","true","180.0","0"
"15732070","63","753,3333","767,25","750","790","48336,83","Meia Praia","apartamento","3","3.0","4","6","40","4.949999809265137","false","false","false","240.0","0"
"26708551","72","441","548,7","404","656","39506,08","Centro","apartamento","3","2.0","7","10","361","4.829999923706055","true","true","false","60.0","0"
"27910707","81","1680","1557,27","1500","1699","126139,2","Centro","apartamento","3","3.0","3","6","10","4.699999809265137","false","true","false","200.0","0"
"1030981527494824971","27","250","306,61","250","400","8278,5","Morretes","apartamento","2","2.0","2","5","21","5.0","false","false","true","150.0","0"
"47909482","67","1000","898,53","600","1100","60201,43","Meia Praia","apartamento","3","3.0","6","12","26","5.0","false","true","true","350.0","0"
"780872235421635957","44","499","515,24","499","499","22670,5","Meia Praia","apartamento","2","2.0","3","7","7","5.0","false","false","true","180.0","0"
"40794806","52","709","700,01","709","709","36400,5","none","casa","1","1.0","1","2","41","5.0","true","true","true","0.0","0"
"1199996219082185363","65","200","224,11","200","250","14567","Morretes","apartamento","2","1.0","2","5","12","4.670000076293945","","<NA>","false","0.0","0"
"1153493820067017135","57","403,25","413,63","363,5","447,66666","23576,92","Centro","apartamento","2","2.0","3","4","4","5.0","true","true","false","357.0","0"
"769009482417170004","75","480","570,56","480","600","42792","Morretes","apartamento","1","1.0","4","4","17","4.940000057220459","false","false","true","250.0","0"
"1066545050089987954","81","400","465,93","400","500","37740","Meia Praia","apartamento","2","1.0","3","6","5","5.0","false","true","true","200.0","0"
"1977915","67","850","877,04","700","1000","58761,5","Meia Praia","apartamento","3","2.0","3","6","42","4.880000114440918","false","false","true","240.0","0"
"1181944920258781413","87","372","395,63","363","419","34419,67","Centro","apartamento","1","1.0","1","2","17","4.710000038146973","true","true","false","150.0","0"
"1193347652334673191","66","825","867,2","633","1025","57235","Meia Praia","apartamento","3","3.0","3","6","12","5.0","true","false","true","200.0","0"
"1083196219974177016","57","315","333,75","315","350","19024","Casa Branca","apartamento","2","1.0","3","4","1","5.0","false","false","false","200.0","0"
"31682871","41","290","320,76","290","300","13151,17","Centro","apartamento","2","2.0","3","5","59","4.679999828338623","false","false","false","180.0","0"
"31069380","21","749","774,62","661,75","899","16267","Meia Praia","apartamento","3","3.0","3","6","58","4.840000152587891","false","false","true","350.0","0"
"41762297","96","1651,25","1663,77","1575","1750","159721,5","Sertaozinho","casa","6","3.0","12","16","1","5.0","false","false","false","600.0","0"
"1272260793182499350","45","582","569,53","582","582","25628,63","Morretes","apartamento","2","0.0","2","5","2","5.0","false","false","false","250.0","0"
"25918412","64","390","429,68","390","490","27499,83","Meia Praia","apartamento","2","2.0","5","5","37","4.889999866485596","false","false","true","147.0","0"
"53008127","56","300","340,18","300","450","19050","Meia Praia","apartamento","3","2.0","5","9","34","4.849999904632568","false","false","true","250.0","0"
"1249385754807434824","78","600","562,07","446","660","43841,5","Centro","apartamento","1","1.0","2","4","7","4.570000171661377","true","true","false","190.0","0"
"742262889162653132","56","180","177,02","170","180","9913","Sertaozinho","casa","1","1.0","2","2","14","4.710000038146973","false","true","false","100.0","0"
"1320994692912931266","99","1430","1337,8","1430","1430","132442","Centro","apartamento","2","1.0","3","5","0","0.0","true","true","false","220.0","0"
"22810332","65","480","480","480","480","31200","Meia Praia","apartamento","1","1.0","1","2","31","4.769999980926514","false","false","true","0.0","0"
"46222390","73","500","483,33","500","500","35283","Meia Praia","apartamento","2","1.0","4","6","6","4.829999923706055","false","false","false","250.0","0"
"51861410","18","700","700","700","700","12600","Varzea","casa","3","2.0","4","7","26","4.960000038146973","false","true","true","350.0","0"
"580407424598756855","23","365","443,83","290","645","10208,17","Meia Praia","apartamento","3","2.0","3","10","11","5.0","false","false","true","270.0","0"
"767407262472265686","73","700","747,6","700","800","54575","Meia Praia","apartamento","3","2.0","3","8","16","5.0","false","false","true","300.0","0"
"28071688","41","550","659,37","550","603","27034,33","Meia Praia","apartamento","3","3.0","4","8","22","4.769999980926514","false","false","false","250.0","0"
"16586622","80","600","607,46","500","810","48596,67","Meia Praia","apartamento","3","2.0","3","6","30","4.829999923706055","false","true","false","0.0","0"
"734843676958831992","32","350","453,12","350","600","14500","Meia Praia","apartamento","2","2.0","2","6","64","4.769999980926514","false","true","true","200.0","0"
"47269826","12","603","603","603","603","7236","Meia Praia","apartamento","3","3.0","3","7","28","5.0","false","false","true","400.0","0"
"22514231","36","300","400","300","600","14400","Centro","apartamento","2","2.0","2","6","34","4.820000171661377","false","true","false","250.0","0"
"8287843","78","700","616,99","310","800","48125","Meia Praia","apartamento","2","2.0","2","6","42","4.880000114440918","false","true","true","270.0","0"
"1233370107101543516","60","385","415,95","372","430","24957","Centro","apartamento","1","1.0","2","3","10","5.0","true","true","true","160.0","0"
"21103807","71","1450","1081,69","600","1450","76800","Meia Praia","apartamento","5","4.0","8","10","38","4.96999979019165","false","true","true","350.0","0"
"991407580891691701","67","572","649,54","523","743","43519","Meia Praia","apartamento","3","2.0","3","6","11","4.550000190734863","true","true","false","439.0","0"
"32443120","13","529","512,4","507","529","6661,17","Meia Praia","apartamento","2","2.0","2","5","12","4.920000076293945","false","true","true","250.0","0"
"1053625763515857065","72","450","494,8","349,33334","616,6667","35625,58","Meia Praia","apartamento","2","2.0","0","5","11","4.820000171661377","false","false","true","250.0","0"
"840525492567265584","44","1000","1231,07","1000","1500","54167","Centro","casa","4","3.0","7","11","24","4.960000038146973","false","true","true","200.0","0"
"753461577197808016","73","980","883,23","650","980","64475,5","Meia Praia","apartamento","3","2.0","4","6","16","5.0","false","false","true","300.0","0"
"784598714032826222","71","1200","1184,97","1200","1200","84133","Meia Praia","apartamento","4","4.0","4","12","15","4.869999885559082","false","false","true","300.0","0"
"910707550951342167","2","2000","2000","2000","2000","4000","Meia Praia","apartamento","4","4.0","4","8","12","5.0","false","true","true","0.0","0"
"1005860682746801029","75","385","403,52","385","403","30264","Morretes","apartamento","2","2.0","2","6","10","4.900000095367432","false","false","true","200.0","0"
"44369632","12","705","707,5","705","715","8490","Meia Praia","apartamento","3","2.0","3","8","44","4.889999866485596","false","true","true","190.0","0"
"963040775940890055","81","644","653,76","545","693,5","52954,75","Tabuleiro dos Oliveiras","apartamento","2","2.0","2","5","37","4.920000076293945","true","true","true","400.0","0"
"53893648","56","550","627,98","550","700","35167","Meia Praia","apartamento","2","2.0","4","6","18","5.0","false","false","true","250.0","0"
"834645644371228115","38","300","300","300","300","11400","Centro","outros","1","1.0","1","2","14","4.929999828338623","false","false","true","70.0","0"
"23023313","68","550","528,68","350","650","35950","Morretes","apartamento","2","1.0","2","6","11","4.820000171661377","false","false","true","300.0","0"
"26197944","75","450","456,67","400","500","34250","Meia Praia","apartamento","2","2.0","2","6","38","4.789999961853027","false","false","false","210.0","0"
"31284638","40","990","868,25","700","990","34730","Centro","apartamento","3","0.0","3","8","21","5.0","true","false","true","300.0","0"
"28366360","67","800","778,78","500","1000","52178,5","Meia Praia","apartamento","3","4.0","3","8","43","4.880000114440918","false","false","true","350.0","0"
"719355891470345652","78","500","538,87","416,5","650","42031,5","Meia Praia","apartamento","2","2.0","4","6","9","5.0","false","false","true","300.0","0"
"1184152596221501552","81","509","543,57","446","627","44029,5","Centro","apartamento","1","1.0","2","4","11","4.820000171661377","true","true","false","190.0","0"
"46372862","74","518","425,29","293","518","31471,65","Meia Praia","apartamento","2","1.0","5","8","10","4.900000095367432","false","false","true","250.0","0"
"910815231577364751","65","400","519,43","300","750","33763","Meia Praia","apartamento","1","1.0","2","5","38","4.96999979019165","false","false","true","150.0","0"
"20555680","19","200","200","200","200","3800","Centro","apartamento","1","1.0","1","4","12","4.829999923706055","false","false","false","150.0","0"
"1045077329214831775","31","800","800","800","800","24800","Morretes","casa","2","2.0","2","8","1","5.0","false","true","false","160.0","0"
"52536443","26","340","379,23","340","430","9860","Centro","apartamento","2","2.0","4","5","13","5.0","false","false","true","260.0","0"
"1304433283397417052","66","941","1075,22","889","1237,5","70964,5","Morretes","apartamento","2","2.0","2","6","2","5.0","true","true","false","270.0","0"
"1193496259129259761","86","658","695,79","594","792","59838","Centro","apartamento","2","2.0","3","6","13","4.769999980926514","true","true","false","240.0","0"
"1163772289534164479","68","1700","1815,8","1700","1740,5","123474,5","Tabuleiro dos Oliveiras","casa","4","3.0","6","12","0","0.0","false","false","false","350.0","0"
"37347085","90","492","494,47","492","492","44502","Meia Praia","apartamento","3","2.0","5","6","41","4.710000038146973","false","true","false","250.0","0"
"1008029204257210230","68","300","302,34","277,5","315","20558,88","Morretes","casa","2","1.0","2","4","4","5.0","false","false","false","150.0","0"
"675242237586865339","77","464","471,5","360","465","36305,83","Morretes","apartamento","2","2.0","3","6","6","5.0","false","false","false","250.0","0"
"23068512","19","700","636,95","551","700","12102","Meia Praia","apartamento","2","2.0","4","6","19","4.369999885559082","false","false","false","250.0","0"
"1036955655225647222","70","500","463,07","400","500","32415","Centro","apartamento","2","2.0","2","6","12","4.829999923706055","false","false","true","260.0","0"
"802357806571870530","55","680","654,94","612","680","36021,5","Meia Praia","apartamento","3","3.0","3","6","23","4.909999847412109","false","false","false","150.0","0"
"30332330","56","347","345,7","229","380","19359,25","Centro","apartamento","2","1.0","4","6","57","4.670000076293945","false","false","false","150.0","0"
"802047490248101970","42","250","253,14","250","255","10632","Meia Praia","apartamento","2","2.0","3","6","22","5.0","false","false","true","300.0","0"
"53337464","89","550","586,38","550","550","52188","Meia Praia","apartamento","2","2.0","3","6","14","5.0","false","false","true","250.0","0"
"30756202","76","550","564,84","550","550","42927,67","Meia Praia","apartamento","2","2.0","3","6","17","4.760000228881836","false","false","false","350.0","0"
"52059007","105","1000","1003,48","1000","1000","105365,16","Centro","apartamento","2","2.0","2","6","1","5.0","false","false","false","50.0","0"
"40449599","72","537","578,16","515","661","41627,17","Meia Praia","apartamento","3","3.0","4","8","34","4.849999904632568","false","true","true","300.0","0"
"32371924","33","518","557,64","518","590","18402","Centro","apartamento","3","2.0","5","8","30","4.929999828338623","false","true","true","250.0","0"
"1282585098065467787","65","385","402,43","372","419","26157,67","Centro","apartamento","1","1.0","1","2","7","5.0","true","true","true","150.0","0"
"32766950","48","300","320,83","300","300","15400","Centro","apartamento","2","2.0","4","6","11","4.820000171661377","false","false","false","250.0","0"
"22243318","52","580","541,54","480","580","28160","Meia Praia","apartamento","2","1.0","2","6","32","4.840000152587891","false","false","false","250.0","0"
"11567423","67","790","829,7","697","1020","55590","Centro","apartamento","3","2.0","4","6","24","4.880000114440918","false","true","false","400.0","0"
"41473656","23","700","714,15","700","787,8","16425,52","Meia Praia","apartamento","4","3.0","7","10","43","4.880000114440918","false","true","true","270.0","0"
"28410850","76","499","527,54","494","568","40093,33","Centro","apartamento","1","1.0","1","2","62","4.849999904632568","false","true","false","0.0","0"
"986407426689940399","43","290","283,95","250","290","12210","Meia Praia","apartamento","2","2.0","3","5","25","4.840000152587891","true","false","true","300.0","0"
"980310639590708922","91","594","617,6","484","660","56201,5","Meia Praia","apartamento","2","2.0","2","4","21","4.860000133514404","true","true","true","400.0","0"
"39394196","23","350","353,8","350","350","8137,5","Meia Praia","apartamento","3","2.0","3","8","16","4.809999942779541","false","false","true","300.0","0"
"1284110666632259028","77","509","549,83","446","653","42337","Centro","apartamento","1","1.0","2","4","0","0.0","true","true","false","190.0","0"
"950059146531590785","17","397","469,06","397","537","7974","Tabuleiro dos Oliveiras","apartamento","2","2.0","3","5","8","4.880000114440918","false","false","false","100.0","0"
"45923984","28","315,25","371,62","300","500","10405,5","Canto da Praia","apartamento","3","3.0","3","8","35","4.940000057220459","false","false","true","150.0","0"
"1049417084065072931","12","680","657,67","625","680","7892","Morretes","apartamento","2","2.0","2","4","24","4.920000076293945","true","true","true","226.0","0"
"28160414","61","498","598,2","498","700","36490","Centro","apartamento","3","2.0","3","6","7","5.0","false","false","false","200.0","0"
"53143021","49","600","639,65","510","720","31343","Meia Praia","apartamento","2","3.0","4","6","14","4.710000038146973","false","true","false","250.0","0"
"40023421","99","500","492,46","399","550","48754","Morretes","apartamento","2","2.0","3","6","11","4.730000019073486","false","false","false","280.0","0"
"1014245162199655907","43","600","560,47","500","600","24100","Meia Praia","apartamento","2","2.0","2","6","8","5.0","false","false","true","0.0","0"
"613221032690703355","48","711","717,96","550","801","34462,17","Meia Praia","apartamento","3","3.0","6","8","23","4.909999847412109","false","false","true","300.0","0"
"48941838","46","370","399,13","330","370","18360","Centro","apartamento","2","2.0","3","6","25","4.480000019073486","false","false","false","180.0","0"
"35481220","84","650","672,86","504,2857","700","56520,1","Meia Praia","apartamento","3","3.0","3","6","17","4.940000057220459","false","false","true","300.0","0"
"53815397","72","180","246,11","180","350","17720","Alto Sao Bento","apartamento","1","1.0","1","2","86","4.929999828338623","false","true","true","0.0","0"
"26570136","82","700","691,2","500","825","56678,12","Meia Praia","apartamento","3","2.0","3","8","22","4.860000133514404","false","false","false","370.0","0"
"42788291","54","700","632,59","450","700","34160","Meia Praia","apartamento","3","2.0","4","7","43","4.880000114440918","false","true","true","200.0","0"
"1002341236260011015","54","350","351,85","350","350","19000","Morretes","apartamento","2","2.0","2","4","11","4.909999847412109","false","false","true","200.0","0"
"43499385","69","585","595,59","540","650","41096","Ilhota","apartamento","2","3.0","4","5","67","4.96999979019165","false","false","true","200.0","0"
"27718978","24","500","523,33","500","560","12560","Meia Praia","apartamento","4","4.0","4","9","11","4.820000171661377","false","false","false","450.0","0"
"53365226","54","405","347,87","250","405","18785","Meia Praia","apartamento","2","2.0","0","5","20","4.650000095367432","false","false","false","200.0","0"
"23299596","36","553","612,44","482","723","22048","Meia Praia","apartamento","2","1.0","2","6","214","4.920000076293945","false","true","true","100.0","0"
"1229942592150628971","25","220","342,34","195","265","8558,5","Meia Praia","apartamento","2","1.0","2","6","13","4.920000076293945","false","false","true","250.0","0"
"1248514191377483703","87","450","494,59","388,5","550","43029,5","Centro","apartamento","2","1.0","5","6","6","5.0","true","true","true","351.0","0"
"1297930815921503919","76","842","901,87","798","941","68542,25","Meia Praia","apartamento","3","2.0","4","6","3","5.0","true","true","false","339.0","0"
"34218930","58","570","726,24","560","920","42121,69","Meia Praia","apartamento","3","3.0","5","8","20","4.900000095367432","false","false","false","300.0","0"
"1067320906990424780","61","523","602,75","495","649","36767,5","Centro","apartamento","3","2.0","4","6","8","4.630000114440918","true","true","false","489.0","0"
"41532894","61","791,5","761,95","768,4","820","46478,93","Meia Praia","apartamento","3","2.0","5","10","119","4.820000171661377","false","false","true","300.0","0"
"968213956640500474","82","473","468,11","398","535,5","38385,17","Morretes","apartamento","2","2.0","3","6","37","5.0","false","false","true","300.0","0"
"822365439954007216","80","800","749,39","520","800","59951","Meia Praia","apartamento","3","3.0","3","8","15","4.869999885559082","false","true","true","350.0","0"
"844864653127085626","76","1090","1017,7","841","1090","77345,33","Meia Praia","apartamento","3","3.0","6","8","15","5.0","false","false","true","370.0","0"
"772261416620745030","82","825","837,02","825","843,25","68636","Meia Praia","apartamento","3","3.0","3","6","10","5.0","false","false","true","300.0","0"
"38514587","92","867,3333","857,9","830","879,25","78926,42","Meia Praia","apartamento","4","3.0","4","7","9","5.0","false","false","false","300.0","0"
"673826204715344716","53","1058","952,62","736","1080","50488,7","Meia Praia","apartamento","3","4.0","3","8","7","5.0","false","false","false","300.0","0"
"42625075","61","1000","1067,6","1000","1200","65123,75","Meia Praia","apartamento","3","2.0","5","8","31","4.769999980926514","false","false","false","200.0","0"
"694313018923554703","29","1040","1114,49","650","1755","32320,17","Meia Praia","apartamento","3","2.0","3","7","5","5.0","true","true","true","380.0","0"
"1238321506456103932","76","715","731,28","660","825","55577,5","Centro","apartamento","2","2.0","3","6","9","4.670000076293945","true","true","false","240.0","0"
"45621607","71","350","331,24","210","378,66666","23517,92","Meia Praia","apartamento","2","1.0","4","4","9","5.0","false","false","false","180.0","0"
"1153552657765472365","35","337,75","390,99","327,25","471","13684,58","Centro","apartamento","2","2.0","3","4","5","5.0","true","true","true","324.0","0"
"803403468437987911","73","371","377,25","371","381","27539","Morretes","casa","1","1.0","0","2","21","5.0","false","false","true","44.0","0"
"42588365","43","390","414,56","390","480","17826,17","Meia Praia","apartamento","3","2.0","6","6","130","4.920000076293945","false","false","true","250.0","0"
"54287612","63","399","491,79","399","629,6667","30982,67","Centro","apartamento","2","2.0","4","6","10","4.900000095367432","false","true","true","610.0","0"
"31167122","85","10000","10000","10000","10000","850000","Meia Praia","apartamento","2","2.0","4","6","13","4.769999980926514","false","true","false","180.0","0"
"41227471","81","610","657,9","610","840","53290","Meia Praia","apartamento","3","2.0","4","7","34","5.0","false","false","true","300.0","0"
"26898492","38","350","373,68","350","350","14200","Ilhota","casa","2","2.0","4","10","20","4.699999809265137","false","false","false","200.0","0"
"946609581890906389","37","395,33334","412,44","389","450","15260,33","Meia Praia","apartamento","3","2.0","3","7","33","4.909999847412109","false","false","true","270.0","0"
"739015384619300207","58","1604","1608,69","1604","1620","93304","Meia Praia","apartamento","4","5.0","5","12","45","4.869999885559082","true","false","true","300.0","0"
"693024169316156606","44","562","591,26","495","716","26015,33","Meia Praia","apartamento","2","2.0","2","6","29","4.71999979019165","false","false","false","200.0","0"
"787606557854537606","65","584,6667","626,11","536","711","40696,83","Meia Praia","apartamento","2","2.0","2","6","11","4.639999866485596","false","true","false","200.0","0"
"41686810","59","100","95,42","90","100","5630","Meia Praia","outros","2","2.0","2","2","24","4.710000038146973","false","false","false","100.0","0"
"40899047","37","290","297,49","290","290","11007","Meia Praia","apartamento","2","2.0","5","6","57","4.960000038146973","false","false","true","230.0","0"
"912678193847993947","77","300","300,64","300","300","23149","Meia Praia","outros","1","1.0","1","2","30","4.800000190734863","false","true","true","0.0","0"
"1216602433904805187","85","600","567,11","446","660","48204,08","Centro","apartamento","1","1.0","2","4","10","4.599999904632568","true","true","false","190.0","0"
"53581602","70","500","520,83","500","500","36458","Centro","apartamento","3","2.0","3","8","6","5.0","false","false","true","250.0","0"
"39420557","33","800","798,48","750","850","26350","Meia Praia","apartamento","3","3.0","3","8","7","5.0","false","false","true","250.0","0"
"46116173","31","300","387,4","250","630","12009,5","Meia Praia","apartamento","2","2.0","4","6","39","4.949999809265137","false","false","true","180.0","0"
"911476333007658783","53","250","257,31","150","350","13637,5","Meia Praia","apartamento","2","2.0","2","8","65","4.630000114440918","false","false","false","160.0","0"
"47260862","44","450","503,09","450","500","22136","Meia Praia","apartamento","2","3.0","8","8","24","5.0","false","true","true","250.0","0"
"47816646","73","590","528,25","399","590","38562","Ilhota","apartamento","2","2.0","2","4","19","4.840000152587891","false","false","false","250.0","0"
"42270655","74","490","517,25","441","495","38276,6","Ilhota","casa","3","2.0","7","8","41","5.0","false","true","true","150.0","0"
"51301217","67","399","523,54","390","650","35077","Meia Praia","apartamento","3","2.0","4","8","29","4.789999961853027","false","false","true","275.0","0"
"44890294","2","1000","1000","1000","1000","2000","Meia Praia","apartamento","3","2.0","4","7","80","4.949999809265137","","<NA>","true","0.0","0"
"796481545034280714","74","580","582,84","580","650","43130","Centro","apartamento","2","2.0","2","4","9","5.0","false","false","true","290.0","0"
"622878708674009200","74","650","666,76","650","650","49340","Meia Praia","apartamento","2","2.0","7","8","5","5.0","false","false","true","300.0","0"
"50059423","40","500","514,38","350","700","20575,17","Meia Praia","apartamento","2","2.0","4","6","145","4.929999828338623","false","false","true","80.0","0"
"1179103047052148475","47","670","688,43","627","726","32356","Meia Praia","apartamento","4","3.0","5","8","4","4.5","true","true","false","480.0","0"
"39820601","33","345","345","345","345","11385","Meia Praia","apartamento","2","2.0","4","6","23","4.739999771118164","true","false","false","200.0","0"
"1219655958873769070","84","693","703,02","601,5","792","59053,42","Centro","apartamento","2","2.0","3","6","16","4.5","true","true","false","240.0","0"
"46327705","40","956,5","1003,48","900","1106,25","40139,33","Meia Praia","apartamento","3","3.0","4","7","6","5.0","false","false","false","400.0","0"
"18395333","64","600","625,78","500","750","40050","Meia Praia","apartamento","3","3.0","6","8","63","4.980000019073486","false","false","true","450.0","0"
"41478160","29","400","488,52","400","600","14167","Meia Praia","apartamento","2","2.0","4","6","7","5.0","false","false","false","200.0","0"
"734707774394612996","53","1400","1417,88","1400","1490","75147,5","Meia Praia","apartamento","3","2.0","3","9","36","5.0","false","false","true","250.0","0"
"39635217","23","382,5","429,33","355","447,5","9874,55","Meia Praia","apartamento","3","2.0","3","9","46","4.960000038146973","false","true","true","350.0","0"
"45350304","79","450","706,51","450","1050","55814","Meia Praia","apartamento","3","2.0","3","8","13","5.0","false","false","true","500.0","0"
"10266012","58","125","121,25","117","125","7032,5","Morretes","outros","1","1.0","1","2","69","4.739999771118164","false","true","false","15.0","0"
"1037047027853581998","43","890","1012,85","890","890","43552,75","Centro","apartamento","2","2.0","2","5","17","4.880000114440918","true","false","true","250.0","0"
"1269636598524749154","76","372","395,5","366","419","30057,67","Centro","apartamento","1","1.0","1","3","9","4.21999979019165","true","true","false","190.0","0"
"46298558","54","700","681,19","450","900","36784","Meia Praia","apartamento","2","2.0","8","4","6","5.0","false","true","true","220.0","0"
"10982940","75","1800","1800","1800","1800","135000","Meia Praia","apartamento","4","4.0","5","8","7","5.0","false","false","false","300.0","0"
"9327293","33","900","922,41","900","950","30439,5","Meia Praia","apartamento","4","3.0","5","9","50","4.960000038146973","false","true","true","450.0","0"
"782734966853311782","79","580","748,7","580","980","59147","Meia Praia","apartamento","3","3.0","4","8","9","5.0","false","true","true","350.0","0"
"53914255","47","390","588,69","390","910","27668,33","Meia Praia","apartamento","2","2.0","2","5","8","5.0","true","true","true","300.0","0"
"29870406","86","980","794,06","499","980","68289","Meia Praia","apartamento","3","3.0","5","11","25","4.960000038146973","false","true","true","250.0","0"
"1045916135727198441","59","650","669,17","560","650","39480,83","Meia Praia","apartamento","2","2.0","3","6","5","5.0","false","true","true","250.0","0"
"37744392","79","680","720,97","585","863,3333","56957","Meia Praia","apartamento","3","2.0","3","6","10","5.0","false","false","true","100.0","0"
"22231120","80","350","334,46","315","350","26756,83","Ilhota","apartamento","1","1.0","2","4","62","4.96999979019165","false","true","true","100.0","0"
"1280559161534348023","86","554","591,94","550","614","50907","Centro","apartamento","1","1.0","2","4","0","0.0","true","true","false","190.0","0"
"1303745304497797235","85","678","692","594","784","58820","Centro","apartamento","2","1.0","2","4","1","5.0","true","true","false","240.0","0"
"923133320997277084","53","550","437","300","550","23161","Meia Praia","apartamento","0","1.0","2","4","24","5.0","false","true","true","150.0","0"
"1075444278753674442","45","650","600,47","550","650","27021","Meia Praia","apartamento","2","1.0","4","6","5","4.800000190734863","false","false","false","250.0","0"
"47558531","90","850","762,03","600","900","68582,8","Meia Praia","apartamento","3","2.0","5","9","68","4.929999828338623","false","true","true","300.0","0"
"1184078920130796920","70","415","414,31","300","450","29002","Morretes","apartamento","2","2.0","2","4","11","5.0","true","true","false","290.0","0"
"46678933","97","750","745,88","650","800","72350","Meia Praia","apartamento","3","3.0","4","7","8","5.0","false","false","false","250.0","0"
"53903158","72","1090","1155,94","1090","1180","83228","Morretes","apartamento","3","2.0","3","8","17","4.940000057220459","false","true","true","400.0","0"
"53656846","43","400","302,56","250","400","13010","Alto Sao Bento","casa","1","1.0","1","2","40","4.849999904632568","false","false","false","150.0","0"
"37708447","44","700","756,58","550","700","33289,67","Meia Praia","apartamento","3","2.0","6","10","95","4.989999771118164","false","false","true","300.0","0"
"794707921952592251","48","150","152,97","150","155","7342,5","Meia Praia","outros","1","1.0","2","2","25","5.0","false","false","true","5.0","0"
"731853350375474350","34","700","705,51","600","700","23987,5","Morretes","apartamento","2","2.0","3","6","10","5.0","false","false","false","150.0","0"
"16253828","73","1610,6666","1605,47","1566,3334","1633","117199,5","Meia Praia","apartamento","3","2.0","4","7","24","4.960000038146973","false","false","false","420.0","0"
"16618715","88","762,5","775,36","700","790","68232","Meia Praia","apartamento","3","2.0","3","8","59","4.920000076293945","false","false","true","189.0","0"
"1031938290013047428","82","594","639,76","495","660","52460,25","Meia Praia","apartamento","2","2.0","2","4","12","5.0","true","true","true","400.0","0"
"53448627","26","505","533,18","445","567","13862,67","Meia Praia","apartamento","3","2.0","8","12","6","5.0","false","true","false","290.0","0"
"30402651","63","550","589,5","549","650","37138,5","Meia Praia","apartamento","2","2.0","3","6","10","5.0","false","false","false","200.0","0"
"42709234","97","899","730,09","420","989","70819","Centro","apartamento","3","3.0","4","8","12","4.920000076293945","false","false","false","300.0","0"
"15549803","45","590","761,84","490","590","34283","Morretes","apartamento","4","3.0","6","8","82","4.929999828338623","false","false","true","350.0","0"
"48526011","65","500","556,68","500","549","36184,33","Morretes","casa","3","2.0","3","10","17","4.880000114440918","false","false","false","300.0","0"
"1182188163181410725","82","850","934,54","610,5","1000","76632","Centro","apartamento","2","1.0","3","5","12","4.920000076293945","false","false","true","250.0","0"
"1208735754877396448","83","427","436,14","427","427","36200","Centro","apartamento","1","1.0","1","2","2","5.0","true","true","false","150.0","0"
"1272537775161574422","56","446","527,23","418","627","29524,75","Meia Praia","apartamento","2","2.0","2","4","7","4.710000038146973","true","true","false","369.0","0"
"41682475","43","400","469,77","400","400","20200","Meia Praia","apartamento","3","2.0","3","8","7","5.0","false","true","false","200.0","0"
"22739656","74","1100","1181,41","1080","1200","87424","Meia Praia","apartamento","3","2.0","6","8","41","4.829999923706055","false","true","true","350.0","0"
"13522176","32","2300","2397,8","2000","2700","76729,5","Meia Praia","apartamento","5","6.0","7","15","144","4.829999923706055","false","false","false","435.0","0"
"859925561562240250","29","704","792,83","648","936","22992","Meia Praia","apartamento","3","3.0","3","8","5","5.0","false","false","true","300.0","0"
"52530322","78","450","478,21","450","500","37300","Meia Praia","apartamento","2","2.0","3","6","11","4.909999847412109","false","false","false","250.0","0"
"929120660817262874","98","699","735,36","699","749","72065,5","Centro","apartamento","3","2.0","3","6","4","5.0","false","true","false","280.0","0"
"1274679812745645557","88","572","558,18","446","660","49119,5","Centro","apartamento","1","1.0","2","4","7","4.860000133514404","true","true","true","195.0","0"
"53794321","67","549","667,81","549","899","44743","Meia Praia","apartamento","2","2.0","2","5","17","4.880000114440918","false","true","false","250.0","0"
"51669111","92","800","718,97","600","800","66145","Meia Praia","apartamento","3","2.0","3","8","8","5.0","false","true","false","300.0","0"
"1259534245145609058","60","383","439,72","372","419","26383,38","Centro","apartamento","1","1.0","1","2","10","5.0","true","true","true","150.0","0"
"630326155301078742","37","350","366,22","350","500","13550","Meia Praia","apartamento","2","2.0","5","6","17","4.880000114440918","false","true","true","250.0","0"
"41493620","98","750","771,66","750","759,2143","75623,02","Meia Praia","apartamento","2","2.0","2","4","7","5.0","false","false","true","300.0","0"
"1055163452693752832","72","500","579,48","500","800","41722,5","Morretes","apartamento","2","2.0","2","4","16","4.940000057220459","false","false","true","50.0","0"
"52365560","75","300","324,53","300","350","24340","Meia Praia","apartamento","1","1.0","1","4","10","4.800000190734863","false","false","true","200.0","0"
"1304403734260231676","101","560","629,57","495","748","63586,75","Tabuleiro dos Oliveiras","apartamento","2","2.0","3","4","1","4.0","true","true","false","215.0","0"
"716703779507124462","72","790","766,81","490","990","55210","Meia Praia","apartamento","2","2.0","2","6","10","4.800000190734863","true","false","false","300.0","0"
"1317427472349939673","91","1000","1000","1000","1000","91000","Centro","casa","3","2.0","5","9","0","0.0","false","false","false","0.0","0"
"52346232","59","890","693,58","288","890","40921","Meia Praia","apartamento","3","2.0","6","8","47","4.769999980926514","true","false","false","300.0","0"
"1207864392976162235","98","600","542,97","400","650","53211","Centro","apartamento","1","1.0","2","4","1","5.0","false","false","false","0.0","0"
"756997201912524343","97","850","951,65","700","1200","92310,5","Meia Praia","apartamento","3","3.0","4","8","6","5.0","false","false","true","300.0","0"
"1048804459244346908","82","700","714,56","639","800","58594","Morretes","apartamento","2","2.0","4","6","27","4.699999809265137","false","false","false","100.0","0"
"36698654","79","1900","1964,59","1600","2300","155203","Meia Praia","apartamento","4","4.0","4","12","14","4.789999961853027","false","false","false","300.0","0"
"52474050","22","1000","780","560","1000","17160","Meia Praia","apartamento","2","2.0","4","7","41","4.929999828338623","false","false","true","250.0","0"
"44895797","13","705","703,08","700","705","9140","Meia Praia","apartamento","3","2.0","3","7","65","4.880000114440918","false","true","true","179.0","0"
"768032727158094436","18","1200","1200","1200","1200","21600","Meia Praia","apartamento","3","2.0","3","7","5","5.0","","<NA>","false","0.0","0"
"982642009007231841","52","230","267,32","230","250","13900,75","Centro","apartamento","1","1.0","3","4","24","4.880000114440918","false","false","true","135.0","0"
"39715668","65","230","232,49","200","270","15112","Casa Branca","apartamento","2","1.0","3","4","18","4.940000057220459","false","false","true","200.0","0"
"29341170","46","349","408,78","349","399","18804","Casa Branca","apartamento","2","1.0","2","5","81","4.880000114440918","true","false","false","180.0","0"
"49968308","26","700","733,35","600","800","19067","Meia Praia","apartamento","3","2.0","4","6","26","5.0","false","false","true","250.0","0"
"20618105","44","622,8571","637,78","600","680","28062,4","Meia Praia","apartamento","2","2.0","2","5","15","4.730000019073486","false","false","false","300.0","0"
"42841323","23","402","452,26","402","525","10402","Centro","apartamento","1","1.0","2","4","36","5.0","false","false","true","300.0","0"
"52884842","89","1900","1900","1900","1900","169100","Meia Praia","apartamento","4","4.0","4","10","5","5.0","false","false","false","200.0","0"
"711032530664362412","35","149","171,99","149","199","6019,5","Varzea","casa","1","1.0","1","2","13","5.0","false","false","true","80.0","0"
"41533462","71","750","620,45","430","750","44052","Meia Praia","apartamento","3","3.0","6","10","82","4.789999961853027","false","false","false","300.0","0"
"47006355","49","592","684,88","592","701","33559","Meia Praia","apartamento","3","1.0","7","8","27","4.929999828338623","false","true","true","150.0","0"
"939698664229028471","39","300","318,14","300","300","12407,5","Morretes","apartamento","2","2.0","3","6","20","4.949999809265137","false","true","true","250.0","0"
"16730935","89","250","250","250","250","22250","Meia Praia","outros","1","1.0","1","2","22","5.0","false","false","true","70.0","0"
"20863370","18","500","507,93","500","520,75","9142,75","Meia Praia","apartamento","3","3.0","5","7","25","4.880000114440918","false","false","false","410.0","0"
"902324773092897293","13","1250","1203,85","1250","1250","15650","Meia Praia","apartamento","3","2.0","3","6","13","5.0","false","false","true","250.0","0"
"978410400232267791","31","400","396,32","400","400","12285,83","Centro","apartamento","2","2.0","4","6","5","5.0","false","false","false","250.0","0"
"798631136594423222","56","1100","1100","1100","1100","61600","Tabuleiro dos Oliveiras","apartamento","4","3.0","6","10","4","4.75","false","false","false","300.0","0"
"41664387","45","180","180,64","180","180","8129","Meia Praia","outros","1","1.0","1","2","142","4.989999771118164","false","true","true","0.0","0"
"22421016","9","800","811,11","800","800","7300","Centro","apartamento","3","3.0","4","8","7","5.0","false","false","false","300.0","0"
"22047595","60","623,3333","681,96","600","679,3333","40917,5","Morretes","apartamento","3","2.0","7","10","37","4.889999866485596","false","true","true","290.0","0"
"48699117","48","420","478,33","380","420","22960","Meia Praia","apartamento","2","2.0","5","6","24","4.920000076293945","false","true","true","250.0","0"
"30795921","22","1500","1500","1500","1500","33000","Meia Praia","apartamento","3","3.0","3","8","8","5.0","false","false","false","250.0","0"
"787195284335262595","63","550","572,67","497,66666","650","36078,17","Meia Praia","apartamento","3","2.0","3","7","11","5.0","false","false","true","300.0","0"
"41769298","71","1000","1059,24","1000","1100","75206","Meia Praia","apartamento","3","2.0","11","10","35","4.889999866485596","false","true","false","250.0","0"
"798475021925579344","48","300","326,04","300","380","15650","Morretes","apartamento","2","2.0","4","5","20","4.900000095367432","false","true","true","100.0","0"
"39629644","27","350","445,48","350","550","12028","Meia Praia","apartamento","3","2.0","3","6","84","4.949999809265137","false","true","true","350.0","0"
"944320965810800803","87","890","886,41","800","900","77117,83","Meia Praia","apartamento","3","2.0","5","7","8","5.0","false","false","true","380.0","0"
"1062221285605590578","82","500","600,32","500","700","49225,86","Centro","apartamento","3","3.0","4","8","1","5.0","false","false","false","0.0","0"
"28932247","50","450","495,59","450","600","24779,5","Meia Praia","casa","3","2.0","7","9","25","4.920000076293945","false","true","true","250.0","0"
"47213093","22","351","290,5","230","351","6391","Meia Praia","apartamento","2","2.0","2","4","14","4.929999828338623","false","true","false","250.0","0"
"557386903732882183","53","1000","1129,45","950","1500","59861","Meia Praia","apartamento","3","2.0","5","9","6","5.0","false","false","false","300.0","0"
"807898347637042057","16","430","395","350","430","6320","Morretes","apartamento","3","2.0","3","7","11","5.0","false","false","true","250.0","0"
"45911990","26","560","640,28","560","700","16647,17","Morretes","apartamento","3","2.0","3","6","38","4.949999809265137","false","false","true","200.0","0"
"21662762","36","300","296,11","170","400","10660","Meia Praia","apartamento","3","2.0","5","9","157","4.849999904632568","false","true","true","280.0","0"
"1021217453140595481","46","330","398,83","330","450","18346","Meia Praia","hotel","1","1.0","3","4","12","5.0","false","false","true","140.0","0"
"1208718899534488031","90","427","437,95","427","427","39415,67","Centro","apartamento","1","1.0","1","2","5","4.800000190734863","true","true","false","150.0","0"
"1056816282920055514","63","540","572,95","540","540","36095,67","Meia Praia","apartamento","3","3.0","3","6","15","4.929999828338623","true","false","true","250.0","0"
"31511990","86","500","483,43","450","500","41575","Sertaozinho","casa","2","2.0","4","5","51","4.920000076293945","false","false","false","100.0","0"
"1124052077567202180","20","700","907,3","700","1200","18146","Morretes","casa","4","5.0","10","16","3","5.0","false","false","false","400.0","0"
"668715506986619718","45","720","666,21","450","750","29979,67","Meia Praia","apartamento","3","3.0","4","8","17","4.940000057220459","false","false","true","320.0","0"
"43754654","87","897","947,59","895","1089","82440,5","Centro","apartamento","3","3.0","4","8","12","5.0","false","false","false","390.0","0"
"687757820659405525","90","557,5","571,5","550","572,5","51435","Morretes","apartamento","2","2.0","3","6","8","5.0","false","false","true","220.0","0"
"1277103969415516416","54","470","454,01","423","470","24516,33","Morretes","apartamento","2","2.0","4","8","8","5.0","false","false","true","100.0","0"
"1019041007385326527","43","575","675,83","453","897","29060,5","Meia Praia","apartamento","2","2.0","3","7","10","4.900000095367432","true","false","true","350.0","0"
"1011714999685071594","28","557","556,04","557","557","15569","Centro","apartamento","3","2.0","4","6","6","5.0","true","false","true","180.0","0"
"783879004243392314","81","650","658,82","453,14285","850","53364,76","Meia Praia","apartamento","3","2.0","3","6","30","4.670000076293945","false","false","false","250.0","0"
"986245345084467584","86","800","832,95","800","900","71633,5","Meia Praia","apartamento","3","3.0","4","8","8","5.0","false","true","true","250.0","0"
"1271171762063321920","56","650","581,25","350","650","32550","Tabuleiro dos Oliveiras","apartamento","2","2.0","2","5","5","4.800000190734863","false","false","true","250.0","0"
"670778657683556451","41","976","954,93","736","1192","39152","Meia Praia","apartamento","3","4.0","3","8","6","5.0","false","false","true","300.0","0"
"20943549","65","400","408,36","277,6","575","26543,57","Meia Praia","apartamento","2","2.0","2","6","27","4.960000038146973","false","false","true","220.0","0"
"16321793","74","450","521,62","450","620","38600","Meia Praia","apartamento","3","2.0","5","7","31","4.96999979019165","false","false","true","250.0","0"
"790752171303746450","87","500","533,95","500","500","46454","Meia Praia","apartamento","2","2.0","1","6","10","5.0","false","false","true","250.0","0"
"50561328","13","1400","1033,85","450","1400","13440","Meia Praia","apartamento","3","2.0","4","7","32","4.78000020980835","false","false","false","200.0","0"
"53669499","59","543","543","543","543","32037","Meia Praia","apartamento","3","3.0","3","6","58","4.900000095367432","true","false","true","200.0","0"
"23263225","11","283","286,41","276,5","300","3150,5","Centro","casa","1","1.0","2","4","40","4.829999923706055","false","false","false","200.0","0"
"543584528464360785","60","350","375,49","350","353","22529,5","Meia Praia","apartamento","2","2.0","5","6","26","4.920000076293945","false","false","true","350.0","0"
"38980085","90","800","869,71","800","839,75","78274","Meia Praia","apartamento","3","3.0","3","8","13","5.0","false","false","true","350.0","0"
"41702158","46","1200","1301,09","1200","1500","59850","Meia Praia","apartamento","4","3.0","6","12","59","4.949999809265137","false","true","true","400.0","0"
"53340772","69","400","503,8","400","600","34762,5","Meia Praia","apartamento","3","2.0","5","7","17","5.0","false","false","true","300.0","0"
"38852725","62","450","494,87","450","464","30682","Meia Praia","apartamento","3","2.0","5","8","44","4.980000019073486","false","false","true","200.0","0"
"995680028058206783","96","3500","3517,75","3500","3500","337704","Sertaozinho","casa","6","9.0","25","16","2","5.0","false","true","false","0.0","0"
"1083633025910461931","46","310","314,13","280","350","14450","Meia Praia","apartamento","0","1.0","1","4","13","4.849999904632568","false","false","true","150.0","0"
"52670832","13","470","477,23","470","470","6204","Meia Praia","apartamento","3","2.0","10","8","27","4.929999828338623","false","false","true","300.0","0"
"873260132509992833","13","400","405,46","400","400","5271","Morretes","apartamento","2","2.0","3","6","13","4.849999904632568","false","true","true","200.0","0"
"15791567","35","550","580","550","600","20300","Meia Praia","apartamento","3","3.0","5","10","22","4.090000152587891","false","false","false","300.0","0"
"9658725","10","300","282,1","300","300","2821","Meia Praia","apartamento","2","2.0","3","6","165","4.639999866485596","false","true","false","250.0","0"
"1247028916537033972","75","1700","1761,77","1700","1700","132133","Centro","casa","4","6.0","4","12","0","0.0","false","false","false","500.0","0"
"30491733","63","799,4","786,35","650","891","49539,77","Meia Praia","apartamento","4","3.0","4","9","18","4.940000057220459","false","false","true","350.0","0"
"811053746893495263","66","400","414,67","200","590","27368","Meia Praia","apartamento","3","2.0","4","8","8","5.0","false","false","true","300.0","0"
"784836681288428817","65","370","377,38","320","370","24530","Casa Branca","apartamento","2","1.0","4","5","13","4.769999980926514","false","true","false","200.0","0"
"52650644","75","600","683,03","600","780","51227,5","Meia Praia","apartamento","3","2.0","3","7","12","4.920000076293945","false","true","true","150.0","0"
"1218889785346856352","30","505","574,7","505","673","17241","Meia Praia","apartamento","2","2.0","5","7","10","4.699999809265137","true","true","false","413.0","0"
"1182070530301053205","76","509","566,25","446","674","43034,75","Centro","apartamento","1","1.0","2","4","12","4.920000076293945","true","true","true","190.0","0"
"8838629","66","650","747,75","520","780","49351,67","Morretes","apartamento","3","2.0","11","15","88","4.699999809265137","true","true","false","200.0","0"
"978095320445301654","82","900","884,88","800","900","72560,5","Meia Praia","apartamento","3","3.0","4","8","17","4.880000114440918","false","true","true","250.0","0"
"676838365540390245","20","250","250","250","250","5000","Meia Praia","apartamento","2","2.0","4","6","8","5.0","false","false","true","200.0","0"
"965258538716677226","86","590","624,7","590","690","53724","none","casa","1","1.0","1","2","16","4.809999942779541","false","false","true","200.0","0"
"45184991","62","648","648","648","648","40176","Meia Praia","apartamento","2","2.0","2","5","123","4.809999942779541","true","false","false","200.0","0"
"1032037416009523135","37","556","550,8","556","556","20379,5","Areal","casa","1","1.0","1","2","21","5.0","true","true","true","0.0","0"
"23108026","74","590","679,32","590","690","50270","Meia Praia","apartamento","2","2.0","3","5","28","4.639999866485596","false","false","false","180.0","0"
"913929715874853789","68","899","966,25","899","999","65705,17","Meia Praia","apartamento","4","3.0","6","9","27","4.889999866485596","false","false","false","400.0","0"
"18505349","30","650","623,43","580","699","18703","Centro","apartamento","3","2.0","4","6","23","4.829999923706055","false","false","true","380.0","0"
"21632405","53","408","506,8","380","656","26860,57","Meia Praia","apartamento","3","2.0","3","8","11","4.820000171661377","false","false","true","250.0","0"
"1242713378625026725","83","550","588,56","495","674","48850,5","Centro","apartamento","1","1.0","2","4","8","4.75","true","true","false","190.0","0"
"758758164947604865","82","170","153,9","100","170","12620","Meia Praia","outros","1","1.0","1","2","14","4.860000133514404","false","true","true","100.0","0"
"48254075","20","509","509","509","509","10180","Meia Praia","apartamento","2","2.0","2","5","33","4.849999904632568","false","false","false","300.0","0"
"21025393","36","700","710,86","650","750","25590,83","Meia Praia","apartamento","3","3.0","5","6","23","4.909999847412109","false","false","true","250.0","0"
"42138941","69","1200","1182,61","1200","1200","81600","Meia Praia","apartamento","2","2.0","3","4","19","4.949999809265137","false","true","true","150.0","0"
"1045592510645908121","65","500","502,98","500","500","32694","Meia Praia","apartamento","2","1.0","3","7","20","5.0","false","true","true","250.0","0"
"970445468070597218","2","570","570","570","570","1140","Morretes","apartamento","2","1.0","3","6","7","5.0","","<NA>","true","0.0","0"
"26334990","67","1200","1208,43","1149,5","1300","80964,83","Meia Praia","apartamento","3","2.0","8","11","6","5.0","false","true","false","350.0","0"
"22901902","92","700","724,89","700","700","66689,5","Meia Praia","apartamento","3","2.0","3","6","29","4.929999828338623","false","true","true","300.0","0"
"31084342","53","800","814,15","650","1000","43150","Meia Praia","apartamento","4","4.0","6","12","5","5.0","false","false","false","500.0","0"
"25165914","87","700","625,29","500","700","54400","Meia Praia","apartamento","3","2.0","4","6","15","4.869999885559082","false","false","false","210.0","0"
"1315954985293478319","102","950","842,5","458,5","1320","85934,5","Centro","apartamento","1","1.0","2","4","0","0.0","true","true","false","170.0","0"
"577547502503396579","58","650","610,66","450","650","35418","Meia Praia","apartamento","2","2.0","2","4","26","4.849999904632568","false","false","true","250.0","0"
"1191261348067720296","67","642","687,26","594","784","46046,5","Centro","apartamento","2","1.0","3","6","25","5.0","true","true","true","240.0","0"
"53918137","62","429","434,15","350","429","26917,33","Meia Praia","apartamento","2","2.0","3","6","14","4.929999828338623","false","false","true","290.0","0"
"24171739","31","400","478,87","400","432","14845","Meia Praia","apartamento","3","2.0","3","8","23","4.829999923706055","false","false","true","250.0","0"
"781223884036842600","62","380","364,76","270","500","22615","Meia Praia","apartamento","2","2.0","2","5","26","4.650000095367432","false","false","false","250.0","0"
"40236441","47","193","237,26","193","290","11151","Morretes","casa","1","1.0","1","2","84","4.900000095367432","true","true","true","80.0","0"
"15980108","39","1500","1500","1500","1500","58500","Meia Praia","apartamento","4","3.0","5","10","26","4.849999904632568","false","true","true","180.0","0"
"599368528094352718","24","305","385,88","299","599","9261","Meia Praia","apartamento","3","0.0","3","6","48","4.960000038146973","false","true","true","300.0","0"
"1060712994513047104","78","425","437,02","400","541","34087,42","Morretes","apartamento","2","2.0","3","5","10","4.900000095367432","false","true","false","250.0","0"
"53717416","76","594","660,71","523","729","50214","Meia Praia","apartamento","3","2.0","3","6","34","4.5","true","true","false","484.0","0"
"1188323084225041810","73","484","544,55","446","660","39752,5","Centro","apartamento","1","1.0","2","4","14","4.860000133514404","true","true","true","190.0","0"
"770131545986036241","78","900","958,97","900","900","74800","Meia Praia","apartamento","3","3.0","4","8","36","4.920000076293945","false","true","true","300.0","0"
"1321134786322096510","88","644","725,31","627","743","63827","Meia Praia","apartamento","3","2.0","4","6","1","5.0","true","true","false","337.0","0"
"30617740","71","500","556,49","500","650","39511","Meia Praia","apartamento","3","2.0","5","8","22","4.909999847412109","false","false","true","350.0","0"
"53113087","57","602,6667","548,29","400","650","31252,33","Meia Praia","apartamento","3","2.0","3","8","12","5.0","false","false","true","300.0","0"
"1207881809440158991","92","427","437,64","427","427","40262,67","Centro","apartamento","1","1.0","1","2","1","5.0","true","true","false","150.0","0"
"782548209247570691","54","700","667,36","500","700","36037,5","Meia Praia","apartamento","3","3.0","6","8","32","4.940000057220459","false","true","true","300.0","0"
"1139831117529014384","82","530","585,07","530","611","47976","Tabuleiro dos Oliveiras","apartamento","3","2.0","4","6","11","5.0","false","false","true","220.0","0"
"580589381711973141","52","350","404,81","350","500","21050","Morretes","apartamento","2","2.0","3","4","11","5.0","false","true","true","180.0","0"
"47089646","51","472","526","472","581","26826,2","Centro","apartamento","2","2.0","4","7","15","5.0","false","true","true","350.0","0"
"21454457","15","172","186,53","130","300","2798","Meia Praia","apartamento","2","1.0","2","5","57","4.809999942779541","false","false","true","320.0","0"
"53645678","61","695","740,57","610","890","45175","Meia Praia","apartamento","3","2.0","5","7","13","5.0","false","false","true","300.0","0"
"17511306","62","1100","1007,85","850","1100","62487","Meia Praia","casa","4","2.0","5","13","33","4.849999904632568","false","false","true","350.0","0"
"821574780923920105","54","600","618,78","600","619","33414","Meia Praia","apartamento","3","3.0","3","6","6","5.0","false","false","true","300.0","0"
"47421617","36","370","404,19","370","468","14550,83","Centro","apartamento","2","2.0","4","5","7","4.710000038146973","false","false","false","260.0","0"
"674566887638611404","42","600","496,43","300","650","20850","Meia Praia","apartamento","3","2.0","3","6","15","5.0","false","true","true","420.0","0"
"46048925","91","937,3333","982,8","910","1066,6666","89434,75","Meia Praia","apartamento","3","3.0","3","8","11","5.0","false","false","true","300.0","0"
"27338096","89","1350","1383,61","1350","1500","123141","Centro","apartamento","3","3.0","7","8","12","5.0","false","false","false","350.0","0"
"15754075","37","620,3333","673,57","600","800","24922","Meia Praia","apartamento","3","3.0","5","9","36","4.920000076293945","false","true","true","450.0","0"
"31115702","46","300","339,08","300","450","15597,5","Meia Praia","apartamento","2","1.0","2","7","27","4.590000152587891","false","true","false","200.0","0"
"53195241","85","1750","1840,59","1600","1990","156450","Meia Praia","apartamento","4","3.0","4","10","12","4.920000076293945","false","false","true","350.0","0"
"1046547202929220520","59","378","387,14","350","412,5","22841,42","Meia Praia","apartamento","1","1.0","1","2","15","4.869999885559082","false","false","true","0.0","0"
"51507847","16","400","437,5","400","550","7000","Meia Praia","apartamento","3","2.0","4","6","5","5.0","false","false","false","300.0","0"
"1193657356522503551","70","702","727,46","702","702","50922","Meia Praia","apartamento","2","3.0","4","6","11","4.909999847412109","true","false","true","250.0","0"
"22421421","56","347","434,36","347","446","24324","Morretes","casa","2","1.0","5","11","4","4.5","false","false","false","100.0","0"
"1207383031689344642","76","800","644,36","500","800","48971","Centro","apartamento","1","1.0","1","4","8","4.880000114440918","false","false","false","150.0","0"
"33336758","36","424","446,21","344","547","16063,67","Meia Praia","apartamento","2","2.0","2","6","29","4.860000133514404","false","false","true","250.0","0"
"38447436","101","1127","1035,47","693","1297","104582","Meia Praia","apartamento","3","2.0","5","7","19","4.840000152587891","true","false","true","350.0","0"
"21607605","47","650","779,09","650","907,3333","36617,33","Meia Praia","apartamento","4","3.0","5","11","13","4.849999904632568","false","false","false","300.0","0"
"730553947980169722","78","855","840,01","736,125","900","65521,08","Centro","apartamento","3","2.0","12","8","7","5.0","false","false","false","300.0","0"
"1182040498646675653","66","644","716,75","594","825","47305,75","Centro","apartamento","2","1.0","3","6","2","5.0","true","true","false","240.0","0"
"53972959","73","899","910,63","882,3333","899","66476","Meia Praia","apartamento","3","3.0","3","6","13","4.769999980926514","false","false","true","400.0","0"
"1283982403734255309","67","495","541,4","446","660","36274","Centro","apartamento","1","1.0","2","4","11","4.909999847412109","true","true","true","190.0","0"
"12490354","63","749","748,51","749","799","47155,98","Centro","apartamento","3","2.0","3","6","42","4.980000019073486","false","false","true","250.0","0"
"1263128865886946817","93","575","554,47","446","614","51565,5","Centro","apartamento","1","1.0","1","2","1","5.0","true","true","false","170.0","0"
"1063807278503566143","67","481,5","476,81","329","585","31946,5","Centro","apartamento","2","2.0","3","6","5","5.0","false","false","true","280.0","0"
"1267332355220608617","69","699","668,58","550","738","46132","Meia Praia","apartamento","2","2.0","3","5","1","5.0","false","false","false","150.0","0"
"37989675","63","400","418,48","400","465","26364","Meia Praia","apartamento","2","2.0","2","6","20","4.849999904632568","false","false","false","300.0","0"
"27981528","61","500","541,87","500","700","33054","Casa Branca","apartamento","3","2.0","3","6","138","4.929999828338623","false","false","true","100.0","0"
"52025452","52","400","442,82","360","563","23026,83","Meia Praia","apartamento","3","2.0","4","8","36","4.559999942779541","false","false","false","200.0","0"
"32486859","51","849,5","891,77","849","899","45480,5","Meia Praia","apartamento","4","4.0","5","8","70","4.889999866485596","false","false","true","400.0","0"
"51983017","29","549","635,98","549","799","18443,5","Meia Praia","apartamento","2","1.0","2","5","41","5.0","false","false","true","275.0","0"
"762192750283483456","67","440","395,57","260","490","26503,17","Meia Praia","apartamento","2","1.0","3","4","14","4.929999828338623","false","false","true","120.0","0"
"1111626053814730010","70","633","744,62","580","825","52123,25","Centro","apartamento","3","2.0","4","6","8","4.75","true","true","false","500.0","0"
"54145466","90","2000","2000","2000","2000","180000","Meia Praia","apartamento","4","4.0","4","8","0","0.0","false","false","false","200.0","0"
"871084107630048364","54","450","444,44","400","450","24000","Meia Praia","apartamento","2","2.0","2","6","44","5.0","false","false","true","99.0","0"
"42013117","26","590","569,01","400","648,3333","14794,17","Meia Praia","apartamento","2","2.0","2","6","20","5.0","false","false","true","350.0","0"
"38899673","78","500","544,01","400","710","42433,17","Morretes","apartamento","2","1.0","2","4","7","5.0","false","false","false","245.0","0"
"9784227","19","480","480","480","480","9120","Meia Praia","apartamento","2","2.0","4","6","24","4.539999961853027","false","true","false","180.0","0"
"46530405","83","1022","1069,02","938","1232","88728,92","Morretes","apartamento","3","2.0","3","8","41","4.849999904632568","false","false","false","520.0","0"
"22428497","40","299","299","299","299","11960","Meia Praia","casa","2","1.0","2","4","36","4.809999942779541","false","false","true","250.0","0"
"15024197","18","800","800","800","800","14400","Centro","apartamento","3","2.0","5","8","12","4.75","false","false","false","250.0","0"
"46866680","67","450","510,52","450","550","34205","Meia Praia","apartamento","3","3.0","3","6","9","5.0","false","false","false","300.0","0"
"966687088388761169","97","850","788,14","700","850","76450","Meia Praia","apartamento","3","3.0","3","6","14","5.0","false","false","true","350.0","0"
"978244263452010977","50","456","448,42","380","523","22421","Meia Praia","apartamento","2","1.0","2","6","33","4.940000057220459","false","false","true","200.0","0"
"1161796266594364332","31","450","459,68","450","450","14250","Centro","apartamento","1","1.0","1","2","21","5.0","false","true","true","250.0","0"
"1187061700423806804","75","523","553,36","446","660","41502","Centro","apartamento","1","1.0","2","4","3","5.0","true","true","false","190.0","0"
"52969803","70","350","354","335","350","24780","Centro","apartamento","2","2.0","3","5","27","5.0","false","false","true","160.0","0"
"1182018398755268829","73","644","700,87","594","800,5","51163,5","Centro","apartamento","2","1.0","3","6","13","5.0","true","true","true","240.0","0"
"754796838418506202","68","600","574,49","400","700","39065","Meia Praia","apartamento","3","2.0","3","9","12","5.0","false","false","true","350.0","0"
"730503580289648392","10","800","787,5","750","825","7875","Centro","apartamento","2","2.0","4","6","8","4.880000114440918","false","true","false","250.0","0"
"552912581186899747","49","1300","1260","1300","1300","61740","Meia Praia","casa","7","3.0","9","16","19","5.0","false","false","false","250.0","0"
"32600458","53","511,1111","596,53","450","750","31615,83","Meia Praia","apartamento","3","3.0","4","8","31","4.900000095367432","false","false","true","350.0","0"
"22223346","28","590","592,25","590","713","16583","Meia Praia","apartamento","2","2.0","2","6","21","5.0","false","true","false","200.0","0"
"873125740517449213","84","446","467,15","366","495","39240,5","Morretes","apartamento","2","1.0","3","5","19","4.840000152587891","true","true","true","400.0","0"
"42704327","84","1394","1193,51","692","1799","100255,17","Centro","apartamento","3","3.0","5","8","9","5.0","false","false","false","300.0","0"
"40960741","75","275","288,04","250","300","21603","Meia Praia","apartamento","1","1.0","1","4","12","4.5","false","false","false","200.0","0"
"1182043782165637473","75","471","531,96","443","653","39897","Centro","apartamento","1","1.0","2","4","11","4.820000171661377","true","true","true","190.0","0"
"41761142","43","270","377,91","260","520","16250","Meia Praia","apartamento","2","2.0","5","6","60","4.769999980926514","false","true","true","170.0","0"
"5443557","82","793","799,12","671","854","65527,5","Canto da Praia","casa","1","1.0","4","5","107","4.869999885559082","true","true","false","198.0","0"
"54020562","29","350","365,52","350","400","10600","Centro","casa","3","2.0","4","7","16","4.880000114440918","false","true","true","0.0","0"
"572368704250611987","36","550","506,64","477","550","18239","Meia Praia","apartamento","2","2.0","2","5","35","4.860000133514404","false","false","true","200.0","0"
"15909831","78","790","731,68","600","790","57070,83","Meia Praia","apartamento","3","3.0","4","6","32","4.940000057220459","false","true","true","190.0","0"
"41786765","13","250","250","250","250","3250","Meia Praia","apartamento","3","3.0","3","8","32","4.840000152587891","false","true","false","500.0","0"
"51866473","45","450","496,6","350","650","22347,17","Meia Praia","apartamento","3","2.0","3","8","30","4.96999979019165","false","false","true","250.0","0"
"790431243381422888","104","1000","959,43","750","1100","99781","Meia Praia","apartamento","3","3.0","3","8","7","5.0","false","false","true","300.0","0"
"39685785","73","464,16666","528,88","450","585","38608,14","Meia Praia","apartamento","2","2.0","2","7","125","4.940000057220459","false","false","true","220.0","0"
"53915734","64","450","476,23","400","550","30478,5","Morretes","apartamento","2","3.0","3","4","95","4.75","true","false","false","300.0","0"
"1088251024341369589","14","600","603,57","600","600","8450","Morretes","apartamento","2","3.0","2","5","16","4.880000114440918","false","false","true","0.0","0"
"1208704132667695539","95","564","587,92","564","594","55852,5","Centro","apartamento","1","1.0","1","2","0","0.0","true","true","false","170.0","0"
"999226382307972271","85","400","487,96","400","500","41477","Morretes","apartamento","2","2.0","2","5","16","4.809999942779541","false","false","false","200.0","0"
"1282577030741754149","72","385","399,77","372","419","28783,67","Centro","apartamento","1","1.0","1","2","7","4.139999866485596","true","true","false","150.0","0"
"30098696","10","249","249","249","249","2490","Casa Branca","casa","1","1.0","1","2","25","5.0","","<NA>","true","0.0","0"
"1312949509621922876","86","561","583,23","418","715","50158","Morretes","apartamento","2","2.0","2","4","2","5.0","true","true","false","238.0","0"
"52627650","12","350","356,96","350","371","4283,5","Morretes","apartamento","1","1.0","1","3","50","4.800000190734863","false","false","false","200.0","0"
"1207338410880339003","86","427","438,67","427","427","37725,67","Centro","apartamento","1","1.0","1","2","0","0.0","true","true","false","150.0","0"
"52472131","87","600","701,15","600","1000","61000","Meia Praia","apartamento","2","2.0","3","6","19","4.840000152587891","false","false","false","200.0","0"
"52596621","104","799","859,62","700","907,2","89400,6","Meia Praia","apartamento","3","3.0","3","6","11","5.0","false","true","true","300.0","0"
"27022969","60","1450","1586,24","1450","1800","95174,17","Meia Praia","apartamento","4","4.0","6","8","2","5.0","false","false","false","365.0","0"
"3977675","55","198","242,71","198","300","13349,17","Meia Praia","apartamento","0","1.0","3","5","21","4.619999885559082","false","false","false","50.0","0"
"549056203343531816","48","650","567,4","330","700","27235","Meia Praia","apartamento","3","2.0","5","8","24","5.0","false","false","true","200.0","0"
"897144549301156856","35","850","950,14","800","850","33255","Meia Praia","apartamento","3","2.0","4","6","10","5.0","false","false","true","200.0","0"
"1058777213156843238","26","360","448,27","360","621","11655","Meia Praia","apartamento","1","1.0","2","4","24","5.0","true","false","true","212.0","0"
"628340205412932131","12","650","533,33","400","650","6400","Morretes","apartamento","1","1.0","2","4","27","4.960000038146973","false","false","true","60.0","0"
"1198703061430420363","40","304","374,7","253","500","14988","Centro","apartamento","1","1.0","2","4","11","5.0","false","true","true","200.0","0"
"40342798","81","700","657,22","550","700","53235","Meia Praia","apartamento","3","3.0","3","6","14","5.0","false","false","true","300.0","0"
"686743101124580615","27","648","818,2","648","997","22091,5","Meia Praia","apartamento","3","4.0","3","8","6","5.0","false","false","false","300.0","0"
"47222306","47","175","199,68","175","200","9385","Morretes","apartamento","1","1.0","4","5","65","4.96999979019165","false","true","true","75.0","0"
"1086855144095843601","68","490","493,21","268","500","33538,17","Casa Branca","apartamento","2","1.0","3","4","14","4.929999828338623","true","false","true","175.0","0"
"1045520246239520927","81","957,1429","950,78","900","1000","77013,33","Centro","apartamento","3","3.0","3","6","0","0.0","false","false","false","400.0","0"
"1181971107577983158","81","372","392,21","363","419","31768,67","Centro","apartamento","1","1.0","1","2","15","4.929999828338623","true","true","true","150.0","0"
"53733977","38","350","410,68","350","400","15606","Meia Praia","apartamento","2","2.0","4","4","39","4.949999809265137","false","true","true","220.0","0"
"47000276","42","500","582,86","500","790","24480","Meia Praia","apartamento","3","3.0","6","8","28","4.820000171661377","false","false","false","390.0","0"
"50047341","36","300","346,1","300","300","12459,5","Meia Praia","apartamento","3","2.0","5","8","81","4.78000020980835","false","false","true","200.0","0"
"787847078680683474","63","330","388,73","260","335","24490","Tabuleiro dos Oliveiras","apartamento","2","2.0","2","6","6","5.0","false","false","true","300.0","0"
"32134287","84","750","652,19","550","750","54784","Meia Praia","apartamento","2","2.0","8","5","83","4.960000038146973","false","true","true","200.0","0"
"46011731","21","590","607,38","410","875","12755","Meia Praia","apartamento","3","2.0","6","8","19","4.889999866485596","false","false","true","180.0","0"
"47891397","81","490","506,59","490","570","41033,57","Meia Praia","apartamento","3","2.0","3","6","8","5.0","false","false","false","250.0","0"
"22191680","80","400","411,71","400","500","32937","Meia Praia","apartamento","2","1.0","4","6","94","4.769999980926514","false","true","true","250.0","0"
"1075503699104403085","69","800","995,97","800","1200","68721,8","Meia Praia","apartamento","4","3.0","4","12","1","5.0","false","false","false","250.0","0"
"856482117556875618","26","370","370","370","370","9620","Meia Praia","apartamento","2","2.0","2","6","26","4.960000038146973","false","true","true","250.0","0"
"53605382","39","700","712,82","700","700","27800","Centro","apartamento","4","3.0","5","7","66","4.920000076293945","false","true","true","300.0","0"
"1058193595817353204","33","400","409,56","400","400","13515,5","Tabuleiro dos Oliveiras","apartamento","2","2.0","5","6","11","5.0","false","true","true","200.0","0"
"15500038","88","478,6","501,42","375,2","625","44125,07","Meia Praia","apartamento","3","2.0","4","9","25","4.880000114440918","false","false","true","300.0","0"
"708045427082372124","94","1250","1257,79","1250","1250","118232","Centro","apartamento","2","2.0","3","5","8","5.0","false","false","true","250.0","0"
"39414948","61","490","561,89","400","780","34275","Meia Praia","apartamento","3","2.0","5","8","72","4.960000038146973","false","false","true","250.0","0"
"45780750","12","850","850","850","850","10200","Meia Praia","apartamento","3","2.0","6","6","26","4.960000038146973","","<NA>","false","0.0","0"
"1189331897618015345","86","705,5","717,21","601,5","825","61680,42","Centro","apartamento","2","2.0","3","6","17","4.820000171661377","true","true","true","240.0","0"
"45726200","45","1590","1441,54","997","1631","64869,5","Meia Praia","apartamento","3","3.0","5","11","15","5.0","true","false","true","350.0","0"
"52358821","84","600","690,82","600","750","58029","Canto da Praia","casa","3","2.0","4","6","35","5.0","false","false","true","250.0","0"
"745632820094188215","16","800","735,88","629","800","11774","Meia Praia","apartamento","3","3.0","3","8","7","5.0","false","false","true","400.0","0"
"30560948","85","700","892,15","700","981,5","75832,37","Meia Praia","apartamento","3","2.0","4","6","10","5.0","false","false","false","300.0","0"
"27704027","84","750","742,71","700","800","62387,5","Centro","apartamento","3","3.0","8","14","24","4.960000038146973","false","false","false","400.0","0"
"30209117","42","450","470,36","450","450","19755","Meia Praia","apartamento","3","2.0","5","9","16","4.940000057220459","false","true","false","160.0","0"
"21295667","53","820","736,2","483,5","1000","39018,83","Meia Praia","apartamento","3","4.0","3","9","31","4.869999885559082","false","false","true","320.0","0"
"51453135","91","600","607,69","500","800","55300","Meia Praia","apartamento","3","2.0","5","8","13","4.849999904632568","false","false","true","300.0","0"
"29145061","56","500","439,56","300","500","24615,2","Meia Praia","apartamento","2","2.0","4","6","36","4.809999942779541","false","false","false","250.0","0"
"31859744","77","500","497,53","370","570","38310","Meia Praia","apartamento","2","3.0","3","6","22","5.0","false","false","true","300.0","0"
"30922946","71","150","199,61","140","260","14172","Meia Praia","outros","1","1.0","1","2","92","4.980000019073486","false","true","true","50.0","0"
"1265161823691467042","82","632","596,27","495","674","48894","Centro","apartamento","1","1.0","2","4","8","5.0","true","true","true","190.0","0"
"703527486074504582","74","300","340,88","300","398","25224,75","Meia Praia","apartamento","2","1.0","4","5","18","4.940000057220459","false","false","true","300.0","0"
"49123621","90","900","734,89","650","950","66140,5","Meia Praia","apartamento","3","0.0","4","6","16","4.940000057220459","false","false","true","300.0","0"
"16270332","54","900","896,3","800","1000","48400","Centro","casa","4","2.0","7","11","43","4.809999942779541","false","false","false","100.0","0"
"53803935","26","604,3333","642,42","579","639","16702,83","Meia Praia","apartamento","3","2.0","8","12","13","4.849999904632568","false","true","false","290.0","0"
"16017693","36","910","884,72","910","975","31850","Meia Praia","apartamento","3","3.0","4","7","41","4.900000095367432","true","true","true","350.0","0"
"46710652","71","550","599,49","550","600","42564","Meia Praia","apartamento","3","3.0","3","9","16","4.940000057220459","false","false","true","250.0","0"
"1274055523929375490","91","545","576,93","471","644","52501","Meia Praia","apartamento","1","1.0","1","2","4","5.0","true","true","false","250.0","0"
"839184834439414765","42","150","154,71","150","150","6498","Meia Praia","outros","1","1.0","1","2","37","5.0","false","false","true","5.0","0"
"1043497443334655968","42","870","870,84","870","870","36575,17","Centro","apartamento","2","2.0","2","5","7","4.860000133514404","false","false","true","290.0","0"
"1057964852411462810","77","250","292,66","250","330","22535","Morretes","casa","2","3.0","3","5","13","4.690000057220459","false","false","false","200.0","0"
"52354467","68","450","579,85","450","787","39429,5","Meia Praia","apartamento","3","2.0","3","6","20","4.900000095367432","false","false","true","250.0","0"
"46598066","85","1000","1036,64","1000","1100","88114,17","Centro","apartamento","2","2.0","2","6","18","5.0","false","false","true","250.0","0"
"32585103","57","600","448,05","250","600","25539","Meia Praia","apartamento","2","2.0","2","5","75","4.909999847412109","false","false","true","250.0","0"
"1015691857467598452","55","1296","1225,31","1296","1296","67392","Meia Praia","apartamento","3","2.0","3","6","21","5.0","true","false","true","250.0","0"
"1082133757143221839","17","1200","1200","1200","1200","20400","Meia Praia","apartamento","3","2.0","0","6","19","5.0","false","false","true","300.0","0"
"1052490589225547467","67","700","698,11","675","720","46773,5","Meia Praia","apartamento","3","2.0","6","8","16","5.0","false","false","true","290.0","0"
"1236367599770739400","59","600","579,19","572","600","34172","Centro","apartamento","1","1.0","2","4","15","4.730000019073486","false","false","false","200.0","0"
"46704215","11","580","583,7","566","603,3333","6420,65","Meia Praia","apartamento","2","2.0","2","4","61","4.840000152587891","false","false","true","100.0","0"
"1005958896607152946","55","240","246,55","200","290","13560","Casa Branca","apartamento","2","1.0","3","5","37","4.809999942779541","false","false","true","130.0","0"
"1083424325445690046","54","550","602,62","550","655","32541,67","Meia Praia","apartamento","2","3.0","4","5","5","5.0","false","false","true","250.0","0"
"850675824952359571","68","802","806,76","802","810","54860","Meia Praia","apartamento","3","2.0","4","8","27","4.699999809265137","true","false","false","200.0","0"
"16350860","65","653","603,93","490","690","39255,75","Meia Praia","apartamento","2","2.0","2","5","10","4.900000095367432","false","false","true","230.0","0"
"41147466","45","540","520","495","540","23400","Meia Praia","apartamento","0","2.0","3","6","42","4.860000133514404","false","true","true","300.0","0"
"35912580","38","350","327,82","300","350","12457","Meia Praia","apartamento","3","2.0","3","8","13","5.0","false","false","false","260.0","0"
"36908385","27","455","642,78","455","1040","17355","Meia Praia","apartamento","3","3.0","4","7","22","4.820000171661377","true","true","false","350.0","0"
"38693604","85","450","544,12","450","650","46250","Meia Praia","apartamento","3","2.0","7","8","20","4.849999904632568","false","true","true","300.0","0"
"53973724","69","589","596,51","589","689","41159","Meia Praia","apartamento","3","2.0","4","6","15","4.929999828338623","false","false","true","300.0","0"
"31430342","59","450","463,98","450","450","27375","Meia Praia","apartamento","2","2.0","5","7","12","5.0","false","false","true","250.0","0"
"771111761043546355","75","557","603,27","557","582,75","45245","Centro","apartamento","2","1.0","3","6","18","4.940000057220459","false","false","true","150.0","0"
"12931525","46","383,33334","385,29","360","400","17723,33","Meia Praia","apartamento","3","1.0","3","6","20","4.849999904632568","true","false","false","300.0","0"
"48848529","87","1000","978,76","990","1050","85152","Meia Praia","apartamento","3","4.0","4","12","61","4.840000152587891","false","false","true","350.0","0"
"43300431","88","2500","2417,05","2000","2800","212700","Meia Praia","apartamento","4","3.0","4","10","13","4.690000057220459","false","false","false","250.0","0"
"573122310094338767","44","700","676,48","630","700","29765","Meia Praia","apartamento","3","2.0","3","6","15","4.929999828338623","false","false","true","300.0","0"
"46724379","100","481","446,7","263","570","44670,17","Meia Praia","apartamento","2","1.0","5","7","55","4.909999847412109","false","false","true","199.0","0"
"813090046454458015","84","390","388,45","370","400","32630","Sertao do Trombudo","casa","1","1.0","1","2","47","5.0","false","true","true","150.0","0"
"11044577","55","378","384,62","378","422","21153,85","Centro","apartamento","1","1.0","1","4","26","4.380000114440918","false","true","false","306.0","0"
"1181723518413479765","86","450","524,38","400","600","45097","Centro","apartamento","1","1.0","1","4","12","4.670000076293945","false","false","false","150.0","0"
"50535771","44","650","630,68","300","900","27750","Centro","apartamento","3","2.0","4","6","14","4.570000171661377","false","false","false","200.0","0"
"1214464056304542513","87","680","700,08","594","792","60907","Centro","apartamento","2","1.0","4","5","16","5.0","true","true","true","220.0","0"
"30910938","56","450","478,16","450","450","26777","Meia Praia","apartamento","2","2.0","3","6","46","4.929999828338623","false","false","true","300.0","0"
"694947516825280143","23","330","332,04","330","330","7637","Meia Praia","apartamento","3","2.0","5","8","24","5.0","false","false","true","500.0","0"
"1208746927423730353","79","372","398,15","370","419","31453,67","Centro","apartamento","1","1.0","1","2","1","5.0","true","true","false","150.0","0"
"1056827534457537585","92","299","315,02","299","332,33334","28981,42","Morretes","casa","2","1.0","3","4","17","4.880000114440918","false","false","true","200.0","0"
"812231708820863156","58","500","658,86","498","790","38214,17","Meia Praia","apartamento","4","3.0","4","8","19","4.789999961853027","false","false","false","348.0","0"
"1254489827996538747","74","1190","1238,64","1190","1450","91659,67","Meia Praia","apartamento","3","3.0","4","8","11","5.0","false","true","true","100.0","0"
"54245203","23","578","591,59","530","665,2","13606,5","Meia Praia","apartamento","2","2.0","3","5","8","5.0","false","true","true","200.0","0"
"52214716","79","1657","1500,17","1022","1694,6666","118513,67","Meia Praia","apartamento","4","3.0","6","11","7","5.0","true","false","false","350.0","0"
"49369605","21","230","236,21","207,33333","230","4960,33","Meia Praia","apartamento","3","2.0","0","8","12","4.75","false","false","true","220.0","0"
"766788707373767791","40","520","470,38","355","520","18815","Meia Praia","apartamento","3","3.0","4","8","23","4.909999847412109","false","false","true","150.0","0"
"40250642","73","840","859,78","800","865","62763,67","Meia Praia","apartamento","3","2.0","3","6","25","4.880000114440918","false","false","false","350.0","0"
"1171049670344322120","61","599","678,18","599","699","41369","Meia Praia","apartamento","3","3.0","3","8","17","4.820000171661377","false","false","true","400.0","0"
"996227938456591020","73","350","333,53","252","399","24348","Tabuleiro dos Oliveiras","apartamento","2","2.0","2","6","10","5.0","false","false","true","150.0","0"
"42180312","60","200","194,87","180","200","11692","Jardim Praiamar","casa","1","1.0","1","4","61","5.0","false","false","true","100.0","0"
"10340400","6","300","300","300","300","1800","Meia Praia","apartamento","3","2.0","4","6","55","4.929999828338623","false","true","true","250.0","0"
"53643568","25","769","712,88","664","769","17822","Meia Praia","apartamento","3","2.0","5","7","19","5.0","true","false","true","199.0","0"
"1265295313956605287","79","372","401,42","366","419","31712,17","Centro","apartamento","1","1.0","1","2","0","0.0","true","true","false","190.0","0"
"892662939259281401","13","1500","1500","1500","1500","19500","Meia Praia","apartamento","4","0.0","5","10","14","4.789999961853027","false","true","false","350.0","0"
"906701409648697471","57","598","542,02","350","598","30895","Meia Praia","apartamento","2","2.0","3","6","26","4.960000038146973","false","false","true","200.0","0"
"31530689","90","700","716,33","700","700","64469,5","Meia Praia","apartamento","3","2.0","4","6","24","4.920000076293945","false","true","true","0.0","0"
"744210382596366805","55","500","523,15","500","520","28773,33","Meia Praia","apartamento","3","3.0","3","6","7","5.0","false","false","true","250.0","0"
"1277671971539993475","30","273,5","281,92","250","281","8457,5","Centro","apartamento","1","1.0","1","2","13","5.0","false","true","true","180.0","0"
"54167570","81","1400","1405,93","1400","1400","113880","Meia Praia","apartamento","3","3.0","3","15","8","5.0","false","false","true","150.0","0"
"946451380352813662","28","1100","1109,87","1100","1100","31076,25","Meia Praia","apartamento","3","3.0","4","6","5","5.0","false","false","true","300.0","0"
"1035628196408986358","43","805","948,08","752","935","40767,5","Centro","apartamento","3","2.0","3","6","4","5.0","true","true","false","456.0","0"
"48624860","18","250","322,22","250","400","5800","Meia Praia","apartamento","2","2.0","2","7","13","4.920000076293945","false","false","true","200.0","0"
"16451544","31","500","500","500","500","15500","Centro","apartamento","3","2.0","4","6","11","5.0","false","false","true","200.0","0"
"31454750","59","479","544,47","437","504","32123,5","Canto da Praia","apartamento","2","2.0","2","4","38","4.949999809265137","false","false","true","300.0","0"
"47232230","16","1001","994,88","1001","1001","15918","Meia Praia","apartamento","3","2.0","6","6","20","4.949999809265137","false","false","false","400.0","0"
"790006111813482352","68","405","427,01","405","450","29037","Meia Praia","apartamento","2","2.0","2","6","8","5.0","false","false","true","180.0","0"
"54237040","66","700","696,07","700","700","45940,67","Meia Praia","apartamento","3","2.0","4","8","9","5.0","false","false","true","350.0","0"
"553578003486746447","15","650","750","650","900","11250","Meia Praia","apartamento","2","2.0","2","6","16","4.809999942779541","false","false","false","280.0","0"
"673825002694927178","42","920","802,86","648","960","33720","Meia Praia","apartamento","3","4.0","3","8","9","5.0","false","false","true","300.0","0"
"794710559970994170","68","500","505,7","475","550","34387,5","Meia Praia","apartamento","2","2.0","3","4","11","5.0","false","false","true","10.0","0"
"618150693526656201","48","249","300,17","249","359","14408","Meia Praia","apartamento","2","2.0","4","6","28","4.860000133514404","false","false","false","150.0","0"
"1043599286749467076","62","404,5","501,06","343","500","31065,5","Morretes","apartamento","2","1.0","3","4","20","5.0","true","false","true","205.0","0"
"53986731","15","300","331,33","300","362","4970","Centro","apartamento","3","2.0","3","6","31","4.940000057220459","false","true","true","250.0","0"
"1081972140987250431","63","525","638,88","471","682","40249,25","Meia Praia","apartamento","2","2.0","2","4","9","4.559999942779541","true","true","false","400.0","0"
"22307401","27","400","405,19","400","400","10940","Meia Praia","apartamento","2","2.0","3","6","57","4.880000114440918","false","false","true","230.0","0"
"28987242","28","507","623,86","507","507","17468","Meia Praia","apartamento","4","2.0","5","10","47","4.940000057220459","false","false","true","297.0","0"
"1265370363028714118","84","385","405,29","372","419","34044,5","Centro","apartamento","1","1.0","1","2","1","5.0","true","true","false","190.0","0"
"53796581","58","1000","1116,55","1000","1200","64760","Morretes","apartamento","4","4.0","8","12","6","5.0","false","false","false","400.0","0"
"1070343877574441166","22","300","334,32","300","350","7355","Morretes","apartamento","2","2.0","2","5","12","5.0","false","false","true","150.0","0"
"46936020","54","400","398,24","350","400","21505","Morretes","apartamento","2","2.0","3","6","68","4.989999771118164","false","true","true","200.0","0"
"38800430","34","350","427","199,5","600","14518","Meia Praia","apartamento","3","2.0","5","7","53","4.980000019073486","false","true","true","150.0","0"
"40971559","34","800","724,35","700","800","24628","Meia Praia","apartamento","3","2.0","5","8","10","4.900000095367432","false","false","false","300.0","0"
"28155872","25","400","400","400","400","10000","Meia Praia","apartamento","3","2.0","3","6","13","4.619999885559082","false","false","false","200.0","0"
"11508986","13","354","348,73","324","366","4533,5","Centro","casa","2","1.0","3","5","15","4.869999885559082","false","true","false","150.0","0"
"32990586","85","950","988,49","800","1150","84022","Meia Praia","apartamento","3","2.0","5","6","23","4.960000038146973","false","false","true","350.0","0"
"45687710","79","350","419,46","220","590","33137","Meia Praia","apartamento","2","1.0","5","6","11","4.909999847412109","false","false","true","130.0","0"
"15523493","58","800","641,31","390","850","37196","Meia Praia","apartamento","3","2.0","6","8","96","4.960000038146973","false","true","true","250.0","0"
"1044458170286255125","55","820","837,34","715,5","870","46053,5","Meia Praia","apartamento","4","5.0","4","12","2","5.0","false","false","false","250.0","0"
"805381324514930766","32","750","783,31","750","750","25065,83","Meia Praia","apartamento","3","2.0","6","8","59","4.980000019073486","false","false","true","380.0","0"
"41888100","78","612","552,95","400","678","43130,03","Meia Praia","apartamento","2","2.0","4","6","126","4.869999885559082","false","false","true","250.0","0"
"892721989592935461","49","350","373,45","310","375","18299","Centro","apartamento","2","2.0","4","6","26","5.0","false","false","true","220.0","0"
"1182028381058524086","70","578","586,01","520","654","41020,75","Centro","apartamento","1","1.0","2","4","12","5.0","true","true","true","190.0","0"
"52652931","46","390","437,07","390","550","20105","Meia Praia","apartamento","2","2.0","2","5","18","5.0","false","false","true","250.0","0"
"1297930390704189766","85","545","563,42","471","594","47890,5","Meia Praia","apartamento","1","1.0","1","2","6","5.0","true","true","true","170.0","0"
"762112217871324562","61","490","525,8","450","600","32073,67","Meia Praia","apartamento","3","1.0","5","7","40","4.929999828338623","false","true","true","200.0","0"
"39007372","95","1100","1100","1100","1100","104500","Meia Praia","apartamento","3","3.0","3","6","9","5.0","false","false","false","250.0","0"
"31543199","44","700","751,27","650","700","33056","Meia Praia","apartamento","3","3.0","4","7","27","5.0","false","false","true","200.0","0"
"52758042","103","3000","2882,67","2690","3000","296915","Meia Praia","apartamento","4","4.0","5","8","1","5.0","true","false","false","300.0","0"
"1125970477826966385","68","458","541,5","418","586","36822,33","Morretes","apartamento","2","2.0","2","4","10","4.599999904632568","true","true","false","400.0","0"
"30493854","41","450","497,56","450","500","20400","Meia Praia","apartamento","3","2.0","3","6","19","4.889999866485596","false","false","true","260.0","0"
"1052110098791057231","53","575","687,66","523","627","36446","Meia Praia","apartamento","2","2.0","2","6","8","4.630000114440918","true","true","false","362.0","0"
"633809099013662442","42","450","454,76","400","450","19100","Meia Praia","apartamento","3","2.0","3","7","40","4.980000019073486","false","false","true","250.0","0"
"1181933658424522281","77","372","389,45","363","419","29988","Centro","apartamento","1","1.0","1","2","19","4.789999961853027","true","true","false","150.0","0"
"769461318721075633","36","500","569,44","500","500","20500","Meia Praia","casa","2","3.0","2","10","9","5.0","false","false","true","300.0","0"
"41141790","39","656","697,25","650","756","27192,7","Meia Praia","apartamento","3","2.0","3","8","10","4.900000095367432","false","false","false","330.0","0"
"23078040","54","800","774,07","800","800","41800","Meia Praia","apartamento","3","2.0","3","7","213","4.590000152587891","false","true","false","190.0","0"
"31560419","47","449","408,57","349","449","19203","Centro","apartamento","2","2.0","4","6","16","5.0","false","true","true","220.0","0"
"23787711","90","400","400","400","400","36000","Meia Praia","apartamento","3","2.0","4","6","19","5.0","","<NA>","false","0.0","0"
"1276789839775235217","43","500","430,07","200","613","18493","Morretes","apartamento","2","2.0","2","4","15","5.0","false","false","true","300.0","0"
"1019453731090411731","85","380","437,24","380","450","37165,5","Meia Praia","apartamento","0","1.0","2","4","12","5.0","false","false","true","200.0","0"
"42362925","70","874","991,36","749","1299","69395,5","Meia Praia","apartamento","4","4.0","4","8","175","4.940000057220459","false","true","true","495.0","0"
"50085393","21","650","621,43","650","650","13050","Meia Praia","apartamento","3","2.0","4","11","37","4.96999979019165","false","false","true","250.0","0"
"50958684","74","920","1009,15","890","1090","74677,33","Meia Praia","apartamento","3","3.0","4","8","42","4.980000019073486","false","true","true","495.0","0"
"629724091250673746","71","575","647,41","484","759,5","45966","Meia Praia","apartamento","2","2.0","3","6","46","4.71999979019165","true","true","false","400.0","0"
"40320100","75","760,8333","783,22","747","830","58741,5","Morretes","apartamento","2","2.0","4","5","25","4.960000038146973","false","false","true","0.0","0"
"40777141","9","1506","1506,89","1506","1508","13562","Meia Praia","apartamento","3","4.0","5","8","20","4.800000190734863","true","false","true","350.0","0"
"1085437829031467755","45","583,3333","662,22","500","1000","29800","Centro","apartamento","2","2.0","2","6","1","5.0","false","false","false","200.0","0"
"36032020","25","450","554","450","550","13850","Meia Praia","apartamento","3","2.0","10","8","19","4.840000152587891","true","false","true","300.0","0"
"1192836728602105901","77","495","546,08","446","660","42048,5","Centro","apartamento","1","1.0","2","4","22","4.949999809265137","true","true","true","190.0","0"
"1137698308528017474","53","575","668,68","523","770","35440","Meia Praia","apartamento","3","2.0","4","6","7","5.0","true","true","true","450.0","0"
"31972121","59","350","344,07","321,5","350","20300","Meia Praia","apartamento","2","1.0","3","5","11","4.639999866485596","false","false","false","150.0","0"
"31169655","65","375","404,72","330","490","26306,75","Meia Praia","apartamento","2","2.0","2","6","27","5.0","false","false","true","210.0","0"
"1233973103621276698","69","383","407,87","372","440","28143","Centro","apartamento","1","1.0","2","3","22","4.909999847412109","true","true","true","160.0","0"
"41270247","27","600","603,9","600","600","16305,33","Meia Praia","apartamento","3","2.0","3","9","18","4.889999866485596","false","false","true","250.0","0"
"1285538056394050628","97","990","1050,18","601","1584","101867,5","Centro","apartamento","2","2.0","5","7","3","4.670000076293945","true","true","false","240.0","0"
"21695053","82","702","747,18","702","785,25","61268,75","Meia Praia","apartamento","3","3.0","7","8","78","4.880000114440918","false","true","false","450.0","0"
"1173260792743932663","36","1088,5","1117,09","1056,5","1142,5","40215,33","Meia Praia","apartamento","3","2.0","4","7","2","5.0","true","true","false","270.0","0"
"1100720037663116812","66","842","939,33","752","1089","61996","Centro","apartamento","3","3.0","3","6","15","4.869999885559082","true","true","true","500.0","0"
"47402735","66","399","462,03","399","599","30493,7","Centro","apartamento","2","2.0","5","6","6","5.0","false","true","false","610.0","0"
"837646263953285868","68","450","473,13","400","546","32173,12","Meia Praia","apartamento","2","2.0","3","7","24","5.0","false","false","true","250.0","0"
"1188476386889166335","79","536,5","558,66","471","660","44134,25","Centro","apartamento","1","2.0","2","4","12","4.75","true","true","true","190.0","0"
"53154219","87","585,3333","624,89","550","711","54365,17","Meia Praia","apartamento","2","2.0","3","5","27","4.849999904632568","false","false","true","300.0","0"
"46220279","80","697","652,32","647","697","52185,7","Meia Praia","apartamento","3","2.0","5","8","24","4.880000114440918","false","false","true","350.0","0"
"35934720","10","500","500","500","500","5000","Canto da Praia","apartamento","2","1.0","2","4","14","4.929999828338623","false","false","true","250.0","0"
"28075525","36","400","473,4","380","450","17042,5","Meia Praia","apartamento","2","2.0","2","6","20","4.949999809265137","false","false","true","250.0","0"
"739663897909156017","72","800","720,83","600","800","51900","Meia Praia","apartamento","2","2.0","4","5","14","4.929999828338623","false","false","true","0.0","0"
"39745810","89","2250","2352,58","2250","2500","209379,46","Meia Praia","apartamento","4","5.0","3","8","0","0.0","false","false","false","700.0","0"
"1161927707286622818","38","220,42857","222,72","191","239","8463,23","Centro","apartamento","1","1.0","1","2","27","5.0","false","true","true","250.0","0"
"1006396584243125090","83","524,3333","553,43","404","656","45934,92","Centro","apartamento","1","1.0","2","4","50","4.800000190734863","true","true","false","60.0","0"
"26026295","27","390","438,7","340","580","11845","Meia Praia","apartamento","2","2.0","3","5","150","4.829999923706055","false","true","true","250.0","0"
"964579064376617710","74","693","757,78","627","880","56075,5","Meia Praia","apartamento","3","0.0","3","8","4","5.0","true","true","false","456.0","0"
"794996321339600522","67","350","392,04","350","500","26267","Meia Praia","apartamento","2","2.0","2","6","8","5.0","false","true","true","250.0","0"
"44075219","14","2778,4285","2654,43","2259,5","2864","37161,97","Centro","apartamento","3","3.0","6","8","17","4.880000114440918","","<NA>","false","0.0","0"
"52619006","58","450","489,09","450","500","28367","Centro","apartamento","2","2.0","3","6","70","5.0","false","false","true","260.0","0"
"795757968903961791","73","350","356,73","350","354","26041,5","Casa Branca","apartamento","2","1.0","3","3","12","4.670000076293945","false","true","false","0.0","0"
"904512525045117852","43","550","542,79","300","750","23339,9","Meia Praia","apartamento","3","2.0","4","8","41","5.0","false","false","true","180.0","0"
"32697747","34","350","362","300","420,5","12307,93","Meia Praia","apartamento","2","2.0","3","5","65","4.889999866485596","false","false","false","300.0","0"
"53175731","101","1199","1032,66","999","1199","104299","Meia Praia","apartamento","3","2.0","7","7","7","5.0","false","false","true","360.0","0"
"34866449","74","400","484,01","400","550","35817","Meia Praia","apartamento","3","2.0","4","8","23","4.829999923706055","false","false","true","150.0","0"
"17034886","46","446","832,75","446","1422","38306,5","Meia Praia","casa","2","2.0","6","16","29","4.760000228881836","false","false","false","100.0","0"
"1174263938200349649","89","500","550,07","498","535,5","48956,67","Centro","apartamento","1","1.0","1","2","22","4.909999847412109","false","false","true","250.0","0"
"1183418487997408853","63","471","533,13","445","660","33587,5","Centro","apartamento","1","1.0","2","4","20","4.75","true","true","false","190.0","0"
"53492577","28","300","292,5","300","300","8190","Meia Praia","apartamento","3","2.0","3","8","15","4.929999828338623","false","true","true","300.0","0"
"1034873975277447845","62","656,5","788,38","614","927,5","48879,58","Meia Praia","apartamento","3","4.0","3","6","16","4.880000114440918","true","true","true","456.0","0"
"29008738","56","494","573,77","480","690","32131","Meia Praia","apartamento","4","3.0","4","10","46","5.0","false","false","true","297.0","0"
"1016100494032497541","78","369","370,69","338","388","28914","Sertaozinho","casa","1","1.0","1","2","34","4.940000057220459","true","false","true","100.0","0"
"44153810","48","199","188,38","179","199","9042","Alto Sao Bento","apartamento","2","1.0","3","4","35","4.909999847412109","false","false","true","200.0","0"
"46990438","60","600","532,07","400","600","31924,2","Centro","apartamento","2","3.0","4","6","17","5.0","false","false","true","300.0","0"
"16527828","87","1050","1055,79","980","1190","91854","Meia Praia","apartamento","4","3.0","8","8","18","4.829999923706055","false","false","false","350.0","0"
"1083301106167776779","30","430","459","430","477","13770","Morretes","apartamento","3","2.0","4","8","16","5.0","false","false","true","250.0","0"
"1188339469325210376","73","495","554,74","446","660","40496","Centro","apartamento","1","1.0","2","4","22","4.949999809265137","true","true","true","190.0","0"
"46604700","87","350","350,74","350","350","30514,17","Ilhota","apartamento","1","1.0","2","4","33","5.0","false","true","true","100.0","0"
"1226846054624436877","93","713","705,91","594","802","65649,5","Centro","apartamento","2","1.0","3","6","7","4.860000133514404","true","true","false","240.0","0"
"40191152","76","2500","1999,75","1068","2500","151981,33","Meia Praia","apartamento","4","5.0","4","10","6","5.0","false","true","false","250.0","0"
"30494198","89","475","442,43","297","520","39376","Meia Praia","apartamento","3","2.0","4","7","29","4.789999961853027","false","false","false","280.0","0"
"618943952389206201","80","400","524,94","400","700","41995","Meia Praia","apartamento","2","2.0","5","6","13","4.849999904632568","false","false","false","360.0","0"
"34540951","70","549","574,61","499","599","40223","Meia Praia","apartamento","3","3.0","5","8","67","4.869999885559082","false","false","true","400.0","0"
"53458717","51","380","392,5","380","410","20017,67","Meia Praia","apartamento","3","2.0","4","6","11","5.0","false","false","true","200.0","0"
"41404141","68","690","700,7","690","690","47647,6","Meia Praia","apartamento","3","2.0","4","6","5","5.0","false","false","false","180.0","0"
"47325492","89","607,7778","639,08","600","650","56877,9","Meia Praia","apartamento","3","3.0","3","8","11","5.0","false","true","true","150.0","0"
"31055581","69","415","422,1","325","445","29125","Meia Praia","apartamento","2","2.0","5","6","66","4.789999961853027","false","false","false","315.0","0"
"725867973010290782","66","480","496,05","450","500","32739","Meia Praia","apartamento","2","2.0","4","6","26","5.0","false","false","true","300.0","0"
"39394644","90","783,3333","764,64","650","800","68818","Meia Praia","apartamento","3","2.0","5","8","5","5.0","false","false","false","300.0","0"
"29800671","75","546","548,89","376","646","41166,5","Meia Praia","apartamento","3","2.0","4","8","120","4.800000190734863","false","false","false","196.0","0"
"1329787295308110610","71","935","935","935","935","66385","Centro","apartamento","2","1.0","3","5","0","0.0","true","true","false","220.0","0"
"46088002","58","648","648","648","648","37584","Meia Praia","apartamento","2","3.0","3","5","103","4.829999923706055","true","false","true","200.0","0"
"1147824179020677628","49","440","469,26","440","440","22993,5","Centro","apartamento","1","1.0","2","4","11","5.0","false","false","true","140.0","0"
"1264729892004302735","35","450","455,84","405","450","15954,4","Centro","apartamento","1","2.0","2","4","0","0.0","false","false","false","190.0","0"
"40560834","90","716","706,82","500","811","63614","Centro","apartamento","2","2.0","7","9","293","4.860000133514404","true","true","true","60.0","0"
"29302246","58","400","394,72","349","400","22894","Casa Branca","apartamento","2","1.0","4","5","56","4.909999847412109","true","false","false","180.0","0"
"1002785860497857801","80","500","544,29","438","600","43543,5","Meia Praia","apartamento","3","2.0","3","6","12","5.0","","<NA>","true","0.0","0"
"627388721154300829","26","550","432,69","300","550","11250","Meia Praia","apartamento","3","4.0","3","8","38","4.869999885559082","false","false","true","270.0","0"
"816613605644920543","92","2100","1982,61","1800","2100","182400","Centro","casa","4","5.0","10","12","5","5.0","false","false","true","0.0","0"
"1321022086036905023","91","858","884,81","770","858","80517,83","Centro","apartamento","2","1.0","2","5","0","0.0","true","true","false","220.0","0"
"1207940918769840398","77","385","401,55","372","419","30919,17","Centro","apartamento","1","1.0","1","2","2","5.0","true","true","false","150.0","0"
"40576710","59","500","541,53","500","600","31950","Meia Praia","casa","4","2.0","8","10","10","4.800000190734863","false","false","false","300.0","0"
"956676934234107014","24","504","516,25","395","716","12390","Meia Praia","apartamento","3","2.0","6","9","47","4.940000057220459","false","false","true","210.0","0"
"52348108","43","400","530,23","400","800","22800","Meia Praia","apartamento","2","2.0","3","6","25","4.760000228881836","false","false","false","250.0","0"
"983188724209547131","74","1000","872,59","695","1000","64572","Meia Praia","apartamento","3","0.0","3","8","13","4.849999904632568","false","true","true","300.0","0"
"1053030252161966865","83","280","276,72","252","288","22968","Casa Branca","apartamento","2","1.0","2","6","5","5.0","false","false","true","80.0","0"
"47543180","38","250","237,83","250","250","9037,5","Centro","casa","2","1.0","2","5","42","4.809999942779541","false","false","false","150.0","0"
"1074031328011239995","102","1500","1718,23","1500","2000","175259,5","Varzea","casa","5","1.0","7","15","4","5.0","false","false","false","300.0","0"
"786807324710664147","52","850","1143,65","800","1550","59470","Meia Praia","apartamento","4","4.0","4","8","13","4.849999904632568","true","true","true","200.0","0"
"47254288","72","450","497,92","350","600","35850","Meia Praia","apartamento","3","2.0","3","6","38","4.96999979019165","false","false","true","249.0","0"
"965310801955633109","63","450","476,98","350","600","30050","Meia Praia","apartamento","2","2.0","2","6","14","5.0","false","false","true","250.0","0"
"30085847","86","590","580,97","510","590","49963","Meia Praia","apartamento","2","2.0","3","5","34","4.880000114440918","false","false","true","290.0","0"
"667324814851452653","67","800","861,45","800","1000","57717","Meia Praia","apartamento","3","3.0","3","12","6","5.0","false","false","false","250.0","0"
"39145712","31","993","846,84","651","996","26252","Morretes","apartamento","3","2.0","3","8","166","4.900000095367432","false","true","true","150.0","0"
"21545686","72","269","310,96","269","380","22389","Centro","apartamento","2","1.0","3","5","92","4.760000228881836","false","true","false","120.0","0"
"16177778","92","600","756,38","600","900","69587","Meia Praia","apartamento","3","3.0","4","8","9","5.0","false","false","false","300.0","0"
"40910065","88","650","604,71","650","720","53214,6","Meia Praia","apartamento","0","1.0","5","8","10","5.0","false","false","false","300.0","0"
"725205326528652381","5","600","600","600","600","3000","Meia Praia","casa","3","2.0","3","7","20","4.849999904632568","false","false","false","100.0","0"
"956398979498945273","39","500","464,1","400","500","18100","Meia Praia","apartamento","3","3.0","3","8","17","5.0","false","false","true","250.0","0"
"15980018","22","400","400","400","400","8800","Centro","apartamento","2","2.0","6","5","103","4.900000095367432","false","false","true","130.0","0"
"1233994658216308874","61","376","407,42","372","419","24852,5","Centro","apartamento","1","1.0","2","3","16","4.380000114440918","true","true","false","180.0","0"
"769616108652112172","33","350","363,33","350","380","11990","Meia Praia","apartamento","2","2.0","3","6","14","5.0","false","true","true","280.0","0"
"1187558666042801587","71","564","616,99","471","732","43806","Meia Praia","apartamento","3","2.0","3","6","7","5.0","true","true","true","400.0","0"
"53240300","79","990","1002,47","990","990","79195","Meia Praia","apartamento","3","3.0","3","14","15","4.929999828338623","false","false","true","350.0","0"
"49824103","47","440","487,85","440","542","22929","Meia Praia","apartamento","3","2.0","3","8","43","4.929999828338623","false","true","true","250.0","0"
"22421606","47","361","451,4","333","480","21216","Morretes","casa","2","1.0","8","11","27","4.849999904632568","false","false","false","100.0","0"
"45803876","78","450","522,99","450","567,5","40793,5","Meia Praia","apartamento","3","3.0","3","7","40","5.0","false","false","true","260.0","0"
"772706520794806760","9","450","450","450","450","4050","Varzea","casa","1","1.0","4","4","19","5.0","false","true","true","50.0","0"
"54365625","81","700","670,8","600","700","54335","Ilhota","casa","3","2.0","3","8","10","4.300000190734863","false","false","false","180.0","0"
"1045459185575382038","93","500","514,62","450","580","47860","Morretes","apartamento","2","2.0","2","5","15","5.0","false","false","true","200.0","0"
"43712530","21","601","601","601","601","12621","Meia Praia","apartamento","3","3.0","3","7","15","5.0","false","false","true","400.0","0"
"836415940545761422","60","490","521,59","490","570","31295,5","Meia Praia","apartamento","1","1.0","1","4","14","4.929999828338623","false","false","true","200.0","0"
"46769078","93","988","899,98","561","1392","83697,83","Meia Praia","apartamento","3","3.0","3","8","13","4.920000076293945","false","false","true","300.0","0"
"805726391815686158","57","399","425,28","399","399","24241","Tabuleiro dos Oliveiras","apartamento","2","2.0","5","5","6","5.0","false","false","true","200.0","0"
"47802450","29","210","209,97","181","210","6089","Ilhota","casa","2","1.0","4","5","54","4.980000019073486","false","true","true","100.0","0"
"837846012155525926","44","400","411,36","400","400","18100","Meia Praia","apartamento","3","2.0","5","9","10","4.599999904632568","false","false","false","350.0","0"
"46878566","81","500","497,96","450","540","40335","Centro","apartamento","3","3.0","3","6","20","4.800000190734863","false","false","false","250.0","0"
"53445765","58","360","385,19","311,125","500","22340,75","Meia Praia","apartamento","2","2.0","2","6","24","5.0","false","true","true","200.0","0"
"39316910","15","790","684","500","815","10260","Meia Praia","apartamento","4","3.0","4","10","52","4.789999961853027","false","false","true","300.0","0"
"1042032092670718662","29","402","411,03","385","418","11920","Meia Praia","apartamento","1","1.0","1","4","11","4.909999847412109","false","false","true","140.0","0"
"14872547","64","700","613,27","450","730","39249,25","Meia Praia","apartamento","2","2.0","2","5","32","4.690000057220459","false","false","false","230.0","0"
"914342944500490787","42","596","694,12","544","648","29152,83","Meia Praia","apartamento","3","4.0","3","8","5","5.0","false","false","true","300.0","0"
"40532740","40","330","309,62","250","350","12385","Meia Praia","apartamento","2","2.0","5","6","28","4.960000038146973","false","true","true","200.0","0"
"802922826036667371","64","1200","1210,94","1200","1200","77500","Meia Praia","apartamento","3","3.0","4","8","15","5.0","false","false","true","300.0","0"
"39837626","23","430","461,96","430","505","10625","Meia Praia","apartamento","3","3.0","3","6","22","5.0","false","false","true","350.0","0"
"46036384","58","330","344,63","330","346,5","19988,5","Morretes","apartamento","2","2.0","3","6","51","4.920000076293945","false","false","true","150.0","0"
"39972515","59","323","337,71","304,5","331,75","19925","Meia Praia","apartamento","2","1.0","3","6","140","4.829999923706055","false","false","true","200.0","0"
"1037004838842410100","35","330","310,79","220","426,5","10877,5","Meia Praia","apartamento","1","1.0","2","3","12","4.579999923706055","false","true","false","120.0","0"
"828036946101813387","24","262,5","341,35","240","300","8192,5","Morretes","apartamento","2","2.0","4","6","12","5.0","false","false","true","260.0","0"
"1234084273027568746","60","372","404,94","372","446","24296,5","Centro","apartamento","1","1.0","2","3","13","4.769999980926514","true","true","false","180.0","0"
"939218400123538892","34","350","444,12","350","550","15100","Casa Branca","apartamento","2","1.0","3","5","6","5.0","false","true","true","120.0","0"
"52646204","66","899","965,02","899","999","63691","Meia Praia","apartamento","4","4.0","6","10","12","5.0","false","false","true","250.0","0"
"39507664","39","599","533,44","429","599","20804","Meia Praia","apartamento","4","3.0","4","8","50","4.840000152587891","false","false","true","275.0","0"
"46896012","65","550","617,93","538","680","40165,2","Meia Praia","apartamento","3","2.0","4","8","14","4.929999828338623","true","true","true","350.0","0"
"37494985","84","850","857,39","750","950","72020,5","Meia Praia","apartamento","3","3.0","8","6","22","4.639999866485596","false","false","false","350.0","0"
"673826267743797671","27","704","733,44","704","760","19803","Meia Praia","apartamento","3","4.0","3","8","14","4.929999828338623","false","false","true","300.0","0"
"16105751","31","250","255,71","250","250","7927","Centro","apartamento","2","2.0","2","4","138","4.860000133514404","false","true","true","250.0","0"
"980365989956218871","73","1582","1528,62","1311","1582","111589,5","Meia Praia","apartamento","3","3.0","3","9","10","4.900000095367432","true","true","true","449.0","0"
"39583346","50","700","545","350","700","27250","Meia Praia","apartamento","3","3.0","3","6","60","4.980000019073486","false","true","true","250.0","0"
"1274533646308060247","86","471","536,75","418","561","46160,33","Morretes","apartamento","2","2.0","2","4","4","5.0","true","true","false","369.0","0"
"792096103347120988","59","450","448,74","390","500","26475,75","Tabuleiro dos Oliveiras","apartamento","2","2.0","2","6","15","5.0","false","false","true","250.0","0"
"678242953903453952","49","350","353,06","300","350","17300","Meia Praia","apartamento","2","2.0","3","6","10","5.0","false","true","true","200.0","0"
"47172145","74","700","618,09","500","700","45739","Centro","apartamento","3","3.0","4","9","5","5.0","false","false","false","300.0","0"
"18735821","44","250","250,61","250","250","11027","Meia Praia","apartamento","2","2.0","3","8","10","4.199999809265137","false","false","false","250.0","0"
"38262480","27","1200","1205,56","1200","1200","32550","Meia Praia","apartamento","4","3.0","5","8","45","4.869999885559082","false","true","true","250.0","0"
"612245203931813020","66","900","777,05","450","1000","51285","Meia Praia","apartamento","4","3.0","4","9","24","4.920000076293945","false","false","true","300.0","0"
"1292815457899461748","72","680","776,72","627","818","55923,75","Centro","apartamento","2","1.0","2","4","4","5.0","true","true","false","240.0","0"
"525472560929976068","87","1090","1029,07","981","1090","89529","Meia Praia","apartamento","3","3.0","3","8","18","4.940000057220459","false","true","true","350.0","0"
"38998610","68","195","195","195","195","13260","Meia Praia","casa","1","1.0","2","3","13","4.849999904632568","false","false","false","100.0","0"
"836385234465202348","48","1040","1188,96","650","1690","57070","Meia Praia","apartamento","3","4.0","4","7","16","5.0","true","true","true","380.0","0"
"826063757882656916","82","516","615,72","516","675","50489","Meia Praia","apartamento","1","1.0","3","4","45","5.0","false","true","true","200.0","0"
"1047723626454445067","104","1650","1618,41","1483,3334","1750","168314,83","Meia Praia","apartamento","3","3.0","3","8","7","5.0","false","true","true","0.0","0"
"48158176","33","390","370,81","290","390","12236,67","Meia Praia","apartamento","2","2.0","2","6","33","4.909999847412109","false","true","true","280.0","0"
"684782448665574114","60","635","586,75","480","640","35205","Meia Praia","apartamento","3","2.0","6","9","29","5.0","false","false","true","250.0","0"
"679166677359467385","79","937","1130,67","937","1371","89323","Meia Praia","apartamento","3","2.0","4","10","7","5.0","true","false","true","350.0","0"
"8936081","27","460","493,04","437","594,5","13312","Meia Praia","apartamento","2","2.0","4","5","35","4.889999866485596","false","false","false","250.0","0"
"32606991","77","536,5","570,45","480","650","43924,5","Meia Praia","apartamento","3","3.0","4","8","22","4.769999980926514","false","false","false","190.0","0"
"831740758559247685","34","800","807,12","800","800","27442","Meia Praia","apartamento","3","2.0","5","5","21","5.0","false","false","true","350.0","0"
"53738511","64","466","466","466","466","29824","Meia Praia","apartamento","2","1.0","4","5","81","4.829999923706055","true","false","false","200.0","0"
"681139047695558927","47","219","229,47","165","300","10785","Morretes","apartamento","2","2.0","2","4","22","4.730000019073486","false","true","false","260.0","0"
"22245880","72","1217","1299,04","1146,3334","1456","93530,67","Meia Praia","apartamento","3","3.0","6","8","63","4.900000095367432","true","false","true","250.0","0"
"21780661","63","600","478,25","300","600","30130","Casa Branca","apartamento","2","1.0","3","4","20","4.900000095367432","false","true","true","200.0","0"
"621626596784793972","43","500","524,42","500","500","22550","Meia Praia","apartamento","3","2.0","6","8","39","5.0","false","false","true","310.0","0"
"21436592","67","490","528,81","490","590","35430","Meia Praia","apartamento","3","3.0","3","9","18","4.71999979019165","false","false","false","350.0","0"
"815806026505024003","33","900","897,21","900","900","29608","Meia Praia","apartamento","3","2.0","3","9","7","5.0","false","false","true","250.0","0"
"1077396104359577731","20","600","599,2","550","617","11984","Meia Praia","apartamento","3","2.0","3","6","9","4.78000020980835","false","true","true","30.0","0"
"1082746592587689161","44","390","591,65","390","780","26032,5","Tabuleiro dos Oliveiras","apartamento","3","2.0","3","6","10","5.0","true","true","true","300.0","0"
"780376166619260652","44","429","529,45","429","650","23296","Meia Praia","apartamento","3","3.0","4","6","5","5.0","false","true","false","250.0","0"
"639163267116212627","8","100","100","100","100","800","Tabuleiro dos Oliveiras","outros","1","1.0","1","2","23","5.0","","<NA>","true","0.0","0"
"38638326","80","630,25","642,75","506,5","700","51419,67","Meia Praia","apartamento","3","3.0","4","6","106","4.980000019073486","false","false","true","300.0","0"
"1311575286815584867","82","757","790,96","678","872,5","64858,75","Tabuleiro dos Oliveiras","apartamento","2","2.0","5","6","1","5.0","true","true","false","210.0","0"
"760805979001764233","3","650","650","650","650","1950","Meia Praia","casa","3","1.0","3","9","9","4.78000020980835","false","false","true","280.0","0"
"45480718","12","467","361,54","200","483,33334","4338,5","Meia Praia","apartamento","3","2.0","4","8","34","4.760000228881836","false","false","true","250.0","0"
"799251513158018593","60","500","542,87","500","500","32572,19","Morretes","apartamento","3","2.0","4","6","26","4.960000038146973","false","false","true","250.0","0"
"785658004981722606","79","550","593,53","473","690","46888,5","Tabuleiro dos Oliveiras","apartamento","2","2.0","2","6","10","5.0","false","true","true","200.0","0"
"49050392","46","700","741,3","700","800","34100","Meia Praia","apartamento","3","2.0","3","8","44","4.949999809265137","false","false","true","150.0","0"
"869504505210568410","80","1250","1162,5","1000","1250","93000","Centro","apartamento","2","2.0","2","5","6","5.0","false","false","true","350.0","0"
"746451645715267085","91","900","975,48","900","1000","88768,5","Meia Praia","apartamento","3","3.0","3","9","7","5.0","false","false","true","400.0","0"
"1203140233522044896","88","482","463,83","379","546","40817,45","Centro","apartamento","1","1.0","2","4","13","5.0","false","false","true","180.0","0"
"23779860","32","300","406,25","300","525","13000","Meia Praia","apartamento","3","2.0","4","12","14","4.570000171661377","false","false","false","200.0","0"
"54246694","89","800","710,11","800","800","63200","Meia Praia","apartamento","3","3.0","5","8","10","5.0","false","true","true","300.0","0"
"22190101","46","250","271,74","250","250","12500","Meia Praia","apartamento","2","1.0","3","7","38","4.889999866485596","false","false","true","200.0","0"
"42515348","32","900","837,5","900","900","26800","Meia Praia","apartamento","4","3.0","7","12","28","5.0","false","false","true","250.0","0"
"41590719","73","400","400,92","300","450","29267,5","Meia Praia","apartamento","2","1.0","4","6","58","4.929999828338623","false","false","true","250.0","0"
"53899162","72","290","298,21","290","315","21471","Meia Praia","apartamento","2","1.0","4","7","20","4.900000095367432","false","false","false","180.0","0"
"37153670","53","400","386,8","300","411,33334","20500,5","Meia Praia","apartamento","3","2.0","5","8","25","4.920000076293945","false","false","true","200.0","0"
"46451253","71","440","575,65","440","800","40871,5","Meia Praia","apartamento","3","2.0","3","7","10","5.0","false","false","true","250.0","0"
"1053132609735844516","11","1050","990,91","750","1200","10900","Meia Praia","apartamento","3","2.0","5","10","17","4.940000057220459","false","false","false","300.0","0"
"604521043281534642","27","1080","927,41","650","1100","25040","Centro","apartamento","4","3.0","5","7","40","4.949999809265137","false","false","true","300.0","0"
"30271062","76","583","534,49","450","583","40621","Meia Praia","apartamento","2","1.0","3","6","6","5.0","false","false","false","250.0","0"
"1207992119242235910","89","372","392,39","363","411","34922,67","Centro","apartamento","1","1.0","1","2","3","5.0","true","true","false","150.0","0"
"25104649","57","890","714,98","450","890","40754","Meia Praia","apartamento","4","3.0","6","12","43","4.980000019073486","false","false","true","250.0","0"
"30785010","58","430","512,11","400","600","29702,5","Meia Praia","apartamento","2","2.0","2","6","46","4.829999923706055","false","false","false","280.0","0"
"1242002119123644781","90","5500","5622,66","5500","5583","506039,5","Meia Praia","apartamento","4","4.0","11","6","0","0.0","false","false","false","0.0","0"
"47052262","69","399","445,66","389","499","30750,33","Centro","apartamento","3","2.0","1","7","19","4.889999866485596","false","true","true","610.0","0"
"39109062","74","1400","1485,14","1400","1500","109900","Meia Praia","apartamento","4","4.0","4","12","12","4.920000076293945","false","false","false","450.0","0"
"39363955","57","370","397,41","320","456,25","22652,65","Meia Praia","apartamento","2","1.0","4","7","6","5.0","false","false","false","200.0","0"
"1039235354309448898","75","150","186,67","150","200","14000","Centro","apartamento","2","1.0","3","2","8","5.0","false","true","true","350.0","0"
"28429135","63","330,8","433,17","330","432,5","27289,63","Meia Praia","apartamento","0","0.0","1","8","11","4.909999847412109","false","false","false","350.0","0"
"1023885231203292759","80","490","513,52","490","570","41081,33","Meia Praia","apartamento","1","1.0","1","4","11","5.0","false","false","true","200.0","0"
"30032994","57","360","428,42","280","610","24420","Meia Praia","apartamento","2","2.0","3","8","11","5.0","false","false","true","280.0","0"
"762916089194134311","104","1000","1011,54","1000","1000","105200","Centro","apartamento","2","2.0","3","5","3","5.0","false","false","false","170.0","0"
"21552865","29","650","698,17","650","750","20247","Meia Praia","apartamento","2","2.0","2","6","49","4.960000038146973","false","true","true","200.0","0"
"51825638","74","650","657,42","650","650","48649","Meia Praia","apartamento","3","2.0","4","6","8","5.0","false","true","false","50.0","0"
"17294276","47","850","970,53","850","1000","45615","Meia Praia","apartamento","4","4.0","5","9","21","4.949999809265137","false","false","false","300.0","0"
"16992951","71","500","562,89","473,5","649","39965,5","Centro","apartamento","3","2.0","5","8","11","5.0","false","true","true","250.0","0"
"1011115904222911872","79","700","767,75","700","850","60652,5","Meia Praia","apartamento","3","2.0","3","6","15","5.0","false","false","true","350.0","0"
"45002455","26","250","380,77","250","550","9900","Meia Praia","apartamento","2","2.0","2","5","52","4.650000095367432","false","false","false","300.0","0"
"15934309","70","790","792,74","680","830","55492","Meia Praia","apartamento","3","2.0","3","8","32","4.940000057220459","false","false","false","320.0","0"
"1248685472424986601","38","284","292,24","248","340","11105","Morretes","apartamento","2","2.0","3","6","10","5.0","false","false","true","300.0","0"
"30354217","27","320","347,57","320","330","9384,5","Meia Praia","apartamento","3","2.0","5","8","36","4.559999942779541","false","false","false","200.0","0"
"23390752","78","1350","1377,29","1300","1350","107429","Tabuleiro dos Oliveiras","casa","7","3.0","8","13","47","4.940000057220459","false","false","true","250.0","0"
"1307990676918354925","87","572","559,81","446","648","48703,5","Centro","apartamento","1","1.0","2","4","3","4.670000076293945","true","true","false","190.0","0"
"45768161","83","850","662,65","450","850","55000","Meia Praia","apartamento","3","2.0","3","6","22","4.820000171661377","false","false","false","300.0","0"
"1044223371798078486","70","800","801,07","700","800","56075","Meia Praia","apartamento","3","3.0","4","8","6","5.0","false","false","true","250.0","0"
"1024067179174522246","70","200","215,55","200","216","15088,53","Leopoldo Zarling","casa","1","1.0","1","2","14","5.0","false","false","true","100.0","0"
"883930877150990341","5","109","109","109","109","545","Meia Praia","outros","1","1.0","1","3","26","4.960000038146973","false","false","true","30.0","0"
"1197195878719681680","76","384","401,17","371,5","410","30489,17","Centro","apartamento","1","1.0","1","3","16","4.559999942779541","true","true","false","160.0","0"
"806702099486447309","68","500","598,19","500","750","40677","Meia Praia","apartamento","3","2.0","3","8","9","5.0","false","false","true","300.0","0"
"40892344","60","409","425,08","400","419","25505","Meia Praia","apartamento","3","2.0","3","8","38","4.820000171661377","false","true","true","350.0","0"
"41260111","85","1763","1787,62","1526","2034","151947,78","Meia Praia","apartamento","4","3.0","6","11","6","5.0","false","false","false","400.0","0"
