"listing_id","sale_price","usable_area","price_per_m2","suburb"
"2687011752","1598122","131","12199,4","Meia Praia"
"2697432835","1450000","118","12288,14","Meia Praia"
"2612161501","1500000","125","12000","Castelo Branco"
"2598271159","870000","70","12428,57","Morretes"
"2691331590","2150000","130","16538,46","Andorinha"
"2705744229","1648500","117","14089,74","Meia Praia"
"2617641178","3900000","150","26000","Centro"
"2702953872","6500000","300","21666,67","Sertão do Trombudo"
"2766855415","989000","149","6637,58","Casa Branca"
"2644816494","1350000","105","12857,14","Meia Praia"
"2744689901","9998000","180","55544,44","Meia Praia"
"2760827827","1945000","175","11114,29","Andorinha"
"1546305474","1100000","97","11340,21","Castelo Branco"
"2666979700","2790000","142","19647,89","Meia Praia"
"2613764899","1450000","123","11788,62","Meia Praia"
"2609061132","2300000","164","14024,39","Meia Praia"
"2766851231","1399800","103","13590,29","Castelo Branco"
"2761880214","1200000","80","15000","Meia Praia"
"2592489849","1530000","135","11333,33","Andorinha"
"2763648539","1550000","125","12400","Castelo Branco"
"2702670796","550000","70","7857,14","Morretes"
"2762331321","1400000","164","8536,59","Meia Praia"
"2613245825","1340000","125","10720","Castelo Branco"
"2648244192","730000","139","5251,8","Casa Branca"
"2741975571","950000","80","11875","Centro"
"2764635017","1800000","142","12676,06","Meia Praia"
"2609060688","973668","105","9273,03","Castelo Branco"
"2727819545","895000","135","6629,63","Tabuleiro dos Oliveiras"
"2560637347","480000","70","6857,14","Morretes"
"2754972400","1199000","112","10705,36","Meia Praia"
"2593389870","4890000","202","24207,92","Meia Praia"
"2748231901","4843960","262","18488,4","Centro"
"2749233294","8095000","229","35349,34","Centro"
"2764633096","890000","79","11265,82","Morretes"
"2760094099","750000","70","10714,29","Meia Praia"
"2652784252","1050000","100","10500","Meia Praia"
"2607340722","529000","85","6223,53","Morretes"
"2764975510","1550000","145","10689,66","Andorinha"
"2764978835","1690000","108","15648,15","Meia Praia"
"2627156154","678000","70","9685,71","Morretes"
"2567865290","2998800","164","18285,37","Centro"
"2733668216","850000","67","12686,57","Morretes"
"2767582146","730000","70","10428,57","Morretes"
"2560637439","550001","70","7857,16","Morretes"
"2560637525","540000","95","5684,21","Morretes"
"2646970775","1500000","136","11029,41","Castelo Branco"
"2748603035","1304054","111","11748,23","Andorinha"
"2736815120","5927250","300","19757,5","Castelo Branco"
"2685746487","1545075","126","12262,5","Meia Praia"
"2764005337","750000","70","10714,29","Morretes"
"2666979995","1400000","168","8333,33","Centro"
"2760965299","950000","70","13571,43","Morretes"
"2670862295","3943000","233","16922,75","Meia Praia"
"2766852824","1490000","101","14752,48","Meia Praia"
"2694375980","776000","68","11411,76","Morretes"
"2728077631","650000","65","10000","Morretes"
"2760266628","600000","68","8823,53","Morretes"
"2746689115","844830","80","10560,38","Morretes"
"2560637118","880000","70","12571,43","Morretes"
"2763648538","1480000","125","11840","Castelo Branco"
"2766852431","1051800","129","8153,49","Meia Praia"
"2681617210","1430000","134","10671,64","Andorinha"
"2728061700","750000","68","11029,41","Morretes"
"2626576307","9000000","440","20454,55","Casa Branca"
"2626577112","2790000","143","19510,49","Meia Praia"
"2766853938","600300","69","8700","Varzea"
"2560637416","550000","88","6250","Morretes"
"2507980755","7500000","185","40540,54","Centro"
"2560060060","9359829","198","47271,86","Meia Praia"
"2711254196","950000","86","11046,51","Andorinha"
"2746556203","799900","68","11763,24","Morretes"
"2764979718","1590000","129","12325,58","Meia Praia"
"2679480707","2201409","172","12798,89","Meia Praia"
"2560056881","1686311","138","12219,64","Meia Praia"
"2720533534","697000","65","10723,08","Tabuleiro dos Oliveiras"
"2751815708","1478000","122","12114,75","Meia Praia"
"2733826525","2300000","229","10043,67","Sertão do Trombudo"
"2561071557","797000","70","11385,71","Morretes"
"2718306376","640000","66","9696,97","Varzea"
"2754746749","1526569","120","12721,41","Andorinha"
"2626580032","1690000","117","14444,44","Centro"
"2744697119","590000","69","8550,72","Morretes"
"2721108944","650000","288","2256,94","Morretes"
"2693494335","897777","60","14962,95","Morretes"
"2764631048","1950000","1443","1351,35","Meia Praia"
"2668001715","2300000","219","10502,28","Castelo Branco"
"2742325556","1480000","126","11746,03","Castelo Branco"
"2758556132","2500000","132","18939,39","Meia Praia"
"2732128414","525000","59","8898,31","Morretes"
"2746143506","3900000","160","24375","Meia Praia"
"2693494918","877180","64","13705,94","Morretes"
"2754746320","900000","73","12328,77","Meia Praia"
"2560636990","550000","70","7857,14","Morretes"
"2745218133","850000","80","10625","Centro"
"2737257018","1200000","122","9836,07","Meia Praia"
"2626750358","1850000","150","12333,33","Meia Praia"
"2659552768","1500000","145","10344,83","Meia Praia"
"2686570048","536000","69","7768,12","Varzea"
"2560637696","806000","70","11514,29","Morretes"
"2655470871","2800000","207","13526,57","Centro"
"2729768732","990000","135","7333,33","Tabuleiro dos Oliveiras"
"2560637663","880000","70","12571,43","Morretes"
"2560637394","710000","110","6454,55","Morretes"
"2763215815","1680000","105","16000","Castelo Branco"
"2670480819","1880000","124","15161,29","Meia Praia"
"2590072103","1216999","87","13988,49","Canto da Praia"
"2748437711","9818894","201","48850,22","Meia Praia"
"2617068017","9753886","201","48526,8","Meia Praia"
"2710300697","630000","61","10327,87","Jardim Praia Mar"
"2650409404","749800","105","7140,95","Morretes"
"2699297477","600000","60","10000","Morretes"
"2614369252","460000","55","8363,64","Morretes"
"2736167157","9753104","201","48522,91","Meia Praia"
"2646142602","1580000","157","10063,69","Castelo Branco"
"2723548133","1358000","104","13057,69","Meia Praia"
"2769150314","630000","69","9130,43","Casa Branca"
"2763412421","680000","70","9714,29","Varzea"
"2646971197","680000","70","9714,29","Morretes"
"2648247156","730000","139","5251,8","Casa Branca"
"2670319409","1325000","146","9075,34","Andorinha"
"2761879915","749000","63","11888,89","Jardim Praia Mar"
"2626581157","750000","70","10714,29","Tabuleiro dos Oliveiras"
"2569455786","1500000","105","14285,71","Meia Praia"
"2636858385","1190000","102","11666,67","Meia Praia"
"2736812579","727000","70","10385,71","Morretes"
"2622333430","1500000","130","11538,46","Meia Praia"
"2689659829","813905","69","11795,72","Morretes"
"2740355212","1100000","104","10576,92","Andorinha"
"2721617441","1842000","137","13445,26","Andorinha"
"2768381818","1327767","110","12070,61","Meia Praia"
"2560637468","595000","74","8040,54","Morretes"
"2698138395","746114","70","10658,77","Casa Branca"
"2656704261","999217","70","14274,53","Morretes"
"2764630858","850000","90","9444,44","Andorinha"
"2736331867","630000","62","10161,29","Alto São Bento"
"2723763236","1199000","88","13625","Castelo Branco"
"2751584198","558001","43","12976,77","Morretes"
"2605966804","3090000","198","15606,06","Andorinha"
"2749293710","699900","66","10604,55","Morretes"
"2744009367","7000000","140","50000","Meia Praia"
"2684229868","550000","70","7857,14","Alto São Bento"
"2766852124","1100000","169","6508,88","Meia Praia"
"2760437849","1311000","81","16185,19","Meia Praia"
"2699373973","360000","264","1363,64","Alto São Bento"
"2761878727","8250000","185","44594,59","Meia Praia"
"2764631676","1490000","116","12844,83","Meia Praia"
"2763747295","1250000","114","10964,91","Centro"
"2761579327","719000","70","10271,43","Casa Branca"
"2761506471","930000","103","9029,13","Meia Praia"
"2732422020","795000","130","6115,38","Meia Praia"
"2678331888","699000","95","7357,89","Morretes"
"2736812985","1535000","102","15049,02","Castelo Branco"
"2560637387","550000","75","7333,33","Morretes"
"2634832363","645000","68","9485,29","Tabuleiro dos Oliveiras"
"2722816072","1000000","80","12500",""
"2706407714","880000","80","11000","Castelo Branco"
"2560637659","828000","65","12738,46","Morretes"
"2593229605","3867304","156","24790,41","Centro"
"2754747725","1650000","140","11785,71","Castelo Branco"
"2641898491","610200","69","8843,48","Morretes"
"2720508840","4355000","222","19617,12","Meia Praia"
"2724974460","1550000","109","14220,18","Andorinha"
"2749537102","678564","70","9693,77","Jardim Praia Mar"
"2574581774","628000","74","8486,49","Morretes"
"2730204043","7800000","181","43093,92","Meia Praia"
"2758185922","1496000","131","11419,85","Meia Praia"
"2619928893","900000","68","13235,29","Morretes"
"2560637756","550000","75","7333,33","Morretes"
"2560637301","550000","70","7857,14","Morretes"
"2511792442","2716000","160","16975","Meia Praia"
"2560637753","550000","74","7432,43","Morretes"
"2662659255","858900","70","12270","Morretes"
"2764632841","2450000","176","13920,45","Meia Praia"
"2743646784","2399000","212","11316,04","Meia Praia"
"2626745123","1500000","128","11718,75","Meia Praia"
"2697681574","1800000","119","15126,05","Canto da Praia"
"2560637601","550000","95","5789,47","Morretes"
"2675182818","1990000","150","13266,67","Centro"
"2689675220","1750000","116","15086,21","Castelo Branco"
"2711047108","950000","120","7916,67","Meia Praia"
"2618659886","1530000","116","13189,66","Canto da Praia"
"2582998801","2500000","160","15625","Meia Praia"
"2760878444","3390000","104","32596,15","Andorinha"
"2560637279","540000","90","6000","Morretes"
"2764433707","741000","69","10739,13","Morretes"
"2482909220","3960000","166","23855,42","Meia Praia"
"2655558771","980000","134","7313,43","Meia Praia"
"2755686223","599760","110","5452,36","Casa Branca"
"2713539407","1960000","122","16065,57","Meia Praia"
"2660133148","691104","60","11518,4","Morretes"
"2765291079","1695000","133","12744,36","Centro"
"2670893401","3790000","179","21173,18","Meia Praia"
"2595766461","1326000","98","13530,61","Meia Praia"
"2648769282","4355000","170","25617,65","Meia Praia"
"2740234245","1700000","2278","746,27","Casa Branca"
"2650934347","680000","45","15111,11","Meia Praia"
"2564211149","550000","85","6470,59","Morretes"
"2717662035","994000","134","7417,91","Meia Praia"
"2726427250","3940000","213","18497,65","Meia Praia"
"2560637754","550000","90","6111,11","Morretes"
"2560637623","600000","95","6315,79","Morretes"
"2613024538","1135000","87","13045,98","Andorinha"
"2692616573","850000","315","2698,41","Morretes"
"2763645109","780000","69","11304,35","Tabuleiro dos Oliveiras"
"2768649928","711000","70","10157,14","Morretes"
"2595519387","7800000","181","43093,92","Meia Praia"
"2761230715","5381516","195","27597,52","Meia Praia"
"2727371881","1690000","145","11655,17","Castelo Branco"
"2689585215","1180000","95","12421,05","Castelo Branco"
"2677486783","699000","95","7357,89","Morretes"
"2694441578","840000","68","12352,94","Morretes"
"2701997373","6500000","300","21666,67","Sertão do Trombudo"
"2745244713","3600000","157","22929,94","Meia Praia"
"2729114035","1495000","99","15101,01","Canto da Praia"
"2560635210","880000","70","12571,43","Morretes"
"2764631483","1684000","105","16038,1","Meia Praia"
"2761876931","3800000","157","24203,82","Meia Praia"
"2655799061","3042990","185","16448,59","Centro"
"2670479698","940000","69","13623,19","Morretes"
"2692110091","2100000","126","16666,67","Andorinha"
"2764420846","790000","63","12539,68","Jardim Praia Mar"
"2637822656","835000","70","11928,57","Morretes"
"2444182175","1700000","118","14406,78","Andorinha"
"2758556130","2900000","157","18471,34","Meia Praia"
"2599020457","1600000","108","14814,81","Meia Praia"
"2611783663","862000","67","12865,67","Morretes"
"2736812983","2804255","50","56085,1","Centro"
"2764632427","2259781","150","15065,21","Meia Praia"
"2646971455","4950000","173","28612,72","Meia Praia"
"2714720237","1400000","118","11864,41","Centro"
"2685473175","1390000","133","10451,13","Castelo Branco"
"2550758386","660000","70","9428,57","Tabuleiro dos Oliveiras"
"2635689211","1250000","125","10000","Meia Praia"
"2569458101","1400000","138","10144,93","Meia Praia"
"2760452623","1690000","117","14444,44","Centro"
"2561569266","580000","74","7837,84","Morretes"
"2765282136","1007000","81","12432,1","Meia Praia"
"2765169649","1799000","115","15643,48","Castelo Branco"
"2619829320","1549022","165","9388,01","Castelo Branco"
"2646971169","1500000","126","11904,76","Andorinha"
"2645728036","2955500","194","15234,54","Ilhota"
"2632683754","600944","65","9245,29","Morretes"
"2631033182","674000","62","10870,97","Morretes"
"2761121472","3490000","77","45324,68","Centro"
"2720891534","557000","117","4760,68","Sertão do Trombudo"
"2764632548","1550000","127","12204,72","Meia Praia"
"2751984404","490000","60","8166,67","Alto São Bento"
"2629168768","6980000","230","30347,83","Meia Praia"
"2723966274","750000","68","11029,41","Morretes"
"2701238776","450000","70","6428,57","Morretes"
"2571329845","2520000","173","14566,47","Meia Praia"
"2730584254","1350000","124","10887,1","Meia Praia"
"2687811369","1527000","120","12725","Meia Praia"
"2660788406","1490000","200","7450","Castelo Branco"
"2763649242","3650000","189","19312,17","Meia Praia"
"2560637199","550000","70","7857,14","Morretes"
"2744015187","940000","90","10444,44","Castelo Branco"
"2755945353","689000","69","9985,51","Morretes"
"2765264358","1060000","78","13589,74","Meia Praia"
"2726398463","2579000","125","20632","Meia Praia"
"2738805842","1750000","149","11744,97","Centro"
"2518155074","1227000","87","14103,45","Centro"
"2760224016","750000","70","10714,29","Meia Praia"
"2646971266","1300000","252","5158,73","Morretes"
"2745230102","600000","67","8955,22","Jardim Praia Mar"
"2676665114","2400000","1875","1280","Casa Branca"
"2560637335","620000","85","7294,12","Morretes"
"2688539929","850000","400","2125","Casa Branca"
"2761878443","4500000","224","20089,29","Meia Praia"
"2762950725","900000","69","13043,48","Morretes"
"2533607007","2100000","304","6907,89","Castelo Branco"
"2646969723","890000","70","12714,29","Morretes"
"2756649105","915000","56","16339,29","Centro"
"2749536302","694382","69","10063,51","Jardim Praia Mar"
"2560637003","540000","95","5684,21","Morretes"
"2562694069","2310000","120","19250","Meia Praia"
"2764631838","1450000","1445","1003,46","Meia Praia"
"2723276265","1350000","124","10887,1","Castelo Branco"
"2761579418","8630000","205","42097,56","Meia Praia"
"2612685887","807000","69","11695,65","Meia Praia"
"2740287919","3500000","188","18617,02","Meia Praia"
"2693494334","871773","60","14529,55","Morretes"
"2692636068","2200000","135","16296,3","Meia Praia"
"2736416021","850000","90","9444,44","Meia Praia"
"2645785477","2920000","135","21629,63","Meia Praia"
"2746689524","891450","84","10612,5","Morretes"
"2746689523","748125","71","10536,97","Morretes"
"2706362011","2500000","193","12953,37","Meia Praia"
"2560637613","806000","70","11514,29","Morretes"
"2761579815","2600000","156","16666,67","Meia Praia"
"2655964158","1100000","78","14102,56","Andorinha"
"2757201119","1358747","122","11137,27","Andorinha"
"2579392413","750000","70","10714,29","Morretes"
"2603912396","1690000","163","10368,1","Andorinha"
"2581740500","802000","70","11457,14","Morretes"
"2698543208","950000","127","7480,31","Meia Praia"
"2511795506","1335806","115","11615,7","Meia Praia"
"2748954999","850000","87","9770,11","Castelo Branco"
"2736413655","1150000","72","15972,22","Morretes"
"2767255618","3298880","185","17831,78","Andorinha"
"2767580929","1380000","281","4911,03","Morretes"
"2700889302","3800000","158","24050,63","Meia Praia"
"2432459382","3000000","153","19607,84","Meia Praia"
"2711999408","995000","135","7370,37","Meia Praia"
"2764347230","737171","69","10683,64","Alto São Bento"
"2723233256","8733544","417","20943,75","Meia Praia"
"2741520863","869000","130","6684,62","Morretes"
"2765332326","2650000","500","5300","Meia Praia"
"2764631264","1500000","109","13761,47","Meia Praia"
"2736815025","568608","66","8615,27","Morretes"
"2754785414","1950000","144","13541,67","Meia Praia"
"2746883528","1550000","149","10402,68","Meia Praia"
"2608012734","1550000","118","13135,59","Centro"
"2521640909","2368607","142","16680,33","Meia Praia"
"2737657421","1298000","135","9614,81","Andorinha"
"2591565950","1440000","120","12000","Castelo Branco"
"2716669021","740000","119","6218,49","Morretes"
"2613183873","1490000","116","12844,83","Centro"
"2560637261","550000","80","6875","Morretes"
"2763105827","1165000","118","9872,88","Andorinha"
"2703529793","1450000","115","12608,7","Meia Praia"
"2566776287","1150000","97","11855,67","Meia Praia"
"2748550403","1500000","157","9554,14","Castelo Branco"
"2765548429","1218613","87","14007,05","Canto da Praia"
"2765619467","680000","70","9714,29","Morretes"
"2695571478","2300000","123","18699,19","Meia Praia"
"2757849917","850000","68","12500","Morretes"
"2729245113","694000","70","9914,29","Centro"
"2697457126","799000","115","6947,83","Andorinha"
"2764631666","1208000","120","10066,67","Centro"
"2675944016","4518860","205","22043,22","Meia Praia"
"2592169415","1200000","116","10344,83","Canto da Praia"
"2759271762","1580000","116","13620,69","Canto da Praia"
"2560637630","1198000","70","17114,29","Morretes"
"2693494822","865680","64","13526,25","Morretes"
"2757850523","795000","70","11357,14","Morretes"
"2619825865","1262166","121","10431,12","Castelo Branco"
"2560058933","9800000","180","54444,44","Meia Praia"
"2560637596","550000","70","7857,14","Morretes"
"2757201222","1394168","122","11427,61","Andorinha"
"2674711952","1230420","105","11718,29","Meia Praia"
"2560637072","595000","80","7437,5","Morretes"
"2749653722","673400","68","9902,94","Alto São Bento"
"2660940766","590000","70","8428,57","Morretes"
"2763748057","927000","69","13434,78","Morretes"
"2693495014","865014","64","13515,84","Morretes"
"2711631997","1400000","119","11764,71","Andorinha"
"2699586564","618000","70","8828,57","Morretes"
"2720232955","480000","65","7384,62","Morretes"
"2555701613","740000","69","10724,64","Morretes"
"2763105248","9998000","180","55544,44","Meia Praia"
"2657075810","5126275","202","25377,6","Meia Praia"
"2763173846","1790000","124","14435,48","Meia Praia"
"2718970637","557000","117","4760,68","Sertão do Trombudo"
"2664304796","789000","65","12138,46","Morretes"
"2684922851","1340000","127","10551,18","Andorinha"
"2743303126","950000","110","8636,36","Andorinha"
"2670862520","895000","80","11187,5","Meia Praia"
"2664863504","429000","70","6128,57","Morretes"
"2740008414","4900000","173","28323,7","Meia Praia"
"2714723207","650000","77","8441,56","Andorinha"
"2595766458","1500000","128","11718,75","Meia Praia"
"2765404536","3880000","157","24713,38","Meia Praia"
"2700106940","999000","88","11352,27","Meia Praia"
"2738794352","580000","270","2148,15","Morretes"
"2739865143","1880000","112","16785,71","Andorinha"
"2632574556","1300000","109","11926,61","Meia Praia"
"2672322885","2300000","164","14024,39","Andorinha"
"2681523497","660000","69","9565,22","Morretes"
"2764979922","1500000","133","11278,2","Meia Praia"
"2688799819","515000","66","7803,03","Morretes"
"2749529607","656240","69","9510,72","Jardim Praia Mar"
"2712474306","699208","40","17480,2","Andorinha"
"2728011539","525000","60","8750","Morretes"
"2761576355","1450000","100","14500","Meia Praia"
"2749230114","749000","70","10700","Casa Branca"
"2723364613","1490000","132","11287,88","Andorinha"
"2685613539","627296","70","8961,37","Jardim Praia Mar"
"2646999470","1590000","118","13474,58","Andorinha"
"2676414900","1299000","105","12371,43","Meia Praia"
"2569455788","600000","66","9090,91","Morretes"
"2662906033","848335","67","12661,72","Morretes"
"2560637318","550000","80","6875","Morretes"
"2620661463","895000","80","11187,5","Andorinha"
"2702953181","450000","70","6428,57","Morretes"
"2722922573","740000","119","6218,49","Morretes"
"2764381321","1500000","113","13274,34","Andorinha"
"2732243218","424000","40","10600","Morretes"
"2751093115","1599000","139","11503,6","Castelo Branco"
"2669591094","695000","69","10072,46","Tabuleiro dos Oliveiras"
"2760625614","4500000","210","21428,57","Centro"
"2682160806","2000000","164","12195,12","Andorinha"
"2763191814","1100000","83","13253,01","Andorinha"
"2660284823","550000","76","7236,84","Morretes"
"2760221735","695000","70","9928,57","Centro"
"2693494921","992860","60","16547,67","Morretes"
"2742973857","700000","70","10000","Morretes"
"2569300960","1600000","118","13559,32","Centro"
"2717835301","5200000","300","17333,33","Sertão do Trombudo"
"2511793546","1675000","108","15509,26","Castelo Branco"
"2713980062","575712","65","8857,11","Morretes"
"2637821463","1050000","80","13125","Alto São Bento"
"2577005008","2500000","170","14705,88","Meia Praia"
"2699373478","3090000","126","24523,81","Meia Praia"
"2763088929","1290000","85","15176,47","Centro"
"2764004443","3800000","179","21229,05","Meia Praia"
"2764758939","930000","70","13285,71","Varzea"
"2718873746","1188500","109","10903,67","Meia Praia"
"2645631157","3336000","191","17465,97","Centro"
"2754168827","424000","41","10341,46","Morretes"
"2560637502","590000","85","6941,18","Morretes"
"2644154072","1300000","142","9154,93","Meia Praia"
"2743253113","2577000","233","11060,09","Meia Praia"
"2592727232","1590000","123","12926,83","Andorinha"
"2759113422","699000","455","1536,26","Meia Praia"
"2636059524","6158563","240","25660,68","Meia Praia"
"2560637699","710000","70","10142,86","Morretes"
"2765293638","1695000","120","14125","Meia Praia"
"2594346472","1250000","122","10245,9","Andorinha"
"2706129695","550000","70","7857,14","Morretes"
"2764345127","1890000","115","16434,78","Meia Praia"
"2736815021","641186","69","9292,55","Morretes"
"2573337525","640000","70","9142,86","Morretes"
"2766853121","995000","93","10698,92","Meia Praia"
"2730380529","2000000","350","5714,29","Ilhota"
"2667707398","1526566","120","12721,38","Andorinha"
"2645218394","3899000","163","23920,25","Morretes"
"2710044482","610000","65","9384,62","Morretes"
"2764974911","850000","119","7142,86","Andorinha"
"2560637376","550000","74","7432,43","Morretes"
"2658141300","700000","70","10000","Morretes"
"2621870421","1680000","123","13658,54","Andorinha"
"2758555853","3995000","180","22194,44","Meia Praia"
"2764631265","1472834","122","12072,41","Andorinha"
"2609060685","3500000","1531","2286,09","Meia Praia"
"2728076694","735000","68","10808,82","Morretes"
"2728077652","450000","70","6428,57","Morretes"
"2677800233","1695000","118","14364,41","Centro"
"2759130328","699000","455","1536,26","Meia Praia"
"2564210111","797000","70","11385,71","Morretes"
"2617731388","9800000","180","54444,44","Meia Praia"
"2560637300","550000","90","6111,11","Morretes"
"2763499021","649000","69","9405,8","Tabuleiro dos Oliveiras"
"2765063106","5997000","343","17483,97","Meia Praia"
"2510252673","620000","70","8857,14","Varzea"
"2630293615","1225275","112","10939,96","Andorinha"
"2729778330","1250000","102","12254,9","Meia Praia"
"2763649133","829000","100","8290","Morretes"
"2560637225","550000","90","6111,11","Morretes"
"2596028441","3780000","187","20213,9","Meia Praia"
"2617107696","620000","64","9687,5","Morretes"
"2650232475","1650000","128","12890,62","Meia Praia"
"2715747022","954000","85","11223,53","Andorinha"
"2560637575","550000","90","6111,11","Morretes"
"2705720551","515000","66","7803,03","Morretes"
"2560637262","480002","70","6857,17","Morretes"
"2641211985","790000","70","11285,71","Tabuleiro dos Oliveiras"
"2723133842","1200000","103","11650,49","Andorinha"
"2702183983","799000","76","10513,16","Castelo Branco"
"2595144582","1500000","180","8333,33","Morretes"
"2718030844","1150000","92","12500","Castelo Branco"
"2761879718","1690000","119","14201,68","Meia Praia"
"2720051287","951000","70","13585,71","Meia Praia"
"2673397678","699000","95","7357,89","Morretes"
"2729166624","581000","69","8420,29","Alto São Bento"
"2560636988","590001","85","6941,19","Morretes"
"2760094110","695000","70","9928,57","Centro"
"2764743233","697131","67","10404,94","Morretes"
"2763091014","560000","43","13023,26","Morretes"
"2560637037","580000","80","7250","Morretes"
"2590052907","1150000","130","8846,15",""
"2561990856","720000","115","6260,87","Morretes"
"2747202005","980000","102","9607,84","Andorinha"
"2737654816","1300000","135","9629,63","Andorinha"
"2749359028","890000","81","10987,65","Meia Praia"
"2592567932","4800000","362","13259,67","Canto da Praia"
"2738142652","420000","69","6086,96","Alto São Bento"
"2647769634","4600000","188","24468,09","Meia Praia"
"2599020455","1190000","113","10530,97","Morretes"
"2766852232","1529800","120","12748,33","Andorinha"
"2539510590","2100000","151","13907,28","Meia Praia"
"2654353538","1600000","128","12500","Centro"
"2482909812","4504000","183","24612,02","Meia Praia"
"2765082718","850000","336","2529,76","Morretes"
"2694369976","790000","68","11617,65","Morretes"
"2749743142","2845125","154","18474,84","Ilhota"
"2560636999","710000","110","6454,55","Morretes"
"2761879923","1590000","114","13947,37","Andorinha"
"2746295942","700000","100","7000","Morretes"
"2763562526","795000","60","13250","Morretes"
"2560637489","880000","70","12571,43","Morretes"
"2723208912","2464079","140","17600,56","Meia Praia"
"2731627817","2090000","128","16328,12","Meia Praia"
"2560637571","580000","74","7837,84","Morretes"
"2760155241","695000","70","9928,57","Centro"
"2760013245","750000","70","10714,29","Morretes"
"2765068428","558000","43","12976,74","Morretes"
"2560059201","2290000","175","13085,71","Centro"
"2612811405","850000","252","3373,02","Morretes"
"2676710410","1350000","125","10800","Andorinha"
"2652670153","677000","68","9955,88","Morretes"
"2743644809","680088","67","10150,57","Varzea"
"2766853714","1299800","117","11109,4","Castelo Branco"
"2655470872","1300000","92","14130,43","Centro"
"2768686916","557957","40","13948,92","Meia Praia"
"2764632334","799000","61","13098,36","Morretes"
"2579474453","1800000","161","11180,12","Meia Praia"
"2726460191","2200000","250","8800","Meia Praia"
"2694370878","515000","66","7803,03","Morretes"
"2744695933","568888","69","8244,75","Alto São Bento"
"2443678881","4900000","198","24747,47","Meia Praia"
"2564695763","776000","70","11085,71","Morretes"
"2694760900","699001","95","7357,91","Morretes"
"2727566346","849000","65","13061,54","Morretes"
"2762331517","5250000","16573","316,78","Sertão do Trombudo"
"2560636955","580000","70","8285,71","Morretes"
"2764633823","670000","691","969,61","Morretes"
"2593921424","574000","70","8200","Varzea"
"2625805824","1220000","101","12079,21","Meia Praia"
"2644395661","2095000","143","14650,35","Castelo Branco"
"2529057186","1292230","118","10951,1","Meia Praia"
"2613409651","8500000","440","19318,18","Casa Branca"
"2560637027","880001","70","12571,44","Morretes"
"2748435813","1115842","86","12974,91","Meia Praia"
"2560637511","620000","74","8378,38","Morretes"
"2748438000","7993000","486","16446,5","Castelo Branco"
"2749321139","529360","55","9624,73","Sertãozinho"
"2591359414","570010","69","8261,01","Jardim Praia Mar"
"2767582002","655000","64","10234,38","Varzea"
"2761366523","720000","110","6545,45","Morretes"
"2762700042","1500000","108","13888,89","Meia Praia"
"2759437914","550000","68","8088,24","Morretes"
"2723959119","849000","115","7382,61","Andorinha"
"2737592152","1300000","104","12500","Andorinha"
"2764768481","1780000","118","15084,75","Meia Praia"
"2656865288","6595000","189","34894,18","Meia Praia"
"2655495385","2587567","160","16172,29","Meia Praia"
"2735272929","8085000","359","22520,89","Meia Praia"
"2759065235","699000","455","1536,26","Meia Praia"
"2763090332","1630000","126","12936,51","Meia Praia"
"2692636162","3600000","208","17307,69","Centro"
"2692635958","1180000","100","11800","Meia Praia"
"2765548425","1150000","117","9829,06","Meia Praia"
"2756214830","1005007","40","25125,18","Meia Praia"
"2767582451","698140","67","10420","Morretes"
"2434762115","2800000","157","17834,39","Centro"
"2760157921","750000","70","10714,29","Meia Praia"
"2569453263","1500000","114","13157,89","Centro"
"2764632411","1300000","105","12380,95","Meia Praia"
"2560059200","1329000","104","12778,85","Meia Praia"
"2760080648","2800000","175","16000","Meia Praia"
"2699373577","2420000","163","14846,63","Andorinha"
"2764220321","1526565","120","12721,38","Andorinha"
"2766852339","952800","75","12704","Meia Praia"
"2697672998","2500000","161","15527,95","Canto da Praia"
"2761878252","2500000","140","17857,14","Centro"
"2511793804","2162000","116","18637,93","Meia Praia"
"2559266065","980000","332","2951,81","Sertão do Trombudo"
"2760490017","1399000","106","13198,11","Meia Praia"
"2723623838","750000","96","7812,5","Andorinha"
"2580279411","1000000","150","6666,67","Alto São Bento"
"2560637284","550001","70","7857,16","Morretes"
"2764975507","920000","69","13333,33","Morretes"
"2596036081","2550000","137","18613,14","Meia Praia"
"2741811354","479000","40","11975","Morretes"
"2618397804","741000","70","10585,71","Morretes"
"2560636986","580000","90","6444,44","Morretes"
"2727432737","549000","70","7842,86","Alto São Bento"
"2759541319","1640000","117","14017,09","Meia Praia"
"2764632872","1500000","100","15000","Canto da Praia"
"2755294588","1949900","140","13927,86","Meia Praia"
"2735685063","550001","288","1909,73","Morretes"
"2683018601","1882918","151","12469,66","Meia Praia"
"2560637084","620000","74","8378,38","Morretes"
"2763985222","900000","90","10000","Tabuleiro dos Oliveiras"
"2567535767","1400000","154","9090,91","Meia Praia"
"2765060729","680000","80","8500","Morretes"
"2756211455","1005007","40","25125,18","Meia Praia"
"2592783784","1300000","150","8666,67","Meia Praia"
"2702951379","630000","100","6300","Morretes"
"2560637740","590000","85","6941,18","Morretes"
"2727832613","1199000","88","13625","Castelo Branco"
"2565062615","670000","90","7444,44","Morretes"
"2723749579","750000","96","7812,5","Andorinha"
"2768649923","1799000","114","15780,7","Andorinha"
"2731120819","1937000","145","13358,62","Meia Praia"
"2736227914","2200000","129","17054,26","Meia Praia"
"2694444884","850000","252","3373,02","Morretes"
"2648657584","1320000","142","9295,77","Centro"
"2766854728","1150000","100","11500","Meia Praia"
"2720508934","1500000","128","11718,75","Meia Praia"
"2436295273","9360000","201","46567,16","Meia Praia"
"2659644654","1300000","157","8280,25","Castelo Branco"
"2699373581","750000","1800","416,67",""
"2743479960","829000","110","7536,36","Morretes"
"2564475153","776000","70","11085,71","Morretes"
"2685743393","1100000","112","9821,43","Andorinha"
"2735685891","600000","315","1904,76","Morretes"
"2756217416","1005007","40","25125,18","Meia Praia"
"2763648533","750000","70","10714,29","Morretes"
"2560637757","900000","70","12857,14","Morretes"
"2750962200","582500","64","9101,56","Jardim Praia Mar"
"2765272215","1523000","142","10725,35","Centro"
"2688743819","620000","70","8857,14","Morretes"
"2690261973","750000","70","10714,29","Morretes"
"2715685838","1480000","120","12333,33","Meia Praia"
"2453448640","2387000","160","14918,75","Meia Praia"
"2683484142","1250000","115","10869,57","Meia Praia"
"2744014216","2800000","200","14000","Canto da Praia"
"2560637216","550000","74","7432,43","Morretes"
"2613763029","1490000","131","11374,05","Andorinha"
"2651328568","1650000","127","12992,13","Andorinha"
"2728428431","650000","65","10000","Jardim Praia Mar"
"2704501977","950000","150","6333,33","Meia Praia"
"2763649237","997500","70","14250","Morretes"
"2762825414","662560","60","11042,67","Alto São Bento"
"2723877739","590000","73","8082,19","Morretes"
"2574431281","1458360","165","8838,55","Meia Praia"
"2723364765","800000","69","11594,2","Morretes"
"2759671529","1640000","117","14017,09","Meia Praia"
"2723568355","2600000","1585","1640,38","Alto São Bento"
"2678301997","850001","252","3373,02","Morretes"
"2560637171","880000","70","12571,43","Morretes"
"2763166014","1750000","116","15086,21","Meia Praia"
"2752618524","1580000","160","9875","Morretes"
"2703245044","550000","70","7857,14","Morretes"
"2700271884","790000","68","11617,65","Morretes"
"2694368807","1500000","180","8333,33","Morretes"
"2763927921","900000","90","10000","Tabuleiro dos Oliveiras"
"2560637277","620002","74","8378,41","Morretes"
"2560637207","580000","70","8285,71","Morretes"
"2737660691","1200000","120","10000","Meia Praia"
"2734479915","550000","288","1909,72","Morretes"
"2694368874","520001","70","7428,59","Morretes"
"2562602447","776000","70","11085,71","Morretes"
"2657046122","6538000","169","38686,39","Meia Praia"
"2758598360","3880000","243","15967,08","Canto da Praia"
"2613688239","2300000","170","13529,41","Andorinha"
"2750109109","586000","60","9766,67","Morretes"
"2682448374","1990000","135","14740,74","Meia Praia"
"2682113805","549000","66","8318,18","Morretes"
"2710639195","650000","67","9701,49","Tabuleiro dos Oliveiras"
"2732164341","950000","120","7916,67","Meia Praia"
"2764630930","2200000","215","10232,56","Andorinha"
"2704434553","9000000","725","12413,79","Meia Praia"
"2733171560","1900000","153","12418,3","Centro"
"2626954637","1200000","120","10000","Meia Praia"
"2676286394","790000","68","11617,65","Morretes"
"2736697914","780000","68","11470,59","Morretes"
"2717753034","1095000","115","9521,74","Meia Praia"
"2511795591","2326581","150","15510,54","Meia Praia"
"2761878146","1297000","95","13652,63","Meia Praia"
"2754736338","386800","44","8790,91","Morretes"
"2708860704","8602000","229","37563,32","Centro"
"2754748209","1197054","114","10500,47","Andorinha"
"2732136013","720000","106","6792,45","Morretes"
"2596091583","699000","68","10279,41","Morretes"
"2560637069","695000","70","9928,57","Morretes"
"2762699568","1740000","117","14871,79","Centro"
"2763087525","1462197","115","12714,76","Meia Praia"
"2754747728","1548115","135","11467,52","Centro"
"2769421513","600000","140","4285,71","Centro"
"2646971354","2900000","190","15263,16","Meia Praia"
"2614621709","1100000","94","11702,13","Meia Praia"
"2560637340","880000","70","12571,43","Morretes"
"2560637055","1198000","70","17114,29","Morretes"
"2563596201","2100000","135","15555,56","Centro"
"2754712210","549000","60","9150","Alto São Bento"
"2759605154","1640000","117","14017,09","Meia Praia"
"2619803122","1690000","146","11575,34","Meia Praia"
"2764220613","2900000","97","29896,91","Andorinha"
"2566093293","670000","90","7444,44","Morretes"
"2476460689","650000","69","9420,29","Morretes"
"2562595802","5500000","217","25345,62","Meia Praia"
"2596877325","899000","167","5383,23","Morretes"
"2763195814","1600000","98","16326,53","Centro"
"2656878340","1099000","75","14653,33","Meia Praia"
"2764857006","1495000","100","14950","Canto da Praia"
"2765550314","1150000","140","8214,29","Meia Praia"
"2561784419","2150000","129","16666,67","Meia Praia"
"2717750581","1098000","115","9547,83","Meia Praia"
"2644171671","400000","33","12121,21","Morretes"
"2682115621","548000","67","8179,1","Morretes"
"2560636979","590000","90","6555,56","Morretes"
"2564768087","670000","90","7444,44","Morretes"
"2761579618","1500000","113","13274,34","Andorinha"
"2663051060","520000","73","7123,29","Morretes"
"2759653146","700000","70","10000","Castelo Branco"
"2766852815","1649800","157","10508,28","Meia Praia"
"2689672648","500000","60","8333,33","Alto São Bento"
"2764633725","1100000","87","12643,68","Meia Praia"
"2760274279","1150000","250","4600","Castelo Branco"
"2678337794","620000","70","8857,14","Morretes"
"2569300962","1219916","118","10338,27","Centro"
"2712055593","1000000","86","11627,91","Centro"
"2766852449","1690000","120","14083,33","Andorinha"
"2769149731","1150000","109","10550,46","Meia Praia"
"2693915132","650000","288","2256,94","Morretes"
"2732555744","600000","315","1904,76","Morretes"
"2760224222","590000","89","6629,21","Andorinha"
"2763648643","735000","80","9187,5","Morretes"
"2757814084","932000","70","13314,29","Morretes"
"2564695386","620000","88","7045,45","Morretes"
"2749758236","1490500","133","11206,77","Centro"
"2754860720","5800000","300","19333,33","Casa Branca"
"2595763871","1200000","110","10909,09","Andorinha"
"2761051815","1500000","283","5300,35","Morretes"
"2756629870","2800000","165","16969,7","Centro"
"2765234316","400000","69","5797,1","Alto São Bento"
"2726425070","8500000","200","42500","Centro"
"2638606372","690000","100","6900","Morretes"
"2737005441","799800","76","10523,68","Castelo Branco"
"2677486908","790000","68","11617,65","Morretes"
"2607162301","750000","100","7500","Morretes"
"2714592115","1350000","230","5869,57","Meia Praia"
"2766851520","4599800","260","17691,54","Centro"
"2761879921","3090000","200","15450","Meia Praia"
"2664461018","620000","65","9538,46","Varzea"
"2743922261","1300000","157","8280,25","Meia Praia"
"2560637109","900000","70","12857,14","Morretes"
"2560637668","580000","70","8285,71","Morretes"
"2599989232","1290000","115","11217,39","Castelo Branco"
"2760158217","660000","61","10819,67","Centro"
"2754164490","625652","62","10091,16","Morretes"
"2763978940","6500000","202","32178,22","Meia Praia"
"2762713814","1690000","118","14322,03","Castelo Branco"
"2750149400","1522000","128","11890,62","Meia Praia"
"2656735521","1990000","165","12060,61","Meia Praia"
"2769150313","650000","64","10156,25","Jardim Praia Mar"
"2725058852","5748800","505","11383,76","Centro"
"2609060710","1200000","126","9523,81","Andorinha"
"2764635236","780000","4005","194,76","Meia Praia"
"2764835848","700000","70","10000","Casa Branca"
"2721777935","1490000","116","12844,83","Morretes"
"2758499625","759000","100","7590","Morretes"
"2766854131","849800","93","9137,63","Meia Praia"
"2766851929","1800000","197","9137,06","Centro"
"2729460126","1300000","200","6500","Meia Praia"
"2572936107","1800000","139","12949,64","Centro"
"2514182410","6333969","198","31989,74","Meia Praia"
"2699233574","698000","70","9971,43","Morretes"
"2660191963","1390000","256","5429,69","Castelo Branco"
"2737453461","799500","76","10519,74","Castelo Branco"
"2636326312","1090000","135","8074,07","Andorinha"
"2755293826","4247440","190","22354,95","Ilhota"
"2744842544","1258000","87","14459,77","Canto da Praia"
"2730737241","1650000","165","10000","Meia Praia"
"2560637036","900000","70","12857,14","Morretes"
"2611243184","1200000","126","9523,81","Andorinha"
"2690265792","520000","70","7428,57","Morretes"
"2702962205","689900","72","9581,94","Morretes"
"2736814233","8935500","300","29785","Castelo Branco"
"2722032134","1490000","99","15050,51","Canto da Praia"
"2582743410","1284716","92","13964,3","Centro"
"2600613758","2999000","152","19730,26","Meia Praia"
"2760097413","660000","61","10819,67","Centro"
"2765359822","1700000","148","11486,49","Castelo Branco"
"2760131037","535000","67","7985,07","Varzea"
"2766852615","906700","40","22667,5","Meia Praia"
"2717661039","993000","130","7638,46","Castelo Branco"
"2678053098","515000","66","7803,03","Morretes"
"2747191597","985000","102","9656,86","Andorinha"
"2718871679","1189000","110","10809,09","Meia Praia"
"2760097340","590000","89","6629,21","Andorinha"
"2753172975","625001","275","2272,73","Morretes"
"2730506074","944000","105","8990,48","Castelo Branco"
"2766851940","1630800","118","13820,34","Andorinha"
"2672624090","3800000","120","31666,67","Meia Praia"
"2758862554","1500000","128","11718,75","Andorinha"
"2740881426","625652","61","10256,59","Morretes"
"2767580179","743400","70","10620","Morretes"
"2726173836","515000","66","7803,03","Morretes"
"2607785212","1570000","127","12362,2","Andorinha"
"2749668298","1850000","135","13703,7","Centro"
"2761413524","1545000","112","13794,64","Andorinha"
"2565206320","776000","70","11085,71","Morretes"
"2564773700","665000","65","10230,77","Morretes"
"2655980304","1750000","180","9722,22","Meia Praia"
"2705750109","950000","90","10555,56","Meia Praia"
"2766851421","1190000","96","12395,83","Meia Praia"
"2766853317","1200000","96","12500","Meia Praia"
"2740915784","650000","60","10833,33","Morretes"
"2728008591","515000","65","7923,08","Morretes"
"2747203598","598000","52","11500","Morretes"
"2749760432","3558938","192","18536,14","Ilhota"
"2761579516","1420405","81","17535,86","Morretes"
"2726820434","2600000","1585","1640,38","Casa Branca"
"2593922657","990000","115","8608,7","Castelo Branco"
"2689593745","890000","90","9888,89","Morretes"
"2740008413","7990000","337","23709,2","Meia Praia"
"2751721591","4998800","245","20403,27","Centro"
"2761579221","748125","71","10536,97","Morretes"
"2633691467","580000","65","8923,08","Tabuleiro dos Oliveiras"
"2562024797","550000","70","7857,14","Morretes"
"2560637062","570000","80","7125","Morretes"
"2694444331","750000","288","2604,17","Morretes"
"2698360687","450000","70","6428,57","Morretes"
"2746288397","699000","100","6990","Morretes"
"2708770867","710000","139","5107,91","Casa Branca"
"2762948822","945000","105","9000","Andorinha"
"2600462959","1161284","106","10955,51","Andorinha"
"2764632182","700000","67","10447,76","Morretes"
"2689597241","650000","288","2256,94","Morretes"
"2727575555","650000","297","2188,55","Morretes"
"2653999598","980000","118","8305,08","Meia Praia"
"2684702231","1250000","164","7621,95","Meia Praia"
"2767583565","634177","70","9059,67","Varzea"
"2691360766","2300000","250","9200","Morretes"
"2684363244","980000","130","7538,46","Meia Praia"
"2720069006","1990000","121","16446,28","Meia Praia"
"2649179179","1450000","106","13679,25","Castelo Branco"
"2744006006","7500000","260","28846,15","Meia Praia"
"2691236653","2200000","124","17741,94","Centro"
"2607163890","862000","67","12865,67","Morretes"
"2690669775","950000","118","8050,85","Andorinha"
"2655972756","949000","78","12166,67","Castelo Branco"
"2717271346","798000","95","8400","Castelo Branco"
"2705721845","650000","65","10000","Morretes"
"2747203717","998000","93","10731,18","Morretes"
"2735168838","869000","130","6684,62","Morretes"
"2597534855","870000","120","7250","Centro"
"2699371295","4355000","222","19617,12","Meia Praia"
"2627473081","776235","63","12321,19","Morretes"
"2560637321","695000","70","9928,57","Morretes"
"2560637379","620001","74","8378,39","Morretes"
"2539435853","1420000","106","13396,23","Andorinha"
"2688828019","900000","306","2941,18","Morretes"
"2763649142","1554000","135","11511,11","Andorinha"
"2678053907","755770","68","11114,26","Morretes"
"2560636966","550000","70","7857,14","Morretes"
"2768930018","530000","70","7571,43","Morretes"
"2754169610","626113","70","8944,47","Morretes"
"2752523301","450000","60","7500","Morretes"
"2766852834","1416800","130","10898,46","Castelo Branco"
"2694367481","2300000","250","9200","Morretes"
"2738628652","850000","145","5862,07","Meia Praia"
"2661819986","585000","120","4875","Varzea"
"2737456215","735000","76","9671,05","Castelo Branco"
"2699221291","450000","70","6428,57","Morretes"
"2763649652","743000","100","7430","Morretes"
"2755511893","1459000","175","8337,14","Andorinha"
"2560636969","580000","70","8285,71","Morretes"
"2654177476","2295000","145","15827,59","Meia Praia"
"2769196429","386800","43","8995,35","Morretes"
"2764633187","950000","125","7600","Meia Praia"
"2752516994","625000","275","2272,73","Morretes"
"2727636498","749000","70","10700","Andorinha"
"2609431997","1450000","123","11788,62","Andorinha"
"2592527426","630000","66","9545,45","Morretes"
"2713657922","1240000","130","9538,46","Meia Praia"
"2760910230","1595000","145","11000","Centro"
"2761877633","1380000","99","13939,39","Canto da Praia"
"2560637648","929000","70","13271,43","Morretes"
"2656894328","749999","64","11718,73","Jardim Praia Mar"
"2702934583","1205000","99","12171,72","Canto da Praia"
"2630707955","2103000","119","17672,27","Meia Praia"
"2574949088","802000","70","11457,14","Morretes"
"2700574679","650000","288","2256,94","Morretes"
"2560635244","620000","74","8378,38","Morretes"
"2759058121","1187000","87","13643,68","Andorinha"
"2564214078","620000","88","7045,45","Morretes"
"2760155923","590000","89","6629,21","Andorinha"
"2704377061","2300000","136","16911,76","Centro"
"2582115359","1423000","124","11475,81","Andorinha"
"2761579818","1650000","113","14601,77","Andorinha"
"2766854829","580400","70","8291,43","Morretes"
"2606210623","1730000","151","11456,95","Meia Praia"
"2680691196","4257434","178","23918,17","Meia Praia"
"2564696097","590000","90","6555,56","Morretes"
"2612506536","1229000","101","12168,32","Meia Praia"
"2651932982","1426000","124","11500","Andorinha"
"2666863325","1399900","164","8535,98","Meia Praia"
"2759743179","970000","40","24250","Meia Praia"
"2560636980","580000","70","8285,71","Morretes"
"2577677764","2965355","153","19381,41","Meia Praia"
"2596607335","1900000","163","11656,44","Meia Praia"
"2764630759","980000","129","7596,9","Castelo Branco"
"2666560228","750000","67","11194,03","Morretes"
"2561691788","620000","74","8378,38","Morretes"
"2715146667","8499000","494","17204,45","Centro"
"2764635228","965000","96","10052,08","Meia Praia"
"2764631080","1480000","124","11935,48","Meia Praia"
"2765062145","5841023","377","15493,43","Canto da Praia"
"2687527721","5950000","185","32162,16","Meia Praia"
"2747202339","1500000","90","16666,67","Andorinha"
"2764895214","649895","69","9418,77","Itapema"
"2720090692","1380000","100","13800","Centro"
"2696126805","650000","288","2256,94","Morretes"
"2761579716","1490000","101","14752,48","Canto da Praia"
"2635956653","1599000","122","13106,56","Meia Praia"
"2708352406","2790000","247","11295,55","Andorinha"
"2738890450","3500000","219","15981,74","Castelo Branco"
"2703666576","1200000","130","9230,77","Meia Praia"
"2749355031","700000","78","8974,36","Castelo Branco"
"2738894040","790000","114","6929,82","Morretes"
"2560637398","695000","70","9928,57","Morretes"
"2766854716","1085800","90","12064,44","Andorinha"
"2677489302","750000","117","6410,26","Morretes"
"2713237209","925000","109","8486,24","Castelo Branco"
"2749874117","650000","68","9558,82","Varzea"
"2761578123","974085","92","10587,88","Morretes"
"2560637617","723000","70","10328,57","Morretes"
"2748803916","649000","70","9271,43","Tabuleiro dos Oliveiras"
"2762266623","641000","70","9157,14","Morretes"
"2767583141","465000","53","8773,58","Alto São Bento"
"2764673629","709000","62","11435,48","Morretes"
"2681769098","515000","66","7803,03","Morretes"
"2761878143","1050000","69","15217,39","Morretes"
"2610229188","1200000","504","2380,95","Morretes"
"2662034417","630000","70","9000","Morretes"
"2708476542","695000","146","4760,27","Casa Branca"
"2679793398","1600000","300","5333,33",""
"2763413013","2350000","120","19583,33","Meia Praia"
"2560059976","1629523","147","11085,19","Meia Praia"
"2626576215","2199000","143","15377,62","Meia Praia"
"2723208494","980000","114","8596,49","Castelo Branco"
"2582079670","600000","70","8571,43","Morretes"
"2733667896","2100000","199","10552,76","Canto da Praia"
"2595154883","2003320","146","13721,37","Ilhota"
"2694728748","650001","288","2256,95","Morretes"
"2603797093","1690000","98","17244,9","Meia Praia"
"2747933634","450000","70","6428,57","Morretes"
"2764633041","780000","81","9629,63","Andorinha"
"2574943870","849000","98","8663,27","Morretes"
"2749490525","945000","94","10053,19","Andorinha"
"2681788952","750000","117","6410,26","Morretes"
"2646969738","450000","70","6428,57","Morretes"
"2625616520","756000","40","18900","Meia Praia"
"2593150624","680000","98","6938,78","Morretes"
"2749767107","2278125","148","15392,74","Ilhota"
"2764895317","595000","45","13222,22","Andorinha"
"2560059693","2091732","160","13073,32","Meia Praia"
"2716787231","3536226","250","14144,9","Meia Praia"
"2683040995","2400000","137","17518,25","Castelo Branco"
"2728521317","1220000","100","12200","Castelo Branco"
"2596614287","750000","68","11029,41","Morretes"
"2765778439","700000","48","14583,33","Meia Praia"
"2698138394","2040000","120","17000","Canto da Praia"
"2751840293","1007000","81","12432,1","Meia Praia"
"2758885919","1550000","169","9171,6","Meia Praia"
"2699373679","1500000","157","9554,14","Castelo Branco"
"2711062503","4950000","142","34859,15","Centro"
"2765017664","2630000","146","18013,7","Ilhota"
"2749867730","759000","100","7590","Morretes"
"2729660365","960000","40","24000","Centro"
"2747202342","3300000","2100","1571,43","Varzea"
"2766852230","1598800","160","9992,5","Meia Praia"
"2766852131","1269800","167","7603,59","Centro"
"2766852724","2650000","260","10192,31","Meia Praia"
"2554910917","870000","170","5117,65","Morretes"
"2646969728","650000","72","9027,78","Morretes"
"2720557037","890919","70","12727,41","Morretes"
"2625815389","1260000","190","6631,58","Morretes"
"2749335218","8000000","344","23255,81","Meia Praia"
"2564619313","620000","70","8857,14","Morretes"
"2767580178","1200000","600","2000","Ilhota"
"2726055654","1300000","110","11818,18","Morretes"
"2763563119","1200000","126","9523,81","Meia Praia"
"2606214974","1160000","122","9508,2","Meia Praia"
"2740205521","595000","300","1983,33","Casa Branca"
"2569914800","2160000","209","10334,93","Meia Praia"
"2615167900","9000000","440","20454,55","Casa Branca"
"2658046830","2491446","160","15571,54","Meia Praia"
"2766851228","6499800","290","22413,1","Centro"
"2718962560","3750000","1389","2699,78","Morretes"
"2761446951","2230000","129","17286,82","Meia Praia"
"2727767033","1698800","111","15304,5","Meia Praia"
"2739055930","2490000","162","15370,37","Centro"
"2560637746","723000","70","10328,57","Morretes"
"2754481258","6700000","408","16421,57","Meia Praia"
"2689583420","650000","283","2296,82","Morretes"
"2595523356","2195000","100","21950","Canto da Praia"
"2754745452","2180000","92","23695,65","Morretes"
"2608601376","1149000","117","9820,51","Meia Praia"
"2761666519","6500000","490","13265,31","Ilhota"
"2761598838","1695000","133","12744,36","Centro"
"2541352188","1750000","116","15086,21","Meia Praia"
"2656863683","1600000","130","12307,69","Meia Praia"
"2563579258","590000","90","6555,56","Morretes"
"2709207048","1060000","195","5435,9","Andorinha"
"2763195521","1390000","104","13365,38","Andorinha"
"2602454378","1100000","120","9166,67","Meia Praia"
"2569457603","1600000","114","14035,09","Meia Praia"
"2565061139","699000","100","6990","Morretes"
"2752392995","3200000","157","20382,17","Meia Praia"
"2545660842","1200000","119","10084,03","Andorinha"
"2728071806","3750000","1389","2699,78","Morretes"
"2754745141","2670000","154","17337,66","Meia Praia"
"2609063279","2500000","165","15151,52","Meia Praia"
"2749226936","1167948","106","11018,38","Andorinha"
"2702798387","1180000","121","9752,07","Castelo Branco"
"2560637298","750000","70","10714,29","Morretes"
"2768626025","1452465","115","12630,13","Meia Praia"
"2566095156","699000","100","6990","Morretes"
"2711101698","480000","65","7384,62","Morretes"
"2750508025","1190000","150","7933,33","Morretes"
"2690222332","1599000","132","12113,64","Meia Praia"
"2744978796","585000","70","8357,14","Morretes"
"2720047033","1190000","110","10818,18","Meia Praia"
"2560637603","477000","68","7014,71","Morretes"
"2562206883","620000","88","7045,45","Morretes"
"2761880121","1400000","96","14583,33","Meia Praia"
"2762643152","624000","70","8914,29","Casa Branca"
"2763992914","550000","66","8333,33","Morretes"
"2765584527","1611795","110","14652,68","Andorinha"
"2560637720","780000","100","7800","Morretes"
"2560637233","710001","70","10142,87","Morretes"
"2719547969","750000","600","1250","Alto São Bento"
"2635411581","1835000","142","12922,54","Meia Praia"
"2720725335","1695000","133","12744,36","Centro"
"2761331992","1959000","150","13060","Centro"
"2730700913","1700000","118","14406,78","Andorinha"
"2726600575","1990000","121","16446,28","Meia Praia"
"2656875472","949000","80","11862,5","Castelo Branco"
"2769032456","990000","210","4714,29","Meia Praia"
"2766853326","959260","101","9497,62","Meia Praia"
"2720362604","1690000","120","14083,33","Meia Praia"
"2560637056","750000","70","10714,29","Morretes"
"2671069030","1890000","138","13695,65","Meia Praia"
"2726560533","1099000","110","9990,91","Meia Praia"
"2682067697","650000","283","2296,82","Morretes"
"2597559855","770000","70","11000","Morretes"
"2743466361","550000","70","7857,14","Morretes"
"2764631269","1250000","120","10416,67","Meia Praia"
"2560637218","723000","70","10328,57","Morretes"
"2706476419","650000","75","8666,67","Castelo Branco"
"2767581465","742000","70","10600","Casa Branca"
"2564695181","620000","70","8857,14","Morretes"
"2717826537","699000","90","7766,67","Andorinha"
"2715164805","1761194","139","12670,46","Meia Praia"
"2753565393","537000","71","7563,38",""
"2724142342","2845125","154","18474,84","Ilhota"
"2560637380","723000","70","10328,57","Morretes"
"2560637137","1198000","70","17114,29","Morretes"
"2761879617","3995000","1795","2225,63","Meia Praia"
"2705887862","4703165","194","24243,12","Ilhota"
"2689321422","1095000","115","9521,74","Andorinha"
"2763098855","1350000","130","10384,62","Meia Praia"
"2728007452","650000","297","2188,55","Morretes"
"2621046873","1500000","139","10791,37","Meia Praia"
"2752317899","1069000","186","5747,31","Meia Praia"
"2726561637","1098000","115","9547,83","Andorinha"
"2562405409","620000","88","7045,45","Morretes"
"2613024043","2210000","169","13076,92","Andorinha"
"2763649238","750000","69","10869,57","Morretes"
"2761878726","1650000","140","11785,71","Castelo Branco"
"2729034623","998000","93","10731,18","Morretes"
"2737455827","750000","76","9868,42","Castelo Branco"
"2764633232","2200000","140","15714,29","Meia Praia"
"2565064146","590000","90","6555,56","Morretes"
"2730744015","2450000","137","17883,21","Meia Praia"
"2560637517","695000","70","9928,57","Morretes"
"2560636982","550000","90","6111,11","Morretes"
"2657185165","935840","84","11140,95","Andorinha"
"2749534294","640640","70","9152","Jardim Praia Mar"
"2758557125","900000","98","9183,67","Meia Praia"
"2754746516","6264860","198","31640,71","Meia Praia"
"2759433251","1170000","80","14625","Meia Praia"
"2560637506","723000","70","10328,57","Morretes"
"2764631860","2500000","135","18518,52","Centro"
"2761932292","1450000","115","12608,7","Andorinha"
"2754146101","568000","69","8231,88","Morretes"
"2562219663","630000","80","7875","Morretes"
"2763508235","699400","70","9991,43","Jardim Praia Mar"
"2560637345","710000","70","10142,86","Morretes"
"2768348571","5200000","1200","4333,33","Morretes"
"2694434718","630000","283","2226,15","Morretes"
"2602920069","3799000","266","14281,95","Castelo Branco"
"2560060082","709000","70","10128,57","Casa Branca"
"2765297919","1545000","112","13794,64","Andorinha"
"2671308648","3300000","2145","1538,46","Varzea"
"2752513113","420000","60","7000","Morretes"
"2703202873","850000","270","3148,15","Morretes"
"2563928779","450001","70","6428,59","Morretes"
"2766854623","8000800","440","18183,64","Casa Branca"
"2763749061","998000","93","10731,18","Morretes"
"2684945199","990000","95","10421,05","Castelo Branco"
"2623280719","850000","128","6640,62","Meia Praia"
"2541759773","1361000","93","14634,41","Meia Praia"
"2645187005","650000","264","2462,12","Morretes"
"2763648952","800000","92","8695,65","Morretes"
"2591650425","1180000","122","9672,13","Meia Praia"
"2754748107","1562500","104","15024,04","Meia Praia"
"2754748194","1226500","122","10053,28","Morretes"
"2564209350","2260000","142","15915,49","Meia Praia"
"2699266734","580000","70","8285,71","Morretes"
"2565059371","620000","70","8857,14","Morretes"
"2560059303","799000","167","4784,43","Morretes"
"2581736932","618000","70","8828,57","Morretes"
"2761666714","7000000","450","15555,56","Ilhota"
"2716658735","600000","28","21428,57","Centro"
"2769042317","900000","220","4090,91","Tabuleiro dos Oliveiras"
"2560637718","750000","114","6578,95","Morretes"
"2688748924","419000","52","8057,69","Morretes"
"2662161921","450000","111","4054,05","Morretes"
"2569302095","570000","69","8260,87","Alto São Bento"
"2564215473","590000","90","6555,56","Morretes"
"2764349422","790000","89","8876,4","Morretes"
"2756468359","9000000","725","12413,79","Meia Praia"
"2708158503","490000","76","6447,37","Casa Branca"
"2749989006","380000","265","1433,96","Sertão do Trombudo"
"2671184448","539900","98","5509,18","Morretes"
"2560637098","780000","100","7800","Morretes"
"2729035141","598000","52","11500","Morretes"
"2735169425","750000","97","7731,96","Morretes"
"2760097339","650000","60","10833,33","Centro"
"2534694618","700000","81","8641,98","Meia Praia"
"2675439609","3490000","251","13904,38","Casa Branca"
"2565205730","665000","70","9500","Morretes"
"2677488112","539900","98","5509,18","Morretes"
"2754746761","5193041","271","19162,51","Canto da Praia"
"2761904029","1600000","124","12903,23","Meia Praia"
"2684947318","950000","93","10215,05","Castelo Branco"
"2752618523","849000","130","6530,77","Morretes"
"2764633839","449000","4161","107,91","Jardim Praia Mar"
"2649304059","1499000","200","7495","Morretes"
"2744015179","1300000","129","10077,52","Meia Praia"
"2607166584","684000","68","10058,82","Morretes"
"2735334827","779000","128","6085,94","Morretes"
"2564196407","776000","70","11085,71","Morretes"
"2723101321","604500","69","8760,87","Morretes"
"2764040616","1100000","83","13253,01","Andorinha"
"2682082693","650000","264","2462,12","Morretes"
"2735689114","1500000","150","10000","Castelo Branco"
"2511793025","630000","70","9000","Varzea"
"2628048892","1100000","118","9322,03","Morretes"
"2760221726","650000","60","10833,33","Centro"
"2723560696","630000","70","9000","Morretes"
"2736302181","900000","54","16666,67","Canto da Praia"
"2736303915","800000","50","16000","Canto da Praia"
"2596047182","735000","84","8750","Meia Praia"
"2766852318","4199800","400","10499,5","Casa Branca"
"2723963965","699000","400","1747,5","Morretes"
"2692571253","630000","70","9000","Meia Praia"
"2765883927","8718723","66585","130,94","Andorinha"
"2736815118","8985500","389","23098,97","Ilhota"
"2764957717","709000","86","8244,19","Tabuleiro dos Oliveiras"
"2764730917","799000","93","8591,4","Morretes"
"2762833031","759000","100","7590","Morretes"
"2729536463","461000","70","6585,71","Morretes"
"2754950715","1698000","131","12961,83","Meia Praia"
"2711436203","1200000","252","4761,9","Morretes"
"2726980037","1300000","117","11111,11","Castelo Branco"
"2754747737","2740331","136","20149,49","Ilhota"
"2597750183","650001","69","9420,3","Morretes"
"2744439495","1250000","123","10162,6","Meia Praia"
"2763088931","1500000","116","12931,03","Centro"
"2757764824","1050000","120","8750","Morretes"
"2560637099","584001","74","7891,91","Morretes"
"2730508439","1517000","132","11492,42","Castelo Branco"
"2694435475","419000","52","8057,69","Morretes"
"2761879622","1590000","129","12325,58","Meia Praia"
"2694376912","550000","85","6470,59","Morretes"
"2658958779","2680000","270","9925,93","Sertão do Trombudo"
"2723209707","1450000","126","11507,94","Andorinha"
"2675050830","560000","68","8235,29","Casa Branca"
"2724470330","436000","41","10634,15","Morretes"
"2618844406","660000","70","9428,57","Tabuleiro dos Oliveiras"
"2754745528","2706500","136","19900,74","Ilhota"
"2601835198","1450000","126","11507,94","Andorinha"
"2560637577","754000","70","10771,43","Morretes"
"2614369251","5500000","300","18333,33","Canto da Praia"
"2677343694","850000","120","7083,33","Meia Praia"
"2705440309","650000","93","6989,25","Casa Branca"
"2653009957","1250000","108","11574,07","Castelo Branco"
"2560637679","723000","68","10632,35","Morretes"
"2766852341","1199800","125","9598,4","Meia Praia"
"2766855028","2300000","132","17424,24","Meia Praia"
"2663605258","3199000","269","11892,19","Castelo Branco"
"2596974157","1150981","208","5533,56","Meia Praia"
"2759014021","1289000","127","10149,61","Andorinha"
"2764895119","1554000","133","11684,21","Castelo Branco"
"2630407653","1826000","129","14155,04","Centro"
"2767581974","495000","50","9900","Morretes"
"2678336797","630000","306","2058,82","Morretes"
"2655111502","630000","306","2058,82","Morretes"
"2754748009","841416","142","5925,46","Meia Praia"
"2736006628","1150000","157","7324,84","Alto São Bento"
"2652943577","1650000","163","10122,7","Meia Praia"
"2694762132","630000","306","2058,82","Morretes"
"2699371532","1450000","104","13942,31","Andorinha"
"2764859737","1490000","122","12213,11","Meia Praia"
"2636620121","1100000","135","8148,15","Andorinha"
"2758870617","6999000","419","16704,06","Meia Praia"
"2748437996","8085000","359","22520,89","Meia Praia"
"2699971128","1100000","118","9322,03","Andorinha"
"2763649653","710000","78","9102,56","Meia Praia"
"2628277859","2237504","151","14817,91","Castelo Branco"
"2762329031","1380000","99","13939,39","Canto da Praia"
"2560637232","900000","70","12857,14","Morretes"
"2560637431","723000","68","10632,35","Morretes"
"2766855120","1430000","165","8666,67","Castelo Branco"
"2609062691","1790000","163","10981,6","Meia Praia"
"2731112059","2211000","172","12854,65","Meia Praia"
"2611783694","650000","68","9558,82","Morretes"
"2726615602","2100000","305","6885,25","Castelo Branco"
"2620152150","589000","60","9816,67","Jardim Praia Mar"
"2565061753","776000","70","11085,71","Morretes"
"2631235466","1130000","102","11078,43","Meia Praia"
"2558704344","525000","100","5250",""
"2656908780","564000","64","8812,5","Jardim Praia Mar"
"2555239242","670000","75","8933,33","Andorinha"
"2637821866","530000","72","7361,11","Morretes"
"2564778381","699000","100","6990","Morretes"
"2711840217","800000","97","8247,42","Morretes"
"2747918012","1680000","140","12000","Meia Praia"
"2764976897","1500000","122","12295,08","Meia Praia"
"2761578431","6999000","419","16704,06","Casa Branca"
"2767583771","347947","241","1443,76","Morretes"
"2766529014","1150000","109","10550,46","Meia Praia"
"2766851925","850000","127","6692,91","Meia Praia"
"2699371298","390000","330","1181,82","Alto São Bento"
"2646971218","660000","70","9428,57","Morretes"
"2508716377","3500000","190","18421,05","Meia Praia"
"2740883331","450000","85","5294,12","Morretes"
"2553329511","1650000","140","11785,71","Andorinha"
"2749606769","685000","63","10873,02","Morretes"
"2764894830","799000","66","12106,06","Morretes"
"2705762716","700000","270","2592,59","Morretes"
"2715138300","1160000","110","10545,45","Meia Praia"
"2753562351","541000","71","7619,72",""
"2572722685","550000","70","7857,14","Morretes"
"2695400175","2400000","188000","12,77","Casa Branca"
"2718881042","690000","105","6571,43","Meia Praia"
"2766853219","1150000","121","9504,13","Castelo Branco"
"2758656827","6999000","419","16704,06","Meia Praia"
"2764895021","695670","70","9938,14",""
"2700268419","840000","68","12352,94","Morretes"
"2688672463","895000","128","6992,19","Morretes"
"2609061131","2700000","165","16363,64","Meia Praia"
"2727349137","744000","100","7440","Morretes"
"2700511827","515000","66","7803,03","Morretes"
"2566095401","665000","70","9500","Morretes"
"2593005042","720000","115","6260,87","Morretes"
"2766853226","1099800","100","10998","Meia Praia"
"2765802728","1060000","92","11521,74","Castelo Branco"
"2691279870","1399000","112","12491,07","Meia Praia"
"2571352948","1320000","100","13200","Meia Praia"
"2635464353","1500000","127","11811,02","Meia Praia"
"2677856706","539900","98","5509,18","Morretes"
"2734434513","2095900","137","15298,54","Castelo Branco"
"2700257634","650000","65","10000","Morretes"
"2761879816","1990000","138","14420,29","Meia Praia"
"2613514328","598000","60","9966,67","Jardim Praia Mar"
"2765233813","1399000","123","11373,98","Meia Praia"
"2649301378","1499000","200","7495","Morretes"
"2766306423","1627450","165","9863,33","Centro"
"2748586010","550000","60","9166,67","Morretes"
"2573688152","899000","167","5383,23","Morretes"
"2554913096","600000","60","10000","Morretes"
"2646323072","895000","70","12785,71","Morretes"
"2767583230","395000","45","8777,78","Morretes"
"2766554818","1452000","115","12626,09","Meia Praia"
"2766854835","1298000","191","6795,81","Castelo Branco"
"2733083940","409000","51","8019,61","Morretes"
"2750502202","650000","288","2256,94","Morretes"
"2727599670","2510000","130","19307,69","Meia Praia"
"2723097724","605150","69","8770,29","Varzea"
"2676718894","685000","69","9927,54","Centro"
"2765047034","1590000","129","12325,58","Meia Praia"
"2631837806","5900000","261","22605,36","Canto da Praia"
"2600725593","650000","69","9420,29","Morretes"
"2572601454","780000","354","2203,39","Sertão do Trombudo"
"2558704143","500000","90","5555,56",""
"2629770429","515000","66","7803,03","Morretes"
"2565205406","620000","70","8857,14","Morretes"
"2765060250","450000","60","7500","Morretes"
"2726521991","3790000","272","13933,82","Casa Branca"
"2681618997","950000","103","9223,3","Meia Praia"
"2700575478","650000","264","2462,12","Morretes"
"2766342914","630000","69","9130,43","Jardim Praia Mar"
"2490905179","752000","350","2148,57","Casa Branca"
"2608067036","698000","66","10575,76","Morretes"
"2764632856","1380000","110","12545,45","Meia Praia"
"2669009410","445000","61","7295,08","Morretes"
"2718314655","1380000","100","13800","Canto da Praia"
"2737030930","550002","288","1909,73","Morretes"
"2560637611","710000","70","10142,86","Morretes"
"2761579122","4499999","260","17307,69","Meia Praia"
"2564697160","450000","70","6428,57","Morretes"
"2721776202","1495000","125","11960","Meia Praia"
"2761666520","2300000","1137","2022,87","Casa Branca"
"2617318582","5198238","340","15288,94","Castelo Branco"
"2764672127","1680000","105","16000","Meia Praia"
"2757947760","550000","85","6470,59","Centro"
"2591545013","926000","102","9078,43","Castelo Branco"
"2760057829","5505000","362","15207,18","Ilhota"
"2767891021","598000","70","8542,86","Casa Branca"
"2698488098","1520000","130","11692,31","Meia Praia"
"2738792852","680000","294","2312,93","Morretes"
"2720707193","1675000","127","13188,98","Meia Praia"
"2758498232","1190000","150","7933,33","Morretes"
"2684709395","610000","84","7261,9","Morretes"
"2692570767","600000","64","9375","Morretes"
"2694441713","527000","80","6587,5","Morretes"
"2637438182","698000","64","10906,25","Casa Branca"
"2754745926","6665100","289","23062,63","Ilhota"
"2732470663","590000","87","6781,61","Morretes"
"2754745136","995000","65","15307,69","Meia Praia"
"2754748108","6019000","293","20542,66","Centro"
"2564475068","450000","70","6428,57","Morretes"
"2745326834","550000","106","5188,68",""
"2766850721","649800","43","15111,63","Andorinha"
"2715225910","6500000","312","20833,33","Casa Branca"
"2754748198","1386787","61","22734,21","Castelo Branco"
"2596078506","690000","70","9857,14","Morretes"
"2562263611","1850000","118","15677,97","Centro"
"2618380272","590000","70","8428,57","Morretes"
"2757664325","3500000","180","19444,44","Canto da Praia"
"2564212744","450000","70","6428,57","Morretes"
"2609062411","3500000","201","17412,94","Canto da Praia"
"2760158013","650000","60","10833,33","Centro"
"2767583564","280000","35","8000","Ilhota"
"2566088688","690000","270","2555,56","Morretes"
"2711114712","560000","70","8000","Centro"
"2761577045","1289000","127","10149,61","Meia Praia"
"2764631707","1650000","115","14347,83","Centro"
"2689329229","499999","64","7812,48","Jardim Praia Mar"
"2753187605","386000","43","8976,74","Morretes"
"2719039061","650000","64","10156,25","Jardim Praia Mar"
"2764858084","1390000","131","10610,69","Meia Praia"
"2763105533","700000","48","14583,33","Castelo Branco"
"2765081813","625000","275","2272,73","Morretes"
"2754746739","5345100","227","23546,7","Ilhota"
"2764895118","850000","70","12142,86","Morretes"
"2644817470","670000","70","9571,43","Meia Praia"
"2688011117","450000","59","7627,12","Morretes"
"2746299835","850000","336","2529,76","Morretes"
"2637822557","1060000","115","9217,39","Morretes"
"2766868424","5981256","200","29906,28","Meia Praia"
"2670320093","1599000","214","7471,96","Meia Praia"
"2765064332","1690000","119","14201,68","Meia Praia"
"2560637236","750000","70","10714,29","Morretes"
"2764633622","700000","70","10000","Morretes"
"2560637664","580000","74","7837,84","Morretes"
"2690686574","470000","87","5402,3","Alto São Bento"
"2656970478","685000","95","7210,53","Alto São Bento"
"2758480014","625000","275","2272,73","Morretes"
"2663299459","450000","70","6428,57","Morretes"
"2751886239","592259","64","9254,05",""
"2563843054","2387000","132","18083,33","Centro"
"2700518377","527000","80","6587,5","Morretes"
"2750112194","458000","52","8807,69","Morretes"
"2541091490","1690000","112","15089,29","Andorinha"
"2751486529","695000","65","10692,31","Meia Praia"
"2764632395","1500000","125","12000","Meia Praia"
"2623215813","4200000","1430","2937,06","Morretes"
"2736924634","1499000","147","10197,28","Meia Praia"
"2590819120","900000","100","9000","Meia Praia"
"2560060465","1087594","105","10358,04","Meia Praia"
"2766851922","1500000","133","11278,2","Meia Praia"
"2714291971","850000","300","2833,33","Casa Branca"
"2764771670","506000","64","7906,25","Tabuleiro dos Oliveiras"
"2717934432","8085000","359","22520,89","Meia Praia"
"2560637561","695000","70","9928,57","Morretes"
"2757853413","558000","43","12976,74","Morretes"
"2767584335","395000","45","8777,78","Morretes"
"2766659520","1400000","114","12280,7","Andorinha"
"2432907381","1100000","242","4545,45","Morretes"
"2597758770","684000","69","9913,04","Morretes"
"2681757615","527000","80","6587,5","Morretes"
"2730227126","2600000","160","16250","Meia Praia"
"2759451420","529000","54","9796,3",""
"2761880017","1200000","84","14285,71","Andorinha"
"2757087215","418000","21","19904,76","Centro"
"2764770529","990000","95","10421,05","Morretes"
"2761642646","1700000","126","13492,06","Meia Praia"
"2560637058","750001","100","7500,01","Morretes"
"2560637729","750000","100","7500","Morretes"
"2679228702","500000","288","1736,11","Varzea"
"2694372778","618001","70","8828,59","Morretes"
"2719904847","585000","121","4834,71","Varzea"
"2688048239","1800000","129","13953,49","Castelo Branco"
"2765062364","630000","300","2100","Sertão do Trombudo"
"2729543625","470000","58","8103,45","Morretes"
"2731887591","723598","60","12059,97","Morretes"
"2657182824","1100000","112","9821,43","Andorinha"
"2747202810","1100000","918","1198,26","Alto São Bento"
"2737068619","470000","59","7966,1","Morretes"
"2751972093","740000","100","7400","Morretes"
"2754746747","3099014","258","12011,68","Meia Praia"
"2761666918","700000","350","2000","Casa Branca"
"2746707030","595000","300","1983,33","Casa Branca"
"2560637615","750000","100","7500","Morretes"
"2762832029","1190000","150","7933,33","Morretes"
"2560637684","750000","100","7500","Morretes"
"2758554087","1500000","157","9554,14","Castelo Branco"
"2709458181","750000","75","10000","Meia Praia"
"2765238258","1150000","109","10550,46","Meia Praia"
"2560637748","710000","68","10441,18","Morretes"
"2651460258","1960000","120","16333,33","Meia Praia"
"2739978220","1590000","157","10127,39","Castelo Branco"
"2751136532","795000","70","11357,14","Morretes"
"2684179748","598000","628","952,23","Sertão do Trombudo"
"2732047353","1200000","120","10000","Andorinha"
"2751117515","6830000","157","43503,18","Centro"
"2681247333","527000","80","6587,5","Morretes"
"2711004112","750000","332","2259,04","Sertão do Trombudo"
"2765074575","386001","43","8976,77","Morretes"
"2765080482","1500001","283","5300,36","Morretes"
"2753253620","795000","70","11357,14","Morretes"
"2716328727","550000","100","5500","Morretes"
"2732044470","1200000","120","10000","Andorinha"
"2560636996","780000","100","7800","Morretes"
"2683486119","419000","52","8057,69","Morretes"
"2744179758","580000","75","7733,33","Morretes"
"2700511985","419000","52","8057,69","Morretes"
"2560637354","750000","100","7500","Morretes"
"2764860423","475000","60","7916,67","Alto São Bento"
"2760737018","348000","57","6105,26","Sertão do Trombudo"
"2608791592","690000","70","9857,14","Meia Praia"
"2655988158","563500","64","8804,69","Jardim Praia Mar"
"2764220122","2968000","200","14840","Canto da Praia"
"2753169713","450000","60","7500","Morretes"
"2576702058","618000","70","8828,57","Morretes"
"2692570766","650000","80","8125","Casa Branca"
"2560637708","750000","100","7500","Morretes"
"2764894922","1444000","165","8751,52","Castelo Branco"
"2764975506","1380000","127","10866,14","Andorinha"
"2766853224","1054800","125","8438,4","Canto da Praia"
"2745680593","650000","110","5909,09","Morretes"
"2768470326","1000000","420","2380,95","Centro"
"2621911621","1500000","156","9615,38","Morretes"
"2588872265","8100000","229","35371,18","Centro"
"2572614873","5198800","280","18567,14","Centro"
"2590819917","630000","84","7500","Meia Praia"
"2735169025","550000","94","5851,06","Morretes"
"2717273449","4700000","250","18800","Meia Praia"
"2719037942","599000","64","9359,38","Jardim Praia Mar"
"2727840778","680000","120","5666,67","Morretes"
"2683949822","400000","300","1333,33","Sertão do Trombudo"
"2767583271","250000","35","7142,86","Centro"
"2681982796","2970000","200","14850","Canto da Praia"
"2763576280","782836","69","11345,45","Morretes"
"2686529521","7500000","419","17899,76","Casa Branca"
"2702182067","1590000","260","6115,38","Meia Praia"
"2754747726","2025000","129","15697,67","Ilhota"
"2761331997","640000","65","9846,15","Morretes"
"2762237014","1490000","125","11920","Meia Praia"
"2609062481","5851023","305","19183,68","Canto da Praia"
"2763898836","890000","505","1762,38",""
"2560637722","710000","110","6454,55","Morretes"
"2565058782","665000","70","9500","Morretes"
"2607855783","580000","51","11372,55","Morretes"
"2760219764","490000","85","5764,71","Centro"
"2754745927","9862500","450","21916,67","Ilhota"
"2583173994","498000","70","7114,29","Morretes"
"2642817361","1590000","157","10127,39","Castelo Branco"
"2631432096","7500000","350","21428,57","Canto da Praia"
"2674301801","3800000","352","10795,45","Canto da Praia"
"2682431942","1190000","92","12934,78","Meia Praia"
"2625483442","740000","119","6218,49","Morretes"
"2730121118","690000","110","6272,73","Alto São Bento"
"2727454047","3500000","270","12962,96",""
"2749729840","650000","455","1428,57","Casa Branca"
"2760097418","490000","85","5764,71","Centro"
"2660890580","510000","65","7846,15","Alto São Bento"
"2767584422","250000","35","7142,86","Centro"
"2754746319","2278125","148","15392,74","Ilhota"
"2733892923","300000","55","5454,55","Canto da Praia"
"2753177099","420000","60","7000","Morretes"
"2430833208","980000","105","9333,33","Meia Praia"
"2682448254","1390000","104","13365,38","Meia Praia"
"2560637566","570000","90","6333,33","Morretes"
"2560637096","570000","90","6333,33","Morretes"
"2677491095","650000","283","2296,82","Morretes"
"2766340122","606000","45","13466,67","Meia Praia"
"2769150016","395000","69","5724,64","Casa Branca"
"2652534564","641000","69","9289,86","Morretes"
"2729537625","450000","70","6428,57","Morretes"
"2767893813","1226000","118","10389,83","Andorinha"
"2560637705","580000","90","6444,44","Morretes"
"2674299296","3800000","348","10919,54","Canto da Praia"
"2760014944","2205072","142","15528,68","Meia Praia"
"2731640927","690000","407","1695,33","Sertão do Trombudo"
"2724413585","829000","170","4876,47","Morretes"
"2560637634","650000","288","2256,94","Morretes"
"2766852217","1194800","114","10480,7","Meia Praia"
"2765080419","375000","43","8720,93","Morretes"
"2754747724","3755000","274","13704,38","Meia Praia"
"2560637475","570000","80","7125","Morretes"
"2560637706","550000","88","6250","Morretes"
"2766854617","1259800","123","10242,28","Andorinha"
"2560637709","550000","75","7333,33","Morretes"
"2560637203","462000","55","8400","Morretes"
"2565381256","2498800","163","15330,06","Centro"
"2766204334","950000","115","8260,87","Andorinha"
"2560636995","595001","74","8040,55","Morretes"
"2457295140","899000","235","3825,53","Varzea"
"2730925714","527000","80","6587,5","Morretes"
"2682274217","419001","52","8057,71","Morretes"
"2751140419","375000","43","8720,93","Morretes"
"2689593922","689000","575","1198,26","Varzea"
"2560637273","650000","288","2256,94","Morretes"
"2560637339","560000","90","6222,22","Morretes"
"2764832432","580000","70","8285,71","Andorinha"
"2443848483","850000","119","7142,86","Andorinha"
"2763593920","572070","53","10793,77","Morretes"
"2560637690","550000","90","6111,11","Morretes"
"2560637117","650000","288","2256,94","Morretes"
"2728068365","480000","65","7384,62","Morretes"
"2560637674","550000","70","7857,14","Morretes"
"2564476203","590000","90","6555,56","Morretes"
"2687898418","2100000","150","14000","Castelo Branco"
"2569457810","339200","371","914,29","Ilhota"
"2694722275","590000","85","6941,18","Morretes"
"2470892120","850000","114","7456,14","Castelo Branco"
"2736813751","420000","57","7368,42","Morretes"
"2736157331","632000","58","10896,55","Meia Praia"
"2736039929","290000","60","4833,33","Sertão do Trombudo"
"2656853449","5800000","23000","252,17","Casa Branca"
"2574579431","220000","50","4400","Ilhota"
"2768116320","790000","110","7181,82","Morretes"
"2666436700","374000","69","5420,29","Morretes"
"2737010559","350002","55","6363,67","Morretes"
"2560637714","522000","80","6525","Morretes"
"2564697285","470000","60","7833,33","Morretes"
"2721774725","547000","90","6077,78","Morretes"
"2764220513","630000","93","6774,19","Morretes"
"2651123226","300000","312","961,54","Ilhota"
"2648440187","685000","300","2283,33","Jardim Praia Mar"
"2560637657","570000","80","7125","Morretes"
"2732562036","350000","55","6363,64","Morretes"
"2735687516","350000","55","6363,64","Morretes"
"2560637687","590000","85","6941,18","Morretes"
"2761880018","1650000","113","14601,77","Meia Praia"
"2743300335","450000","85","5294,12","Morretes"
"2750098404","400000","67","5970,15","Canto da Praia"
"2670606201","2950000","220","13409,09","Canto da Praia"
"2583985709","6540000","169","38698,22","Meia Praia"
"2736814240","370000","70","5285,71","Morretes"
"2765595122","202658","38","5333,11","Ilhota"
"2768192453","980000","66","14848,48","Centro"
"2626746119","510000","1","510000","Sertão do Trombudo"
"2737602714","358000","15","23866,67","Centro"
"2763131488","600000","252","2380,95","Morretes"
"2564213789","470000","60","7833,33","Morretes"
"2562406361","462001","60","7700,02","Morretes"
"2728752722","350000","65","5384,62","Morretes"
"2565064190","450000","70","6428,57","Morretes"
"2697568788","380000","200","1900","Sertão do Trombudo"
"2770244720","649000","47","13808,51","Morretes"
"2734952020","485000","47","10319,15","Canto da Praia"
"2561990058","470000","60","7833,33","Morretes"
"2764348514","690000","89","7752,81","Canto da Praia"
"2671618441","280000","276","1014,49","Alto São Bento"
"2769696419","1500000","128","11718,75","Meia Praia"
"2769838584","1589010","102","15578,53","Centro"
"2769843463","2799240","131","21368,24","Meia Praia"
"2770104025","1189260","95","12518,53","Castelo Branco"
"2769840127","1779720","140","12712,29","Meia Praia"
"2769843345","1449020","109","13293,76","Castelo Branco"
"2769850111","2349560","134","17534,03","Andorinha"
"2769848201","2449800","127","19289,76","Meia Praia"
"2769841850","1525147","115","13262,15","Castelo Branco"
"2769844870","1649030","124","13298,63","Andorinha"
"2769849096","3509460","280","12533,79","Andorinha"
"2769851590","3597070","182","19764,12","Meia Praia"
"2769853628","4199660","300","13998,87","Andorinha"
"2769852751","1798300","118","15239,83","Meia Praia"
"2769853251","2299120","118","19484,07","Meia Praia"
"2769843252","1799540","140","12853,86","Centro"
"2769845822","2589570","163","15886,93","Meia Praia"
"2769847411","6537270","157","41638,66","Meia Praia"
"2769846282","1699770","135","12590,89","Centro"
"2769847633","1599570","105","15234","Andorinha"
"2769852306","1979060","153","12935,03","Meia praia"
"2769852884","2499210","122","20485,33","Castelo Branco"
"2769751946","1792640","132","13580,61","Andorinha"
"2770027221","1689610","218","7750,5","Meia Praia"
"2770253038","1169330","110","10630,27","Andorinha"
"2769476823","1799310","123","14628,54","Castelo Branco"
"2769755837","1349540","115","11735,13","Andorinha"
"2769757164","2709200","156","17366,67","Andorinha"
"2770031072","2389280","130","18379,08","Centro"
"2769758644","798870","66","12104,09","Morretes"
"2770032451","2799850","126","22221,03","Meia praia"
"2769187130","2099860","162","12962,1","Andorinha"
"2769757248","793200","70","11331,43","Morretes"
"2770032126","1829610","114","16049,21","Andorinha"
"2770254033","724440","60","12074","Morretes"
"2770252596","7887500","166","47515,06","Meia Praia"
"2769183420","2799610","129","21702,4","Meia Praia"
"2769184563","794180","64","12409,06",""
"2770031829","778510","67","11619,55","Morretes"
"2770029996","2498770","162","15424,51","Andorinha"
"2770032737","849290","92","9231,41","Morretes"
"2769759133","1649830","117","14101,11","Meia Praia"
"2769475271","2299020","128","17961,09","Meia Praia"
"2769754283","1219130","137","8898,76","Castelo Branco"
"2770030390","2298480","162","14188,15","Andorinha"
"2770031278","649810","270","2406,7","Morretes"
"2769188682","1989690","136","14630,07","Meia Praia"
"2769847572","1589040","145","10958,9","Meia Praia"
"2769853456","1599800","127","12596,85","Meia Praia"
"2769854614","2199540","161","13661,74","Meia Praia"
"2769758069","949210","70","13560,14","Morretes"
"2768968519","2099450","280","7498,04","Andorinha"
"2769844336","2899790","120","24164,92","Meia Praia"
"2769843864","1589890","127","12518,82","Andorinha"
"2769190032","4499600","197","22840,61","Meia Praia"
"2770252229","1799150","114","15782,02","Meia Praia"
"2769754422","2799620","142","19715,63","Castelo Branco"
"2770027667","1199690","112","10711,52","Castelo Branco"
"2769755818","1038580","69","15051,88","Morretes"
"2770028687","2299550","124","18544,76","Castelo Branco"
"2770029006","3989620","180","22164,56","Meia Praia"
"2769474579","2999210","138","21733,41","Meia Praia"
"2770254344","4797120","181","26503,43","Castelo Branco"
"2770253610","5849350","230","25431,96","Andorinha"
"2769757343","3889440","273","14247,03","Morretes"
"2770030162","1999260","116","17235","Meia Praia"
"2769186740","1999690","127","15745,59","Andorinha"
"2770030836","1479070","109","13569,45","Castelo Branco"
"2769186800","4999740","201","24874,33","Centro"
"2770031058","2199140","122","18025,74","Meia Praia"
"2769758415","2853850","129","22122,87","Meia Praia"
"2769751901","1099210","68","16164,85","Morretes"
"2769471415","1789840","123","14551,54","Meia Praia"
"2770025248","6651610","183","36347,6","Andorinha"
"2770025540","3598350","179","20102,51","Andorinha"
"2770027288","989750","78","12689,1","Morretes"
"2769277920","6157180","240","25654,92","Meia Praia"
"2770252725","1949770","128","15232,58","Meia Praia"
"2769472721","2199240","120","18327","Andorinha"
"2770025539","824590","60","13743,17","Morretes"
"2770024348","1349700","107","12614,02","Meia Praia"
"2770024111","2299200","137","16782,48","Castelo Branco"
"2769841107","626070","88","7114,43","Alto São Bento"
"2769839004","1979270","124","15961,85","Andorinha"
"2769839543","2799430","140","19995,93","Meia praia"
"2769845948","2364660","193","12252,12","Meia Praia"
"2769844607","2599680","185","14052,32","Centro"
"2769846149","1707510","118","14470,42","Andorinha"
"2769852836","4499570","276","16302,79","Castelo Branco"
"2769846561","939330","87","10796,9","Meia Praia"
"2769184360","1181688","87","13582,62","Meia Praia"
"2769755634","7929440","185","42861,84","Meia Praia"
"2769186435","2298120","145","15849,1","Andorinha"
"2770032324","799810","70","11425,86","Tabuleiro dos Oliveiras"
"2769753086","894470","126","7098,97","Castelo Branco"
"2769849240","2498890","200","12494,45","Andorinha"
"2769851371","2564890","193","13289,59","Meia Praia"
"2765597322","202658","38","5333,11","Ilhota"
"2770094113","1798800","126","14276,19","Andorinha"
"2766833218","1100000","200","5500","Casa Branca"
"2770213549","799000","70","11414,29","Andorinha"
"2770278128","1792000","140","12800","Andorinha"
"2769537128","1575000","116","13577,59","Meia Praia"
"2770248338","3990000","260","15346,15","Meia Praia"
"2768816313","4535630","214","21194,53","Meia Praia"
"2769883040","2600000","185","14054,05","Centro"
"2770229564","7888000","185","42637,84","Centro"
"2770126540","2400000","149","16107,38","Centro"
"2770239827","7888000","166","47518,07","Meia Praia"
"2770025506","3999350","135","29624,81","Centro"
"2701235709","630001","100","6300,01","Morretes"
"2768632232","1740000","117","14871,79","Centro"
"2769977132","1750000","134","13059,7","Meia Praia"
"2437374015","385000","68","5661,76","Andorinha"
"2769967880","5299000","198","26762,63","Meia Praia"
"2769308191","1052500","62","16975,81","Morretes"
"2769313874","1266000","101","12534,65","Castelo Branco"
"2767582385","4999000","198","25247,47","Morretes"
"2767583186","4195000","177","23700,56","Centro"
"2767581382","1716000","105","16342,86","Meia Praia"
"2769311875","839000","64","13109,38","Centro"
"2770030025","2349440","123","19101,14","Andorinha"
"2769852834","3789490","213","17791,03","Meia Praia"
"2770103863","640200","68","9414,71","Morretes"
"2764359916","1462197","115","12714,76","Meia Praia"
"2624566360","540000","65","8307,69","Casa Branca"
"2713180530","900000","107","8411,21","Meia Praia"
"2754745133","5990000","368","16277,17","Centro"
"2644278795","709000","63","11253,97","Morretes"
"2569333312","650000","65","10000","Morretes"
"2746485227","2197000","300","7323,33","Andorinha"
"2730785017","1500000","150","10000","Casa Branca"
"2763649234","750000","114","6578,95","Morretes"
"2716005427","6999000","419","16704,06","Casa Branca"
"2751147314","386000","43","8976,74","Morretes"
"2766852223","1149800","120","9581,67","Andorinha"
"2560637559","750000","100","7500","Morretes"
"2560637208","797000","70","11385,71","Morretes"
"2763100435","725000","300","2416,67","Casa Branca"
"2671622394","560000","552","1014,49","Alto São Bento"
"2430848984","1560000","165","9454,55","Meia Praia"
"2560637625","620000","74","8378,38","Morretes"
"2734074319","479600","59","8128,81","Morretes"
"2765080042","1190001","150","7933,34","Morretes"
"2560637265","710000","105","6761,9","Morretes"
"2760158318","490000","85","5764,71","Centro"
"2569298355","592000","40","14800","Meia Praia"
"2560637530","462000","55","8400","Morretes"
"2724150851","630000","70","9000","Morretes"
"94919065","2950000","218","13532,11","Canto da Praia"
"2759234724","10000","437","22,88","Andorinha"
"2762864386","463900","69","6723,19","Morretes"
"2647887720","6680000","189","35343,92","Meia Praia"
"2724088774","477000","64","7453,12","Morretes"
"2560637144","650000","288","2256,94","Morretes"
"2580327994","470000","60","7833,33","Morretes"
"2560057017","1990000","164","12134,15","Meia Praia"
"2769033042","999000","320","3121,88","Tabuleiro dos Oliveiras"
"2660284690","450000","74","6081,08","Morretes"
"2668438295","1800000","205","8780,49","Meia Praia"
"2754745930","9878830","300","32929,43","Andorinha"
"2560637477","570000","90","6333,33","Morretes"
"2747201025","7650000","350","21857,14","Canto da Praia"
"2685614737","745000","46","16195,65","Meia Praia"
"2560637361","580000","80","7250","Morretes"
"2718961434","563400","64","8803,12","Jardim Praia Mar"
"2597988477","1378000","240","5741,67","Castelo Branco"
"2560637384","550000","95","5789,47","Morretes"
"2759405016","420000","60","7000","Morretes"
"2758386841","390000","56","6964,29","Tabuleiro dos Oliveiras"
"2560637594","462000","55","8400","Morretes"
"2560637689","580000","80","7250","Morretes"
"2682738365","550000","76","7236,84","Morretes"
"2678340832","550000","75","7333,33","Morretes"
"2560637480","540000","95","5684,21","Morretes"
"2660284689","450000","74","6081,08","Morretes"
"2762836313","420000","55","7636,36","Morretes"
"2761879721","1790000","123","14552,85","Meia Praia"
"2727491057","286821","200","1434,1","Sertão do Trombudo"
"2722470049","750000","120","6250","Casa Branca"
"2676776410","500000","284","1760,56","Morretes"
"2644998762","450000","65","6923,08","Morretes"
"2700108285","255000","38","6710,53","Ilhota"
"2651709408","1650000","200","8250","Morretes"
"2764740721","595226","67","8883,97","Alto São Bento"
"2560637309","650000","288","2256,94","Morretes"
"2560637283","462000","55","8400","Morretes"
"2560637635","650000","288","2256,94","Morretes"
"2735747819","613000","63","9730,16","Morretes"
"2560637366","650000","288","2256,94","Morretes"
"2721531871","500000","74","6756,76","Ilhota"
"2567865289","9998800","505","19799,6","Centro"
"2574648001","658440","40","16461","Meia Praia"
"2518092778","2950000","200","14750","Canto da Praia"
"2762883866","499000","69","7231,88","Morretes"
"2754747723","3005000","161","18664,6","Meia Praia"
"2560637675","595001","80","7437,51","Morretes"
"2662253170","1200000","315","3809,52","Morretes"
"2762890210","459000","69","6652,17","Morretes"
"2560637739","550000","88","6250","Morretes"
"2702443816","410000","63","6507,94","Morretes"
"2702735875","7500000","350","21428,57","Canto da Praia"
"2560637000","650000","288","2256,94","Morretes"
"2761510113","550000","70","7857,14","Morretes"
"2754746763","1416517","177","8002,92","Meia Praia"
"2763648032","590000","76","7763,16","Morretes"
"2761579627","7650000","350","21857,14","Canto da Praia"
"2769751998","2549150","130","19608,85","Centro"
"2770028524","1749410","130","13457","Meia Praia"
"2770027283","749480","54","13879,26","Morretes"
"2769468396","969490","69","14050,58","Morretes"
"2770251912","1199590","124","9674,11","Meia Praia"
"2769852720","1099070","70","15701","Morretes"
"2768967485","1759370","103","17081,26","Castelo Branco"
"2769187285","3679350","131","28086,64","Centro"
"2769757259","886390","68","13035,15","Castelo Branco"
"2769842370","1358070","113","12018,32","Andorinha"
"2768965745","6499830","268","24253,1","Morretes"
"2769846435","1099740","169","6507,34","Meia Praia"
"2769855061","5999670","260","23075,65","Meia Praia"
"2769752537","1999710","168","11903,04","Meia Praia"
"2769759729","2349310","163","14412,94","Andorinha"
"2769472313","2989010","142","21049,37","Meia Praia"
"2769843887","1549010","127","12196,93","Centro"
"2769851811","838640","60","13977,33","Jardim Praia Mar"
"2768967857","2699190","142","19008,38","Castelo Branco"
"2769848728","2549330","128","19916,64","Meia Praia"
"2769846148","1572702","127","12383,48","Andorinha"
"2769838288","1989460","120","16578,83","Andorinha"
"2769757472","3499580","142","24644,93","Andorinha"
"2769472670","1749860","116","15085","Canto da Praia"
"2769752096","3779230","146","25885,14","Centro"
"2769754521","1099220","85","12932","Centro"
"2769757300","989490","70","14135,57","Tabuleiro dos Oliveiras"
"2769840897","809610","70","11565,86","Casa Branca"
"2770027732","7123200","180","39573,33","Meia Praia"
"2769753602","1989450","130","15303,46","Centro"
"2770254038","2989460","193","15489,43","Meia Praia"
"2769753714","789550","56","14099,11","Morretes"
"2770253921","1689780","127","13305,35","Meia Praia"
"2770253946","2909050","176","16528,69","Castelo Branco"
"2770251487","879740","67","13130,45","Morretes"
"2770028692","3699200","183","20214,21","Meia Praia"
"2770253862","2449110","137","17876,72","Meia Praia"
"2770030362","1249480","97","12881,24","Castelo Branco"
"2769754988","2289260","149","15364,16","Centro"
"2770029676","1499170","110","13628,82","Castelo Branco"
"2769473857","779720","52","14994,62","Morretes"
"2769476527","6929830","166","41745,96","Meia Praia"
"2769757484","4889060","202","24203,27","Meia Praia"
"2769758217","1519710","126","12061,19","Meia Praia"
"2770032015","2989630","2100","1423,63","Varzea"
"2769758436","1599200","110","14538,18","Andorinha"
"2769474711","9529200","180","52940","Meia Praia"
"2769758443","569610","85","6701,29","Morretes"
"2770031182","1639690","117","14014,44","Andorinha"
"2769186745","2789600","161","17326,71","Castelo Branco"
"2769190345","2689640","130","20689,54","Meia Praia"
"2769754303","3199900","216","14814,35","Meia Praia"
"2769185844","3457390","188","18390,37","Andorinha"
"2770253861","5499140","225","24440,62","Meia Praia"
"2769752943","3999340","177","22595,14","Meia Praia"
"2769473434","2329110","145","16062,83","Andorinha"
"2770030513","1889810","110","17180,09","Meia Praia"
"2770029674","1699100","252","6742,46","Castelo Branco"
"2770029771","1799890","141","12765,18","Castelo Branco"
"2769844752","1099200","79","13913,92","Meia Praia"
"2769183285","1999630","145","13790,55","Meia Praia"
"2769755235","1379630","191","7223,19","Andorinha"
"2770024542","668570","60","11142,83","Tabuleiro dos Oliveiras"
"2769858737","1799590","149","12077,79","Centro"
"2769840162","4499530","180","24997,39","Canto da Praia"
"2769845152","3008240","182","16528,79","Meia Praia"
"2769472370","849490","70","12135,57","Morretes"
"2769758208","2379660","133","17892,18","Andorinha"
"2770027494","2289080","141","16234,61","Centro"
"2769842986","1488810","109","13658,81","Andorinha"
"2769845685","2789880","206","13543,11","Andorinha"
"2769754864","849660","70","12138","Tabuleiro dos Oliveiras"
"2769189762","3699720","150","24664,8","Centro"
"2769755640","3974880","260","15288","Andorinha"
"2769845015","1689040","130","12992,62","Andorinha"
"2770094018","2990000","190","15736,84","Meia Praia"
"2770250472","849020","102","8323,73","Meia Praia"
"2769753582","828430","110","7531,18","Morretes"
"2770027653","849870","67","12684,63","Morretes"
"2769754448","2099260","130","16148,15","Meia Praia"
"2770027375","2334620","120","19455,17","Andorinha"
"2769472419","739900","67","11043,28",""
"2770254475","3157730","128","24669,77","Meia Praia"
"2770027982","1560570","111","14059,19","Meia Praia"
"2769468577","789520","110","7177,45","Morretes"
"2770030419","1689180","100","16891,8","Centro"
"2770030922","3599840","180","19999,11","Meia Praia"
"2769182071","1989510","123","16174,88","Meia Praia"
"2769757578","2499270","130","19225,15","Meia Praia"
"2769758042","1349170","69","19553,19","Morretes"
"2769758434","2599860","156","16665,77","Andorinha"
"2769757568","729040","64","11391,25","Morretes"
"2770028472","1199780","120","9998,17","Meia Praia"
"2770027670","7821540","271","28861,77","Andorinha"
"2769754559","1279310","100","12793,1","Meia Praia"
"2770254037","649340","60","10822,33","Tabuleiro dos Oliveiras"
"2770024408","649720","60","10828,67","Alto São Bento"
"2769753968","589850","72","8192,36","Morretes"
"2769755629","2199870","132","16665,68","Meia Praia"
"2770025907","739560","66","11205,45","Andorinha"
"2770030861","2799770","160","17498,56","Meia Praia"
"2770030881","3999080","254","15744,41","Meia Praia"
"2769471997","1872800","116","16144,83","Andorinha"
"2769757263","2399240","127","18891,65","Meia Praia"
"2769473335","3397890","179","18982,63","Meia praia"
"2769758610","2079270","134","15516,94","Castelo Branco"
"2769851541","2609340","135","19328,44","Meia Praia"
"2769854418","1998780","252","7931,67","Meia Praia"
"2769854163","2689350","132","20373,86","Meia Praia"
"2770251039","3199030","183","17481,04","Andorinha"
"2769844095","2160739","127","17013,69","Centro"
"2769841451","4249180","187","22722,89","Andorinha"
"2769842617","1589050","133","11947,74","Meia Praia"
"2769846614","1749190","128","13665,55","Meia Praia"
"2769847728","3779490","187","20211,18","Morretes"
"2769842396","649170","105","6182,57","Morretes"
"2769848787","1949770","126","15474,37","Meia Praia"
"2769847635","1899770","132","14392,2","Andorinha"
"2769854816","2299880","175","13142,17","Meia Praia"
"2769848202","2799890","190","14736,26","Meia Praia"
"2769854539","1649850","140","11784,64","Castelo Branco"
"2769851070","2409710","199","12109,1","Meia Praia"
"2769835499","2399830","128","18748,67","Meia Praia"
"2769843255","579670","117","4954,44","Morretes"
"2769843430","1579620","126","12536,67","Andorinha"
"2769840167","1799190","124","14509,6","Andorinha"
"2769850242","2999490","285","10524,53","Meia praia"
"2769851088","898230","167","5378,62","Morretes"
"2769855329","3406160","197","17290,15","Meia Praia"
"2769853322","4199710","300","13999,03","Andorinha"
"2769845784","3199490","216","14812,45","Meia Praia"
"2769847142","3299110","128","25774,3","Centro"
"2769847990","3999260","128","31244,22","Meia praia"
"2769847783","1949420","145","13444,28","Castelo Branco"
"2769853141","3249630","200","16248,15","Canto da Praia"
"2769188336","1189470","95","12520,74","Castelo Branco"
"2768646048","5320000","183","29071,04","Meia Praia"
"2769180288","824520","69","11949,57","Tabuleiro dos Oliveiras"
"2769186519","1199460","75","15992,8","Andorinha"
"2769181836","984630","70","14066,14","Morretes"
"2769178521","859650","63","13645,24","Morretes"
"2769838302","6671610","186","35868,87","Morretes"
"2769476955","1549050","200","7745,25","Centro"
"2769848032","2949750","200","14748,75","Canto da Praia"
"2770030379","679490","70","9707","Alto São Bento"
"2769838583","1667490","125","13339,92","Canto da Praia"
"2769184405","3119490","216","14442,08","Centro"
"2769757632","1639610","117","14013,76","Centro"
"2769839872","1499570","122","12291,56","Meia Praia"
"2768969260","1683860","105","16036,76","Meia Praia"
"2769474756","2689250","164","16397,87","Meia Praia"
"2769839857","1879060","127","14795,75","Andorinha"
"2770032024","949160","70","13559,43","Tabuleiro dos Oliveiras"
"2770029689","999660","93","10749,03","Meia Praia"
"2769848307","1049290","114","9204,3","Castelo Branco"
"2769188516","1099840","129","8525,89","Meia Praia"
"2769842288","1849300","129","14335,66","Meia Praia"
"2769754834","949850","70","13569,29","Tabuleiro dos Oliveiras"
"2769190816","849610","62","13703,39","Tabuleiro dos Oliveiras"
"2769187251","1999170","180","11106,5","Meia Praia"
"2769185886","5199690","273","19046,48","Morretes"
"2770028730","4616030","228","20245,75","Meia Praia"
"2769842023","1799890","126","14284,84","Andorinha"
"2769854623","721450","69","10455,8","Tabuleiro dos Oliveiras"
"2769758068","1249790","320","3905,59","Morretes"
"2769839948","1559090","99","15748,38","Canto da Praia"
"2769853064","2451230","199","12317,74","Meia Praia"
"2769850184","679510","49","13867,55","Meia Praia"
"2769472056","999850","63","15870,63","Morretes"
"2769183105","2199150","116","18958,19","Meia Praia"
"2769757270","3867770","190","20356,68","Andorinha"
"2769754973","2747230","163","16854,17","Meia Praia"
"2769755633","1395650","85","16419,41","Meia Praia"
"2769184708","1969420","118","16690","Andorinha"
"2770029669","1697400","131","12957,25","Andorinha"
"2769851351","969620","70","13851,71","Morretes"
"2770251313","869200","130","6686,15","Morretes"
"2769853821","949240","98","9686,12","Castelo Branco"
"2769849651","2509160","199","12608,84","Meia Praia"
"2769751993","2679140","160","16744,62","Meia Praia"
"2769842086","3970847","129","30781,76","Meia Praia"
"2769854139","2299240","185","12428,32","Centro"
"2769840907","741270","60","12354,5","Morretes"
"2769851854","4011590","290","13833,07","Meia Praia"
"2770028535","928400","69","13455,07","Morretes"
"2770254978","1649290","117","14096,5","Meia Praia"
"2770254474","1887060","84","22465","Castelo Branco"
"2769852958","1526630","132","11565,38","Castelo Branco"
"2769855223","799220","65","12295,69","Tabuleiro dos Oliveiras"
"2769470109","729870","49","14895,31","Morretes"
"2770030467","849570","69","12312,61","Tabuleiro dos Oliveiras"
"2769180491","2749410","185","14861,68","Castelo Branco"
"2769700920","1950000","130","15000","Andorinha"
"2769426939","1890000","115","16434,78","Meia Praia"
"2769730216","1550000","127","12204,72","Meia Praia"
"2768681491","3750000","142","26408,45","Meia Praia"
"2769720648","1300000","87","14942,53","Meia Praia"
"2770125948","692900","69","10042,03","Casa Branca"
"2770125829","751868","68","11056,88","Jardim Praia Mar"
"2770262131","790000","49","16122,45","Canto da Praia"
"2769888818","1548115","135","11467,52","Centro"
"2769538017","720000","48","15000","Canto da Praia"
"2769970433","1000000","93","10752,69","Andorinha"
"2769440918","1850000","137","13503,65","Andorinha"
"2770192990","2446000","133","18390,98","Centro"
"2770277868","1920000","149","12885,91","Meia Praia"
"2770278026","2090000","134","15597,01","Meia Praia"
"2769537921","1250000","98","12755,1","Meia Praia"
"2769538114","2400000","137","17518,25","Meia Praia"
"2769125021","7165000","235","30489,36","Centro"
"2769536336","2100000","130","16153,85","Centro"
"2767582232","900000","70","12857,14","Morretes"
"2768182531","890000","90","9888,89","Morretes"
"2767584024","1300000","102","12745,1","Castelo Branco"
"2770045036","2900000","154","18831,17","Centro"
"2770277867","1684000","105","16038,1","Meia Praia"
"2764940113","828377","62","13360,92","Morretes"
"2770091351","1680000","147","11428,57","Meia Praia"
"2770201815","7628000","261","29226,05","Meia Praia"
"2769959038","1150000","109","10550,46","Meia Praia"
"2690155611","2000000","135","14814,81","Andorinha"
"2711003805","265575","200","1327,88","Sertão do Trombudo"
"2761506951","1575000","130","12115,38","Meia Praia"
"2764022539","650000","89","7303,37","Morretes"
"2770125832","1800000","105","17142,86","Centro"
"2770166507","1800000","116","15517,24","Meia Praia"
"2769766962","2201409","172","12798,89","Meia Praia"
"2769402625","890000","69","12898,55","Morretes"
"2770245024","350000","330","1060,61","Alto São Bento"
"2769341146","1960000","122","16065,57","Meia Praia"
"2764633847","2330000","120","19416,67","Meia Praia"
"2763090330","470000","70","6714,29","Morretes"
"2769343130","4591000","180","25505,56","Meia Praia"
"2770027114","1300000","87","14942,53","Meia Praia"
"2770155962","785000","60","13083,33","Morretes"
"2769343816","1890000","115","16434,78","Meia Praia"
"2769342623","1920000","149","12885,91","Meia Praia"
"2762859815","2400000","127","18897,64","Meia Praia"
"2711131061","350000","77","4545,45","Morretes"
"2769854142","2699870","137","19707,08","Meia Praia"
"2769758780","809110","89","9091,12","Morretes"
"2769848122","1689200","138","12240,58","Castelo Branco"
"2770028007","1989460","129","15422,17","Castelo Branco"
"2769755915","1489220","82","18161,22","Andorinha"
"2769854230","1939850","119","16301,26","Meia Praia"
"2769474225","929500","80","11618,75","Centro"
"2770024638","589080","87","6771,03","Morretes"
"2769847511","1499400","154","9736,36","Meia Praia"
"2766436118","2200000","130","16923,08","Meia Praia"
"2769148272","2200000","129","17054,26","Meia Praia"
"2770248513","4200000","157","26751,59","Meia Praia"
"2770155826","2200000","138","15942,03","Meia Praia"
"2767610714","2100000","142","14788,73","Meia Praia"
"2770365520","1420000","70","20285,71","Morretes"
"2770222265","915000","400","2287,5","Casa Branca"
"2770221653","915000","358","2555,87","Casa Branca"
"2767581549","850000","75","11333,33","Morretes"
"2770090769","1500000","110","13636,36","Meia Praia"
"2768634232","2186531","115","19013,31","Meia Praia"
"2767582251","2069852","119","17393,71","Centro"
"2767581775","850000","60","14166,67","Jardim Praia Mar"
"2763648651","1780000","119","14957,98","Meia Praia"
"2767581980","945135","70","13501,93","Morretes"
"2767582635","922383","68","13564,46","Morretes"
"2767584416","979099","69","14189,84","Morretes"
"2770025830","5500000","142","38732,39","Canto da Praia"
"2767581995","2263707","151","14991,44","Castelo Branco"
"2767584831","2241135","151","14841,95","Castelo Branco"
"2767581294","950000","65","14615,38","Morretes"
"2767581648","836942","70","11956,31","Morretes"
"2770391213","9998000","180","55544,44","Meia Praia"
"2770390932","7210000","166","43433,73","Meia Praia"
"2770279738","1500000","122","12295,08","Meia Praia"
"2769982525","810361","70","11576,59","Morretes"
"2769969227","845000","70","12071,43","Morretes"
"2769977249","819499","69","11876,8","Jardim Praia Mar"
"2770039942","750000","68","11029,41","Morretes"
"2769993323","2650000","139","19064,75","Centro"
"2769991947","700000","69","10144,93","Morretes"
"2769342624","754000","68","11088,24","Morretes"
"2766852842","824800","70","11782,86","Morretes"
"2769206117","780000","69","11304,35","Morretes"
"2769898130","2998000","172","17430,23","Centro"
"2769450123","840000","70","12000","Morretes"
"2769897045","2500000","160","15625","Centro"
"2769313870","1311000","81","16185,19","Castelo Branco"
"2769150117","808614","69","11719,04","Morretes"
"2769150413","1097405","68","16138,31","Morretes"
"2770222913","3790000","272","13933,82","Casa Branca"
"2767582396","3600000","205","17560,98",""
"2706041524","500000","63","7936,51",""
"2770278196","1500000","124","12096,77","Meia Praia"
"2770364420","3300000","182","18131,87","Meia Praia"
"2769759457","4150000","183","22677,6","Meia Praia"
"2769481128","1790000","120","14916,67","Meia Praia"
"2769195152","2500000","123","20325,2","Meia Praia"
"2767582460","836000","67","12477,61","Morretes"
"2769991862","1500000","140","10714,29","Castelo Branco"
"2769993430","1389000","104","13355,77","Castelo Branco"
"2769150215","2150000","284","7570,42","Meia Praia"
"2769991473","3990000","182","21923,08","Meia Praia"
"2769149820","2250000","109","20642,2","Canto da Praia"
"2770390830","1890000","115","16434,78","Meia Praia"
"2769712153","490000","59","8305,08","Alto São Bento"
"2768626330","2500000","124","20161,29","Meia Praia"
"2769150414","2300000","165","13939,39","Centro"
"2769988538","858900","70","12270","Morretes"
"2769150629","3900000","203","19211,82","Castelo Branco"
"2769602645","2798000","161","17378,88",""
"2770126539","689500","70","9850","Jardim Praia Mar"
"2769312870","2845125","155","18355,65","Ilhota"
"2770124967","689500","70","9850","Jardim Praia Mar"
"2770364939","580000","60","9666,67","Morretes"
"2768627018","1587000","133","11932,33","Meia Praia"
"2765048721","1000000","150","6666,67","Centro"
"2764634148","1900000","124","15322,58","Meia Praia"
"2764632142","839000","64","13109,38","Jardim Praia Mar"
"2769759344","1990000","129","15426,36","Meia Praia"
"2764631844","980000","70","14000","Morretes"
"2765088214","700000","90","7777,78","Morretes"
"2769824614","890000","69","12898,55","Morretes"
"2769962417","728000","69","10550,72","Morretes"
"2769775059","772000","69","11188,41","Morretes"
"2769966147","1858953","150","12393,02","Meia Praia"
"2770006202","1751500","135","12974,07","Centro"
"2761579419","827400","70","11820","Morretes"
"2766852331","1579800","131","12059,54","Meia Praia"
"2770277909","3500000","274","12773,72","Meia Praia"
"2764922633","850000","125","6800","Morretes"
"2770364519","3998000","206","19407,77","Centro"
"2769759455","880000","70","12571,43","Tabuleiro dos Oliveiras"
"2769747262","9878830","300","32929,43","Andorinha"
"2769343422","3398000","205","16575,61","Meia Praia"
"2764631746","1813000","123","14739,84","Meia Praia"
"2769149821","890000","66","13484,85","Morretes"
"2761879521","1850000","108","17129,63","Meia Praia"
"2769991861","790000","66","11969,7","Morretes"
"2764634419","1052500","67","15708,96","Morretes"
"2770247863","750000","90","8333,33","Morretes"
"2769991948","5800000","183","31693,99","Castelo Branco"
"2770199476","3350000","176","19034,09","Centro"
"2770200161","2800000","2278","1229,15","Casa Branca"
"2770198425","2600000","156","16666,67","Meia Praia"
"2770200066","5950000","175","34000","Meia Praia"
"2770200056","899000","69","13028,99","Morretes"
"2770197543","899000","669","1343,8","Morretes"
"2770199137","3600000","131","27480,92","Meia Praia"
"2770199136","8792058","420","20933,47","Meia Praia"
"2770198025","3081399","177","17409,03","Andorinha"
"2770199243","7210000","166","43433,73","Meia Praia"
"2770199145","4591000","180","25505,56","Meia Praia"
"2770199244","2150000","484","4442,15","Meia Praia"
"2770198960","1850000","128","14453,12","Castelo Branco"
"2770199132","2700000","142","19014,08","Castelo Branco"
"2770198426","2260000","134","16865,67","Meia Praia"
"2770198959","9998000","180","55544,44","Meia Praia"
"2770199477","4517000","183","24683,06","Castelo Branco"
"2770199478","1999900","190","10525,79","Casa Branca"
"2770198953","1490000","99","15050,51","Canto da Praia"
"2770198958","4940000","268","18432,84","Meia Praia"
"2770199969","6830000","157","43503,18","Meia Praia"
"2770200148","4355000","222","19617,12","Meia Praia"
"2770199133","6158563","240","25660,68","Meia Praia"
"2770200243","7800000","200","39000","Centro"
"2770199138","3290000","156","21089,74","Meia Praia"
"2770199432","998000","68","14676,47","Morretes"
"2770199968","5950000","190","31315,79","Meia Praia"
"2770200067","8250000","185","44594,59","Meia Praia"
"2770199147","1684000","105","16038,1","Meia Praia"
"2770200068","9710000","180","53944,44","Meia Praia"
"2770198954","7888000","166","47518,07","Meia Praia"
"2770199970","8993000","180","49961,11","Meia Praia"
"2770199740","3496000","203","17221,67","Meia Praia"
"2761881714","1800000","132","13636,36","Meia Praia"
"2769968613","475000","55","8636,36","Morretes"
"2770199140","4000000","190","21052,63","Meia Praia"
"2770200232","2399000","128","18742,19","Meia Praia"
"2770198949","2790000","142","19647,89","Meia Praia"
"2770249036","1350000","78","17307,69","Meia Praia"
"2765016364","1980000","125","15840","Centro"
"2770198430","2199000","142","15485,92","Meia Praia"
"2765019920","1800000","128","14062,5","Meia Praia"
"2770199139","1790000","110","16272,73","Meia Praia"
"2770198946","3090000","126","24523,81","Meia Praia"
"2770200226","2420000","162","14938,27","Andorinha"
"2738893343","820000","62","13225,81",""
"2664303916","2177456","140","15553,26","Centro"
"2769739444","980000","90","10888,89","Meia Praia"
"2769704665","620000","89","6966,29","Centro"
"2769189689","1399770","164","8535,18","Meia Praia"
"2670859617","1052000","66","15939,39","Morretes"
"2754955505","2150000","175","12285,71","Meia Praia"
"2769850382","579760","69","8402,32","Morretes"
"2769840201","649650","67","9696,27","Morretes"
"2767583779","779625","70","11137,5","Morretes"
"2768647870","780000","69","11304,35","Tabuleiro dos Oliveiras"
"2767584134","756281","65","11635,09","Morretes"
"2745607229","1190000","102","11666,67","Meia Praia"
"2769609634","690000","118","5847,46","Morretes"
"2646971260","3450000","195","17692,31","Meia Praia"
"2769743511","1200000","110","10909,09","Centro"
"2704936609","2899000","185","15670,27","Meia Praia"
"2769473020","653410","68","9608,97","Morretes"
"2763410127","784000","68","11529,41","Morretes"
"2699373874","3033998","182","16670,32","Meia Praia"
"2769852267","549300","65","8450,77","Alto São Bento"
"2692635960","1180000","100","11800","Meia Praia"
"2769753508","849620","98","8669,59","Morretes"
"2754169609","649630","69","9414,93","Morretes"
"2767152246","2850000","137","20802,92","Meia Praia"
"2769183810","549360","72","7630","Morretes"
"2745153906","778573","70","11122,47","Jardim Praia Mar"
"2769184810","549330","72","7629,58","Morretes"
"2769556251","2350000","135","17407,41","Meia Praia"
"2719898471","780000","103","7572,82","Morretes"
"2769472515","569390","69","8252,03","Morretes"
"2740907882","580000","70","8285,71","Morretes"
"2769181620","774890","70","11069,86","Morretes"
"2769842192","689690","60","11494,83","Morretes"
"2768650214","950000","69","13768,12","Tabuleiro dos Oliveiras"
"2757784423","3500000","178","19662,92","Meia Praia"
"2765097545","2100000","133","15789,47","Centro"
"2721918471","626000","70","8942,86","Morretes"
"2656027792","733000","70","10471,43","Jardim Praia Mar"
"2729350652","680000","61","11147,54","Sertão Do Trombudo"
"2745206422","695000","69","10072,46","Morretes"
"2767582145","769500","70","10992,86","Morretes"
"2757784226","3150000","190","16578,95","Meia Praia"
"2748545489","630000","70","9000","Jardim Praia Mar"
"2743547557","778237","66","11791,47","Jardim Praia Mar"
"2768971530","579660","70","8280,86","Alto São Bento"
"2727086082","4500000","226","19911,5","Ocean Tower"
"2645358484","3993000","203","19669,95","Centro"
"2744834201","660000","70","9428,57","Casa Branca"
"2729591151","2450000","137","17883,21","Meia Praia"
"2769752931","329670","78","4226,54","Morretes"
"2764976896","3900000","197","19796,95","Meia Praia"
"2769150818","961916","69","13940,81","Morretes"
"2511793365","1052000","66","15939,39","Morretes"
"2725527842","689000","64","10765,62","Jardim Praia Mar"
"2769469835","648930","70","9270,43","Morretes"
"2769475303","428400","38","11273,68","Morretes"
"2769177333","799900","68","11763,24","Morretes"
"2769473417","1499270","96","15617,4","Meia Praia"
"2769187425","1249650","114","10961,84","Meia Praia"
"2749726632","790000","64","12343,75","Morretes"
"2726547841","750000","60","12500","Jardim Praia Mar"
"2721286858","775000","68","11397,06","Morretes"
"2729591149","750000","66","11363,64","Tabuleiro"
"2769537919","4900000","195","25128,21","Meia Praia"
"2768968700","4999350","197","25377,41","Centro"
"2690560265","2199000","129","17046,51","Andorinha"
"2754541796","1900000","120","15833,33","Andorinha"
"2699373777","1700000","135","12592,59","Meia Praia"
"2646971458","2950000","190","15526,32","Meia Praia"
"2769709155","1526566","120","12721,38","Andorinha"
"2752584072","1267400","111","11418,02","Meia Praia"
"2714718783","1099000","92","11945,65","Castelo Branco"
"2693494816","901773","66","13663,23","Morretes"
"2769473622","919890","63","14601,43","Morretes"
"2761664451","1190000","100","11900","Meia Praia"
"2723210017","1850000","128","14453,12","Castelo Branco"
"2769476150","949490","96","9890,52","Morretes"
"2729592828","750000","67","11194,03","Morretes"
"2692635959","1180000","100","11800","Meia Praia"
"2560698778","680000","67","10149,25","Morretes"
"2562410210","673719","78","8637,42","Morretes"
"2745606996","1194000","101","11821,78","Meia Praia"
"2768492913","730000","70","10428,57","Jardim Praia Mar"
"2757199530","674000","69","9768,12","Morretes"
"2751884918","799000","54","14796,3","Tabuleiro dos Oliveiras"
"2715164806","704000","68","10352,94","Morretes"
"2769754419","2419200","208","11630,77","Meia Praia"
"2676665294","802000","66","12151,52","Morretes"
"2712160887","2400000","127","18897,64","Meia Praia"
"2693494817","913009","66","13833,47","Morretes"
"2704135716","5900000","326","18098,16","Centro"
"2630293620","1920000","140","13714,29","Andorinha"
"2768646645","763200","67","11391,04","Morretes"
"2757202715","3150000","197","15989,85","Meia Praia"
"2745678245","580000","67","8656,72","Tabuleiro dos Oliveiras"
"2509404183","970000","69","14057,97","Morretes"
"2661820287","779900","83","9396,39","Morretes"
"2769185218","589280","72","8184,44","Morretes"
"2767582527","780000","102","7647,06","Morretes"
"2720507954","4350000","188","23138,3","Meia Praia"
"2715163811","630000","63","10000","Jardim Praia Mar"
"2714721442","3980000","197","20203,05","Morretes"
"2632727066","1105000","100","11050","Centro"
"2699373279","3600000","131","27480,92","Meia Praia"
"2769476415","618710","69","8966,81","Alto São Bento"
"2646970778","990000","69","14347,83","Morretes"
"2695116873","999000","70","14271,43","Morretes"
"2694269575","3500000","164","21341,46","Meia Praia"
"2649180453","2950000","127","23228,35","Meia Praia"
"2745607156","1195000","100","11950","Meia Praia"
"2754168917","599000","71","8436,62","Morretes"
"2761482572","2549020","118","21601,86","Andorinha"
"2682308740","788500","62","12717,74","Morretes"
"2769841525","633390","65","9744,46","Morretes"
"2769844175","689230","70","9846,14","Morretes"
"2719264547","3100000","182","17032,97","Meia Praia"
"2745679225","750000","69","10869,57","Morretes"
"2769178589","799230","69","11583,04","Morretes"
"2664298283","789000","65","12138,46","Morretes"
"2757245242","4400000","208","21153,85","Centro"
"2767582055","709029","69","10275,78","Morretes"
"2754860597","2500000","160","15625","Centro"
"2706114802","780000","102","7647,06","Morretes"
"2704940061","1880000","118","15932,2","Andorinha"
"2666206760","945135","62","15244,11","Morretes"
"2677258393","3190000","180","17722,22","Meia Praia"
"2764979818","1800000","128","14062,5","Meia Praia"
"2735275330","680000","70","9714,29","Morretes"
"2734926818","779000","68","11455,88","Morretes"
"2756820549","1260000","97","12989,69","Castelo Branco"
"2769472141","589050","87","6770,69","Morretes"
"2733471131","1150000","83","13855,42","Andorinha"
"2761249239","7499740","281","26689,47","Andorinha"
"2746885893","1400000","160","8750","Andorinha"
"2720509234","3500000","186","18817,2","Meia Praia"
"2749769110","1380000","110","12545,45","Meia Praia"
"2682308639","3610000","179","20167,6","Meia Praia"
"2740008120","3500000","210","16666,67","Meia Praia"
"2721918858","3600000","132","27272,73","Meia Praia"
"2757661935","890000","70","12714,29","Morretes"
"2754167245","750000","68","11029,41","Morretes"
"2676776420","3464510","188","18428,24","Meia Praia"
"2732110197","779900","84","9284,52","Morretes"
"2744290769","2100000","147","14285,71","Castelo Branco"
"2759162714","1700000","117","14529,91","Meia Praia"
"2769469058","1679480","97","17314,23","Andorinha"
"2642395140","2350000","135","17407,41","Meia Praia"
"2769186042","849300","60","14155","Morretes"
"2740353821","800000","70","11428,57","Morretes"
"2646970995","2500000","135","18518,52","Centro"
"2758485619","997010","93","10720,54","Morretes"
"2769181589","798210","60","13303,5","Jardim Praia Mar"
"2745472909","940000","70","13428,57","Morretes"
"2764632157","4500000","196","22959,18","Meia Praia"
"2740173914","2500000","132","18939,39","MEIA PRAIA"
"2655800856","2450000","127","19291,34","Meia Praia"
"2692635857","1860000","200","9300","Meia Praia"
"2656871976","2500000","162","15432,1","Meia Praia"
"2769841787","1389550","119","11676,89","Andorinha"
"2769186409","1049660","95","11049,05","Castelo Branco"
"2694161747","2500000","127","19685,04","Centro"
"2539437003","2630000","160","16437,5","Meia Praia"
"2738796822","1280000","114","11228,07","Castelo Branco"
"2698957982","2800000","136","20588,24","Meia Praia"
"2729442754","640000","69","9275,36","Morretes"
"2692634782","4850000","189","25661,38","Centro"
"2679526622","3090000","126","24523,81","Meia Praia"
"2763648029","790000","67","11791,04","Morretes"
"2764632205","950000","69","13768,12","Morretes"
"2723484285","2215000","147","15068,03","Centro"
"2699782109","1997000","129","15480,62","Meia Praia"
"2763476142","799000","67","11925,37","Tabuleiro dos Oliveiras"
"2649205259","1998509","150","13323,39","Castelo Branco"
"2717860141","2450000","191","12827,23","Meia Praia"
"2656735398","3331000","156","21352,56","Meia Praia"
"2764634817","4600000","187","24598,93","Meia Praia"
"2714715287","987000","90","10966,67","Meia Praia"
"2655713966","4500000","207","21739,13","Meia Praia"
"2755296632","2399300","206","11647,09","Centro"
"2753757401","750000","69","10869,57","Morretes"
"2747718200","1450000","120","12083,33","Meia Praia"
"2639048577","1400000","164","8536,59","Meia Praia"
"2666979898","3090000","126","24523,81","Meia Praia"
"2560637289","797000","70","11385,71","Morretes"
"2717860339","780000","70","11142,86","Morretes"
"2769472179","1579690","127","12438,5","Meia Praia"
"2700334082","1380000","90","15333,33","Castelo Branco"
"2676258732","3800000","137","27737,23","Meia Praia"
"2741387580","740000","64","11562,5","Morretes"
"2757308522","1919040","149","12879,46","Meia Praia"
"2670855757","839000","64","13109,38","Jardim Praia Mar"
"2611786500","640000","95","6736,84","Morretes"
"2758174413","3949800","180","21943,33","Centro"
"2564095230","821000","70","11728,57","Morretes"
"2720532653","669950","80","8374,38","Morretes"
"2715416494","770000","65","11846,15","Morretes"
"2607921601","3800000","129","29457,36","Centro"
"2728826638","898000","70","12828,57","Morretes"
"2727820747","1299000","110","11809,09","Meia Praia"
"2555622957","4500000","190","23684,21","Meia Praia"
"2748547392","752270","64","11754,22","Morretes"
"2768971028","6584080","192","34292,08","Centro"
"2769213754","2350000","120","19583,33","Canto da Praia"
"2740008315","5998000","190","31568,42","Meia Praia"
"2686029045","1990000","164","12134,15","Andorinha"
"2769843420","998030","115","8678,52","Meia Praia"
"2618436015","2350000","128","18359,38","meia praia"
"2681919697","3250822","190","17109,59","Meia Praia"
"2740283388","750000","65","11538,46","Andorinha"
"2763710423","689500","70","9850","Jardim Praia Mar"
"2764630664","5190000","187","27754,01","Meia Praia"
"2678338206","3743283","130","28794,48","Andorinha"
"2720508351","2600000","130","20000","Meia Praia"
"2666526202","4600000","187","24598,93","Meia Praia"
"2715659296","1879950","155","12128,71","Meia Praia"
"2535317879","875119","69","12682,88","Morretes"
"2765352857","849583","69","12312,8","Morretes"
"2674560180","999000","68","14691,18","Morretes"
"2755524994","1990000","145","13724,14","Meia Praia"
"2729350227","789000","67","11776,12","Morretes"
"2716732135","2413950","140","17242,5","Meia Praia"
"2724688937","1290000","190","6789,47","Meia Praia"
"2741033081","805000","60","13416,67","Morretes"
"2761578128","4650000","197","23604,06","Meia Praia"
"2731249631","3500000","188","18617,02","Meia Praia"
"2748437709","4085460","226","18077,26","Tabuleiro dos Oliveiras"
"2577820804","698597","60","11643,28","Morretes"
"2767729119","4200000","193","21761,66","Centro"
"2754737688","680000","71","9577,46","Morretes"
"2692636063","4900000","225","21777,78","Meia Praia"
"2735041821","1850000","128","14453,12","Meia Praia"
"2765078487","795000","70","11357,14","Morretes"
"2744009666","1320000","98","13469,39","Meia Praia"
"2676468695","915000","70","13071,43","Morretes"
"2769363335","680000","68","10000","Morretes"
"2769652014","590000","69","8550,72","Morretes"
"2745228002","737950","62","11902,42","Morretes"
"2727901442","774000","68","11382,35","Morretes"
"2744015476","3300000","206","16019,42","Meia Praia"
"2568200261","769000","65","11830,77","Morretes"
"2743473296","820000","69","11884,06","Morretes"
"2752469802","1670000","138","12101,45","Meia Praia"
"2645631155","1817000","128","14195,31","Meia Praia"
"2767583925","800000","70","11428,57","Morretes"
"2594643303","2251575","118","19081,14","Meia Praia"
"2729769214","1050000","70","15000","Morretes"
"2760268427","3200000","190","16842,11","Meia Praia"
"2759051820","3044150","193","15772,8","Meia Praia"
"2723211658","750000","70","10714,29","Morretes"
"2650088972","2168154","127","17072,08","Meia Praia"
"2539933948","1500000","127","11811,02","Meia Praia"
"2692691924","818000","69","11855,07","Morretes"
"2767350916","2350000","160","14687,5","Andorinha"
"2692694882","839000","69","12159,42","Morretes"
"2760295047","1690000","105","16095,24","Canto da Praia"
"2738706869","698597","60","11643,28","Morretes"
"2560637126","550000","70","7857,14","Morretes"
"2692636161","750000","69","10869,57","Jardim Praia Mar"
"2646970977","3500000","160","21875","Andorinha"
"2769752227","3499750","193","18133,42","Andorinha"
"2753366095","1299430","120","10828,58","Centro"
"2696399024","895000","80","11187,5","Meia Praia"
"2647976165","2200000","145","15172,41","Castelo Branco"
"2702437375","2399320","115","20863,65","Andorinha"
"2767582187","795000","70","11357,14","Morretes"
"2714720314","1690000","141","11985,82","Centro"
"2764767171","4800000","320","15000","Meia Praia"
"2656736275","7650000","229","33406,11","Centro"
"2717260158","1495000","141","10602,84","Castelo Branco"
"2767582350","825995","66","12515,08","Morretes"
"2677404697","1795000","115","15608,7","Meia Praia"
"2551110253","2680000","172","15581,4","Meia Praia"
"2701379883","2579560","202","12770,1","Andorinha"
"2646970769","3807202","156","24405,14","Centro"
"2754170595","2420000","164","14756,1","Meia Praia"
"2728445122","6100000","196","31122,45","Meia Praia"
"2711618646","1200000","136","8823,53","Castelo Branco"
"2761509913","3500000","195","17948,72","Meia Praia"
"2743610872","858800","70","12268,57","Morretes"
"2707064856","5000000","208","24038,46","Centro"
"2647976377","2200000","145","15172,41","Castelo Branco"
"2756820548","674000","68","9911,76","Morretes"
"2750096696","6900000","140","49285,71","Meia Praia"
"2638472759","2049561","118","17369,16","Centro"
"2731046642","3600000","132","27272,73","Meia Praia"
"2769182516","709410","63","11260,48","Alto São Bento"
"2744792046","750000","65","11538,46","Morretes"
"2721911025","2420000","163","14846,63","Meia Praia"
"2689268821","2690000","130","20692,31","Meia Praia"
"2769184062","1359260","133","10220","Meia Praia"
"2630295204","1261000","121","10421,49","Meia Praia"
"2642817384","2420000","163","14846,63","Meia Praia"
"2767583935","600000","56","10714,29","Morretes"
"2587914672","769000","70","10985,71","Morretes"
"2677693193","3500000","159","22012,58","Meia Praia"
"2630295203","2080000","132","15757,58","Centro"
"2720007273","2100000","133","15789,47","Centro"
"2720532458","2750000","150","18333,33","Centro"
"2557642172","4190000","210","19952,38","Andorinha"
"2769848995","569130","115","4948,96","Morretes"
"2759135230","690000","70","9857,14","Meia Praia"
"2646968121","2250000","162","13888,89","Castelo Branco"
"2769221840","2100000","135","15555,56","Centro"
"2727424545","1690000","118","14322,03","Andorinha"
"2714720236","1020000","98","10408,16","Meia Praia"
"2768967092","1299830","118","11015,51","Meia Praia"
"2677258394","795000","65","12230,77","Morretes"
"2734789059","790000","68","11617,65","Morretes"
"2764631270","2450000","137","17883,21","Meia Praia"
"2713125498","770328","66","11671,64","Morretes"
"2722463350","2970000","173","17167,63","Centro"
"2681675521","1100000","108","10185,19","Meia Praia"
"2692636160","3230000","172","18779,07","Meia Praia"
"2764630954","790000","67","11791,04","Morretes"
"2740902024","980000","84","11666,67","Meia Praia"
"2761880014","4517000","183","24683,06","Castelo Branco"
"2769179144","949100","90","10545,56","Castelo Branco"
"2767583121","1400000","109","12844,04","Centro"
"2699594095","1330000","87","15287,36",""
"2621566613","1180000","92","12826,09","Meia Praia"
"2769471142","839680","69","12169,28","Morretes"
"2729114346","699000","53","13188,68","Tabuleiro"
"2626747375","3490000","190","18368,42","Meia Praia"
"2748478794","1684000","105","16038,1","Meia Praia"
"2754168743","594000","69","8608,7","Morretes"
"2667462986","3197000","206","15519,42","Centro"
"2621947854","772000","69","11188,41","Morretes"
"2761506470","650000","64","10156,25","Morretes"
"2743475777","683000","66","10348,48","Morretes"
"2757662735","890000","68","13088,24","Morretes"
"2740345593","840689","66","12737,71","Morretes"
"2720508839","1790000","110","16272,73","Meia Praia"
"2764632859","4900000","182","26923,08","Meia Praia"
"2769848375","280997","200","1404,98","Sertão do Trombudo"
"2658583561","3600000","131","27480,92","Meia Praia"
"2762248621","4199110","138","30428,33","Centro"
"2729592922","799000","70","11414,29","Morretes"
"2761615723","2800000","176","15909,09","Meia Praia"
"2769755632","2799230","179","15638,16","Centro"
"2740939372","570000","69","8260,87","Morretes"
"2757731044","4799060","180","26661,44","Andorinha"
"2661820367","530000","74","7162,16","Casa Branca"
"2766783728","2799000","238","11760,5","Centro"
"2754355225","780000","71","10985,92","Morretes"
"2741034673","900000","60","15000","Casa Branca"
"2761113065","2615000","160","16343,75","Meia Praia"
"2603798021","1850000","134","13805,97","Centro"
"2682560450","3570000","238","15000","Centro"
"2769184130","744810","64","11637,66",""
"2724326277","3484000","139","25064,75","Meia Praia"
"2690955939","3800928","128","29694,75","Centro"
"2723431572","930000","70","13285,71","Morretes"
"2721915695","2870000","126","22777,78","Meia Praia"
"2635640073","2300000","132","17424,24","Meia Praia"
"2763409035","808000","69","11710,14","Morretes"
"2646971002","5000000","212","23584,91","Meia Praia"
"2690959202","3800928","131","29014,72","Centro"
"2740905674","550000","90","6111,11","Sertão do Trombudo"
"2769471462","1599010","115","13904,43","Castelo Branco"
"2693494917","861200","64","13456,25","Morretes"
"2717860139","4700000","200","23500","Centro"
"2744790835","735000","67","10970,15","Morretes"
"2756775630","2200000","182","12087,91","Meia Praia"
"2511795687","1860000","122","15245,9","Meia Praia"
"2727128545","594000","68","8735,29","Morretes"
"2736201393","3249000","180","18050","Meia Praia"
"2726299710","1990000","140","14214,29","Meia Praia"
"2644848998","4050000","205","19756,1","Meia Praia"
"2767154720","4955265","202","24531,01","Meia Praia"
"2703744125","990000","68","14558,82","Morretes"
"2666979699","2331290","118","19756,69","Andorinha"
"2769185875","1599530","134","11936,79","Meia Praia"
"2747718201","1490000","94","15851,06","Castelo Branco"
"2735051923","5125000","163","31441,72","Morretes"
"2646969377","690000","62","11129,03","Morretes"
"2754516004","898800","70","12840","Morretes"
"2740881149","649630","68","9553,38","Morretes"
"2747718696","2300000","131","17557,25","Meia Praia"
"2748478796","1900000","120","15833,33","Andorinha"
"2756713918","3500000","183","19125,68","Meia Praia"
"2744792334","2900000","185","15675,68","Meia Praia"
"2672323191","3290000","156","21089,74","Meia Praia"
"2704933609","1190000","97","12268,04","Meia Praia"
"2733198814","1100000","94","11702,13","Meia Praia"
"2534061736","1763156","120","14692,97","Centro"
"2720508359","2260000","134","16865,67","Meia Praia"
"2725402836","2100000","129","16279,07","Castelo Branco"
"2613515520","2999900","128","23436,72","Meia Praia"
"2769181168","2498170","176","14194,15","Andorinha"
"2675654617","890000","70","12714,29","Morretes"
"2747718301","3800000","120","31666,67","Meia Praia"
"2716785830","4670000","236","19788,14","Centro"
"2721918864","7500000","260","28846,15","Morretes"
"2562265100","1144862","121","9461,67","Castelo Branco"
"2743479713","746000","60","12433,33","Tabuleiro dos Oliveiras"
"2752588407","1339111","122","10976,32","Meia Praia"
"2599019701","730000","69","10579,71","Morretes"
"2769844237","949580","70","13565,43","Morretes"
"2700889300","750000","70","10714,29","Morretes"
"2769149921","1900000","115","16521,74","Meia Praia"
"2738796820","1890000","175","10800","Meia Praia"
"2728277450","2263000","169","13390,53","Meia Praia"
"2698990090","699000","64","10921,88","Jardim Praia Mar"
"2739103032","780000","68","11470,59","Morretes"
"2761616138","4500000","179","25139,66","Meia Praia"
"2769839364","794700","60","13245","Morretes"
"2681758860","2100000","190","11052,63","Andorinha"
"2769184399","798730","69","11575,8","Tabuleiro dos Oliveiras"
"2692636065","880000","70","12571,43","Morretes"
"2736918068","850000","69","12318,84","Morretes"
"2754738797","1690000","219","7716,89","Meia Praia"
"2719907142","1800000","150","12000","Meia Praia"
"2599739011","690000","69","10000","Morretes"
"2717033171","2600000","130","20000","Meia Praia"
"2661820561","1400000","164","8536,59","Meia Praia"
"2646970290","3000000","190","15789,47","Meia Praia"
"2650006177","3950000","222","17792,79","Meia Praia"
"2551110254","7800000","181","43093,92","Meia Praia"
"2714719965","680000","69","9855,07","Morretes"
"2719505997","1950000","125","15600","Morretes"
"2681761601","1850000","130","14230,77","Meia Praia"
"2767583516","1190006","69","17246,46","Varzea"
"2731014330","2591000","130","19930,77","Meia Praia"
"2614047697","3714000","195","19046,15","Meia Praia"
"2534426334","3592000","156","23025,64","Centro"
"2720507958","2200000","140","15714,29","Andorinha"
"2586868843","850000","70","12142,86","Morretes"
"2741749057","799000","70","11414,29","Morretes"
"2714715288","1750000","126","13888,89","Castelo Branco"
"2739620965","570000","69","8260,87","Morretes"
"2732563514","3500000","188","18617,02","Meia Praia"
"2767581776","1233698","111","11114,4","Andorinha"
"2764859349","4000000","183","21857,92","Meia Praia"
"2769179935","887390","69","12860,72","Tabuleiro dos Oliveiras"
"2729496793","2998700","180","16659,44","Meia Praia"
"2758130051","4300000","188","22872,34","Centro"
"2727423492","1890000","118","16016,95","Andorinha"
"2667815701","3200000","158","20253,16","Meia Praia"
"2753961997","921142","70","13159,17","Jardim Praia Mar"
"2757804584","1970000","129","15271,32","Castelo Branco"
"2650008653","2300000","182","12637,36","Andorinha"
"2756821814","750000","65","11538,46","Morretes"
"2747005493","690000","63","10952,38","Morretes"
"2744015953","750000","69","10869,57","Morretes"
"2769847355","698880","53","13186,42","Tabuleiro dos Oliveiras"
"2739644632","2600000","185","14054,05","Centro"
"2741034255","800000","62","12903,23","Tabuleiro dos Oliveiras"
"2765234120","5500000","217","25345,62","Meia Praia"
"2562091159","907671","105","8644,49","Castelo Branco"
"2759160040","2990000","164","18231,71","Meia Praia"
"2599481422","1700000","114","14912,28","Meia Praia"
"2734789061","3190000","136","23455,88","Meia Praia"
"2731237420","5950000","190","31315,79","Meia Praia"
"2676069108","2915390","171","17049,06","Centro"
"2732420167","850000","70","12142,86","Morretes"
"2730185433","4200000","182","23076,92","Meia Praia"
"2767580925","1600000","185","8648,65","Meia Praia"
"2723211734","3000000","208","14423,08","Meia Praia"
"2540548581","852000","68","12529,41","Morretes"
"2752790994","647500","69","9384,06","Alto São Bento"
"2738273040","2100000","164","12804,88","Andorinha"
"2754170219","704000","69","10202,9","Morretes"
"2731999931","6672000","186","35870,97","Morretes"
"2671618440","750000","60","12500","Jardim Praia Mar"
"2530312572","2700000","128","21093,75","Meia Praia"
"2721917686","3190000","156","20448,72","Meia Praia"
"2695922717","3070000","202","15198,02","Meia Praia"
"2759051626","4699140","300","15663,8","Andorinha"
"2757202419","1260000","98","12857,14","Castelo Branco"
"2769186410","1279090","114","11220,09","Meia Praia"
"2733737814","6799892","177","38417,47","Morretes"
"2736890576","650000","63","10317,46","Tabuleiro dos Oliveiras"
"2754965407","1918000","150","12786,67","Castelo Branco"
"2569457708","2690000","132","20378,79","Meia Praia"
"2551108924","2490000","140","17785,71","Meia Praia"
"2724476760","750000","62","12096,77","Morretes"
"2760263132","1750000","130","13461,54","Castelo Branco"
"2759051919","2799620","180","15553,44","Meia Praia"
"2717860340","1090000","93","11720,43","Meia Praia"
"2740320507","795000","67","11865,67","Morretes"
"2769295230","750000","70","10714,29","Morretes"
"2660890582","1800000","130","13846,15","Meia Praia"
"2735272928","2095000","143","14650,35","Meia Praia"
"2765303838","986355","67","14721,72","Morretes"
"2738890449","2500000","193","12953,37","Meia Praia"
"2741548461","1305000","102","12794,12","Meia Praia"
"2614047695","2805000","125","22440","Centro"
"2749129709","1900000","120","15833,33","Andorinha"
"2646971389","750000","69","10869,57","Tabuleiro dos Oliveiras"
"2767924322","677000","69","9811,59","Tabuleiro dos Oliveiras"
"2762054918","6584096","192","34292,17","Meia Praia"
"2761574937","5300000","215","24651,16","Meia Praia"
"2653092705","720000","112","6428,57","Morretes"
"2611524815","2311845","118","19591,91","Andorinha"
"2634089187","1959000","151","12973,51","Centro"
"2754739096","690000","64","10781,25","Morretes"
"2769840188","713995","70","10199,93","Morretes"
"2646971174","740000","60","12333,33","Morretes"
"2735382017","1890000","135","14000","Andorinha"
"2735336659","720000","93","7741,94","Morretes"
"2743303084","550000","90","6111,11","Sertão do Trombudo"
"2665070402","4200000","177","23728,81","Meia Praia"
"2769843146","719540","135","5329,93","Meia Praia"
"2671064715","3450000","185","18648,65","Centro"
"2769187426","1489110","145","10269,72","Castelo Branco"
"2759428114","1499140","128","11712,03","Andorinha"
"2729738356","1590000","200","7950","Meia Praia"
"2655800760","1299000","114","11394,74","Meia Praia"
"2739354840","2250000","169","13313,61","Andorinha"
"2769472062","3699180","200","18495,9","Meia Praia"
"2722256748","2080000","120","17333,33","Meia Praia"
"2764952281","1200000","66","18181,82","Morretes"
"2672319133","4490000","300","14966,67","Meia Praia"
"2714721441","2000000","141","14184,4","Centro"
"2769178817","389290","63","6179,21","Morretes"
"2749228280","2350000","132","17803,03","Meia Praia"
"2735032832","6950000","200","34750","Centro"
"2720507951","5500000","301","18272,43","Meia Praia"
"2608277260","795000","58","13706,9","Morretes"
"2755274799","1990000","121","16446,28","Meia Praia"
"2752789220","722950","68","10631,62","Jardim Praia Mar"
"2769182975","1398860","129","10843,88","Andorinha"
"2737232039","2450000","161","15217,39","Castelo Branco"
"2561784418","2700000","250","10800","Centro"
"2741792917","848000","70","12114,29","Tabuleiro dos Oliveiras"
"2716756232","1500000","134","11194,03","Meia Praia"
"2723210388","1650000","100","16500","Meia Praia"
"2672322884","4000000","254","15748,03","Meia Praia"
"2672323576","6158563","240","25660,68","Meia Praia"
"2646971476","1600000","121","13223,14","Andorinha"
"2769754423","1199810","96","12498,02","Castelo Branco"
"2675655296","1690000","140","12071,43","Meia Praia"
"2594648162","778544","70","11122,06","Morretes"
"2650750170","900000","60","15000","Morretes"
"2769474182","1549790","117","13246,07","Castelo Branco"
"2734362020","4790000","187","25614,97","Meia Praia"
"2731627323","4500000","226","19911,5","Meia Praia"
"2758217716","4515000","183","24672,13","Castelo Branco"
"2743754479","860000","69","12463,77","Morretes"
"2740364698","825995","65","12707,62","Morretes"
"2715416019","2000000","128","15625",""
"2765062369","1450000","94","15425,53","Meia Praia"
"2758374329","1635000","113","14469,03","Andorinha"
"2757859151","3500000","193","18134,72","Meia Praia"
"2700889299","850000","65","13076,92","Morretes"
"2560381913","7697000","229","33611,35","Centro"
"2759052221","1699870","112","15177,41","Andorinha"
"2641487607","1690000","114","14824,56","Centro"
"2646969726","880000","116","7586,21","Meia Praia"
"2646971198","3000000","315","9523,81","Meia Praia"
"2738892530","2400000","167","14371,26","Meia Praia"
"2757866113","2149170","144","14924,79","Meia Praia"
"2766854922","789800","68","11614,71","Jardim Praia Mar"
"2539341181","1890832","105","18007,92","Meia Praia"
"2646971502","750000","69","10869,57","Morretes"
"2761579422","2200000","140","15714,29","Andorinha"
"2769470559","2299710","146","15751,44","Meia Praia"
"2673689507","6830000","157","43503,18","Meia Praia - Frente Mar"
"2664303511","840000","70","12000","Morretes"
"2764859343","5003925","205","24409,39","Meia Praia"
"2722213370","2200000","115","19130,43","Andorinha"
"2768969290","798680","70","11409,71","Morretes"
"2743786614","800000","69","11594,2","Morretes"
"2747718600","3400000","170","20000","Meia Praia"
"2574080906","1950000","127","15354,33","Meia Praia"
"2695517997","3369000","208","16197,12","Meia Praia"
"2737234416","3490000","213","16384,98","Andorinha"
"2707062953","6100000","196","31122,45","Centro"
"2707068068","8560000","180","47555,56","Morretes"
"2763468913","4850000","188","25797,87","Meia Praia"
"2724259508","2183000","119","18344,54","Centro"
"2743458673","969000","67","14462,69","Morretes"
"2761579222","2349000","128","18351,56","Meia Praia"
"2740916756","800000","70","11428,57","Morretes"
"2747921111","858000","69","12434,78","Tabuleiro dos Oliveiras"
"2755013343","2300000","142","16197,18","Meia Praia"
"2747718598","1550000","114","13596,49","Meia Praia"
"2738794350","750000","102","7352,94","Morretes"
"2738068680","3570000","238","15000","Centro"
"2757611315","1900000","120","15833,33","Andorinha"
"2691107456","835000","69","12101,45","Morretes"
"2763090918","898000","70","12828,57","Morretes"
"2731694041","1266000","100","12660","Meia Praia"
"2669459702","6830000","158","43227,85","Meia Praia"
"2656735642","4366000","282","15482,27","Meia Praia"
"2733789523","2500000","150","16666,67","Meia Praia"
"2605157193","3300000","190","17368,42","Meia Praia"
"2747959105","2300000","130","17692,31","Meia Praia"
"2769470840","3714530","160","23215,81","Meia Praia"
"2719898563","3690000","157","23503,18","Centro"
"2594623374","3135000","110","28500","Centro"
"2754746736","7628000","261","29226,05","Meia Praia"
"2562765497","1450000","140","10357,14","Meia Praia"
"2699373281","6158563","240","25660,68","Meia Praia"
"2557808857","1700000","110","15454,55","Meia Praia"
"2747203496","590000","37","15945,95","Morretes"
"2738893349","3500000","188","18617,02","Meia Praia"
"2704130214","3500000","170","20588,24","Meia Praia"
"2685493538","2500000","128","19531,25","Centro"
"2740008516","2189661","127","17241,43","Meia Praia"
"2692570985","655500","63","10404,76","Morretes"
"2647405814","1740000","112","15535,71","Meia Praia"
"2734992881","7888000","166","47518,07","Meia Praia"
"2727222138","3482000","131","26580,15","Meia Praia"
"2759889549","1140000","189","6031,75","Centro"
"2734990466","1640000","117","14017,09","Centro"
"2687015040","1873482","127","14751,83","Meia Praia"
"2765369735","3200000","193","16580,31","Meia Praia"
"2710233102","990000","70","14142,86","Morretes"
"2769179413","798660","70","11409,43","Morretes"
"2640261082","3000000","206","14563,11","Centro"
"2728147178","1290000","118","10932,2","Andorinha"
"2692347258","756000","69","10956,52","Morretes"
"2726963782","798500","69","11572,46","Morretes"
"2667290998","999000","70","14271,43","Morretes"
"2752584071","1355070","111","12207,84","Meia Praia"
"2723209932","848851","70","12126,44","Jardim Praia Mar"
"2769189317","1489500","160","9309,38","Meia Praia"
"2676973704","4490000","350","12828,57","Meia Praia"
"2661361200","2200000","132","16666,67","Meia Praia"
"2767580966","1443747","107","13492,96","Andorinha"
"2747718599","1850000","146","12671,23","Meia Praia"
"2699373774","1900000","124","15322,58","Meia Praia"
"2659840467","987000","70","14100","Morretes"
"2714533420","571143","53","10776,28","Morretes"
"2707070556","3550000","190","18684,21","Morretes"
"2725593168","2300000","137","16788,32","Meia Praia"
"2549400177","2100000","133","15789,47","Centro"
"2757817729","1885000","132","14280,3","Castelo Branco"
"2743991169","5099000","198","25752,53","Meia Praia"
"2692698900","2199000","140","15707,14","Meia Praia"
"2510619010","3790000","213","17793,43","Meia Praia"
"2763092122","4517000","184","24548,91","Meia Praia"
"2723485241","2910000","197","14771,57","Centro"
"2754168930","723000","71","10183,1","Morretes"
"2745680594","2000000","167","11976,05","Andorinha"
"2511793927","1840000","118","15593,22","Meia Praia"
"2744012693","2000000","145","13793,1","Meia Praia"
"2680531560","1350000","165","8181,82","Castelo Branco"
"2759051625","3199280","207","15455,46","Andorinha"
"2721918875","3959000","206","19218,45","Centro"
"2567227171","1700000","127","13385,83","Meia Praia"
"2759607230","2300000","137","16788,32","Centro"
"2721987734","797540","66","12083,94","Morretes"
"2769150916","590000","36","16388,89","Morretes"
"2769187631","719730","110","6543","Morretes"
"2753756916","840000","69","12173,91","Morretes"
"2768646647","780000","63","12380,95","Morretes"
"2590073318","1390000","130","10692,31","Meia Praia"
"2686027725","2528168","150","16854,45","Meia Praia"
"2719898205","1350000","133","10150,38","Castelo Branco"
"2633100358","2590000","130","19923,08","Meia Praia"
"2514155936","2314000","121","19123,97","Centro"
"2569300956","974515","64","15226,8","Morretes"
"2738894035","1450000","128","11328,12","Meia Praia"
"2756727830","725000","70","10357,14","Morretes"
"2724679648","1680000","140","12000","Meia Praia"
"2609062482","2500000","128","19531,25","Meia Praia"
"2738890443","3100000","175","17714,29","Meia Praia"
"2731292943","999000","68","14691,18","Morretes"
"2655195698","900000","70","12857,14","Tabuleiro dos Oliveiras"
"2626745521","2500000","131","19083,97","Meia Praia"
"2655792295","1974885","141","14006,28","Centro"
"2768967488","4599290","206","22326,65","Meia Praia"
"2761506950","1950000","122","15983,61","Meia Praia"
"2544673312","4500000","213","21126,76","Meia Praia"
"2661819232","2299000","128","17960,94","Castelo Branco"
"2757660228","2990000","178","16797,75","Meia Praia"
"2661820553","2800000","180","15555,56","Meia Praia"
"2682862777","1200000","70","17142,86","Morretes"
"2764521320","3420000","179","19106,15","Meia Praia"
"2740938864","680000","70","9714,29","Morretes"
"2767581595","760000","70","10857,14","Tabuleiro dos Oliveiras"
"2599503556","747600","70","10680","Morretes"
"2766855033","779800","70","11140","Morretes"
"2756820443","898800","70","12840","Morretes"
"2761574941","3475000","179","19413,41","Meia Praia"
"2537271381","8602000","229","37563,32","Centro"
"2746689525","858900","70","12270","Morretes"
"2762231735","2400000","135","17777,78","Meia Praia"
"2543548900","1751500","135","12974,07","Centro"
"2699373582","2450000","153","16013,07","Meia Praia"
"2600013655","670000","67","10000","Morretes"
"2732469215","1400000","165","8484,85","Meia Praia"
"2756708888","2799000","238","11760,5","Centro"
"2661819995","2790000","142","19647,89","Castelo Branco"
"2740773895","1890000","113","16725,66","Meia Praia"
"2570146407","1930000","123","15691,06","Castelo Branco"
"2744016161","720000","93","7741,94","Morretes"
"2511793538","1716000","104","16500","Meia Praia"
"2768969133","1494360","108","13836,67","Andorinha"
"2661820163","1800000","149","12080,54","Meia Praia"
"2764632159","4200000","197","21319,8","Meia Praia"
"2702437378","1809050","137","13204,74","Andorinha"
"2723209703","6672000","186","35870,97","Morretes"
"2533971569","1800000","127","14173,23","Andorinha"
"2743252048","589000","64","9203,12","Jardim Praia Mar"
"2657669775","830895","70","11869,93","Morretes"
"2753757400","640000","68","9411,76","Morretes"
"2750471895","799000","70","11414,29","Morretes"
"2761579328","4355000","222","19617,12","Meia Praia"
"2692110571","4000000","255","15686,27","Meia Praia"
"2723211046","2900000","165","17575,76","Centro"
"2655340785","3090000","172","17965,12","Centro"
"2736410129","2690000","132","20378,79","Castelo Branco"
"2700735376","2289111","125","18312,89","Meia Praia"
"2702305083","1990000","135","14740,74","Meia Praia"
"2759988571","2987400","161","18555,28","Meia Praia"
"2676663628","1800000","130","13846,15","Castelo Branco"
"2748478795","900000","70","12857,14","Morretes"
"2769177192","1499320","85","17639,06","Andorinha"
"2636861831","3570000","238","15000","Centro"
"2723209322","1750000","115","15217,39","Meia Praia"
"2626577867","750000","64","11718,75","Jardim Praia Mar"
"2767582452","700000","58","12068,97","Morretes"
"2646971196","2500000","131","19083,97","Meia Praia"
"2747717307","2750000","177","15536,72","Andorinha"
"2716338234","1600000","110","14545,45",""
"2740140860","2100000","133","15789,47","Centro"
"2652134086","8560000","180","47555,56","Meia Praia"
"2747266496","1550000","117","13247,86","Meia Praia"
"2760453317","4900000","180","27222,22","Meia Praia"
"2692568195","890000","70","12714,29","Morretes"
"2758535518","1649000","110","14990,91","Meia Praia"
"2745677036","650000","69","9420,29","Morretes"
"2734486374","1684000","105","16038,1","Meia Praia"
"2761484621","889170","75","11855,6","Castelo Branco"
"2727817179","1150000","80","14375","Castelo Branco"
"2658282060","1728000","123","14048,78","Meia Praia"
"2661820168","4000000","190","21052,63","Meia Praia"
"2632743175","1322000","126","10492,06","Centro"
"2714041027","898000","66","13606,06","Morretes"
"2593386612","742000","62","11967,74","Morretes"
"2764631186","2120000","158","13417,72","Meia Praia"
"2720816938","5850000","230","25434,78","Morretes"
"2661818969","3090000","200","15450","Meia Praia"
"2673016481","1900000","133","14285,71","Centro"
"2749863177","1190000","97","12268,04","Meia Praia"
"2764633851","3390000","182","18626,37","Meia Praia"
"2754167750","699000","54","12944,44","Tabuleiro"
"2732164340","900000","69","13043,48","Morretes"
"2747203995","649000","66","9833,33","Morretes"
"2683359413","1928111","132","14606,9","Andorinha"
"2726250119","5950000","235","25319,15","Meia Praia"
"2724082673","690000","64","10781,25","Morretes"
"2651923516","7300000","180","40555,56","Meia Praia"
"2687050915","2300000","168","13690,48","Meia Praia"
"2760419235","660000","62","10645,16","Tabuleiro dos Oliveiras"
"2769841528","735100","66","11137,88","Morretes"
"2758909718","1650000","101","16336,63","Meia Praia"
"2642128634","880000","70","12571,43","Morretes"
"2539933949","1950000","127","15354,33","Meia Praia"
"2764979914","1850000","148","12500","Meia Praia"
"2714668800","1200000","85","14117,65","Meia Praia"
"2723712433","2167000","127","17062,99","Andorinha"
"2720505570","990000","70","14142,86","Morretes"
"2646971507","1500000","133","11278,2","Meia Praia"
"2692814239","1850000","129","14341,09","Meia Praia"
"2729028228","898000","67","13402,99","Morretes"
"2767582633","1262128","79","15976,3","Meia Praia"
"2736947361","1684000","105","16038,1","Meia Praia"
"2756662616","1269160","110","11537,82","Andorinha"
"2761878144","4591000","180","25505,56","Meia Praia"
"2547503951","2300000","175","13142,86","Meia Praia"
"2549274652","5190000","187","27754,01","Meia Praia"
"2518155073","2103000","118","17822,03","Centro"
"2725053849","3150000","196","16071,43","Meia Praia"
"2761578423","2350000","135","17407,41","Meia Praia"
"2687790520","697299","69","10105,78","Alto São Bento"
"2721918753","3070000","202","15198,02","Meia Praia"
"2724083723","660000","66","10000","Morretes"
"2646971275","1900000","150","12666,67","Meia Praia"
"2700675185","798000","66","12090,91","Morretes"
"2761506472","4000000","195","20512,82","Meia Praia"
"2729026815","898000","69","13014,49","Morretes"
"2692636066","725000","69","10507,25","Jardim Praia Mar"
"2630488253","4300000","210","20476,19","Meia Praia"
"2729683075","1968800","121","16271,07","Meia Praia"
"2609962088","3755161","225","16689,6","Centro"
"2768966958","2299220","136","16906,03","Centro"
"2638937982","1775000","118","15042,37","Centro"
"2718888637","2098000","145","14468,97","Castelo Branco"
"2750943723","3549790","195","18204,05","Meia Praia"
"2748741810","1260000","114","11052,63","Meia Praia"
"2586865310","2500000","132","18939,39","Meia Praia"
"2723208493","4535630","213","21294,04","Meia Praia"
"2675314094","5500000","225","24444,44","Meia Praia"
"2609058251","1750000","128","13671,88","Castelo Branco"
"2761506948","3500000","182","19230,77","Meia Praia"
"2666979994","1050000","72","14583,33","Meia Praia"
"2767582155","889450","67","13275,37","Morretes"
"2622257072","2250000","109","20642,2","Centro"
"2750094548","2300000","120","19166,67","Andorinha"
"2744014583","890000","60","14833,33","Jardim Praia Mar"
"2722881744","2500000","137","18248,18","Meia Praia"
"2768970127","1649630","113","14598,5","Morretes"
"2728696337","2400000","118","20338,98","Andorinha"
"2521479733","4500000","180","25000","Meia Praia"
"2646971556","1520000","165","9212,12","Castelo Branco"
"2757732224","2869600","192","14945,83","Meia Praia"
"2739037617","2500000","161","15527,95","Meia Praia"
"2711037412","1190000","70","17000","Meia Praia"
"2768971565","4849480","189","25658,62","Centro"
"2744792047","3650000","189","19312,17","Meia Praia"
"2661818612","2750000","163","16871,17","Meia Praia"
"2758295127","1635000","113","14469,03","Andorinha"
"2759881525","2600000","176","14772,73","Meia Praia"
"2725772155","2990000","193","15492,23","Meia Praia"
"2759460029","800000","68","11764,71","Morretes"
"2764631729","680000","60","11333,33","Morretes"
"2727503644","1798800","121","14866,12","Meia Praia"
"2728965034","750000","69","10869,57","Morretes"
"2704940354","1450000","94","15425,53","Meia Praia"
"2761521329","3500000","280","12500","Centro"
"2659215761","900000","60","15000","Morretes"
"2743481105","754300","61","12365,57","Morretes"
"2747718199","1650000","109","15137,61","Castelo Branco"
"2767583219","650000","85","7647,06","Castelo Branco"
"2537365177","6500000","211","30805,69","Meia Praia"
"2743163485","2700000","179","15083,8","Meia Praia"
"2533830701","2300000","148","15540,54","Meia Praia"
"2735050327","1698000","131","12961,83","Meia Praia"
"2643109501","580000","50","11600","Morretes"
"2708347735","3239000","188","17228,72","Meia Praia"
"2769843569","1989230","137","14519,93","Meia Praia"
"2701651073","869000","70","12414,29","Morretes"
"2763230130","1100000","70","15714,29","Morretes"
"2650736981","3090000","126","24523,81","Meia Praia"
"2678336814","1899000","113","16805,31","Meia Praia"
"2677528506","3690000","170","21705,88","Centro"
"2710365498","5385000","237","22721,52","Centro"
"2721242939","2000000","133","15037,59","Meia Praia"
"2754745433","6976000","161","43329,19","Morretes"
"2747828729","1350000","106","12735,85","Meia Praia"
"2695706308","1773496","133","13334,56","Meia Praia"
"2622333429","2230000","127","17559,06","Centro"
"2726064753","1870000","130","14384,62","Meia Praia"
"2661820170","1890000","148","12770,27","Centro"
"2692110569","3650000","128","28515,62","Meia Praia"
"2757201417","769240","61","12610,49","Morretes"
"2758775124","1298740","104","12487,88","Castelo Branco"
"2720508735","2998000","128","23421,88","Meia Praia"
"2677530197","4895000","230","21282,61","Estreito"
"2613247693","1373726","92","14931,8","Centro"
"2691970875","1450000","118","12288,14","Castelo Branco"
"2769841736","747830","66","11330,76","Tabuleiro dos Oliveiras"
"2769752254","4099770","160","25623,56","Meia Praia"
"2737226348","2590000","158","16392,41","Meia Praia"
"2634296470","4995000","240","20812,5","Meia Praia"
"2587510554","3800000","180","21111,11","Meia Praia"
"2747202337","898000","70","12828,57","Morretes"
"2611522545","2155851","114","18910,97","Andorinha"
"2760743946","2099830","280","7499,39","Castelo Branco"
"2744015182","2500000","203","12315,27","Castelo Branco"
"2669611926","2353646","151","15587,06","Andorinha"
"2769150114","3500000","190","18421,05","Meia Praia"
"2759586362","2990000","179","16703,91","Meia Praia"
"2633250748","2100000","133","15789,47","Centro"
"2719904771","2000000","154","12987,01","Centro"
"2756816021","8000000","201","39801","Meia Praia"
"2767836024","1297000","95","13652,63","Meia Praia"
"2741184475","1850000","130","14230,77","Meia Praia"
"2761248745","3149280","190","16575,16","Andorinha"
"2754737345","2150000","193","11139,9","Castelo Branco"
"2727686034","676630","70","9666,14","Morretes"
"2767583623","3560000","179","19888,27","Meia Praia"
"2748474751","1600000","98","16326,53","Meia Praia"
"2708877472","702000","67","10477,61","Morretes"
"2767583133","906000","70","12942,86","Morretes"
"2679515230","6158563","240","25660,68","Meia Praia"
"2769185686","868340","170","5107,88","Morretes"
"2740363425","801864","64","12529,12","Morretes"
"2769537325","2900000","172","16860,47","Andorinha"
"2669233403","2500000","162","15432,1","Meia Praia"
"2661818610","3200000","179","17877,09","Meia Praia"
"2769472440","1849790","138","13404,28","Castelo Branco"
"2767582541","941992","68","13852,82","Morretes"
"2766854314","1990000","137","14525,55","Andorinha"
"2758094233","785000","58","13534,48","Morretes"
"2710579980","890000","65","13692,31","Tabuleiro dos Oliveiras"
"2758214806","3800000","157","24203,82","Meia Praia"
"2765098138","1400000","118","11864,41","Andorinha"
"2763649241","4200000","197","21319,8","Meia Praia"
"2769471125","1699160","112","15171,07","Andorinha"
"2661364356","2500000","217","11520,74","Meia Praia"
"2729351026","699000","53","13188,68","Tabuleiro"
"2768676316","2800000","181","15469,61","Meia Praia"
"2767582371","1455785","129","11285,16","Castelo Branco"
"2748547370","1100000","72","15277,78","Morretes"
"2723210392","590000","100","5900","Morretes"
"2729591150","790000","70","11285,71","Varzea"
"2740224908","1990000","140","14214,29","Meia Praia"
"2715658502","756554","66","11462,94","Morretes"
"2762877374","2615000","161","16242,24","Meia Praia"
"2759989230","1199380","101","11875,05","Meia Praia"
"2761480992","1849010","119","15537,9","Andorinha"
"2674819911","3890000","198","19646,46","Andorinha"
"2692634788","2800000","129","21705,43","Morretes"
"2750148330","790000","70","11285,71","Morretes"
"2683039283","1850000","103","17961,17","Castelo Branco"
"2695707482","2492795","163","15293,22","Castelo Branco"
"2763196714","7800000","181","43093,92","Meia Praia"
"2672323579","2600000","156","16666,67","Meia Praia"
"2724326278","1861523","150","12410,15","Meia Praia"
"2711614071","3510000","210","16714,29","Centro"
"2767584820","1697000","133","12759,4","Castelo Branco"
"2764633075","3500000","207","16908,21","Meia Praia"
"2753565394","767000","68","11279,41","Morretes"
"2695116777","1680000","109","15412,84","Andorinha"
"2707075662","5750000","301","19102,99","Centro"
"2711051606","1870000","116","16120,69","Centro"
"2769278427","5999420","310","19352,97","Meia Praia"
"2734034685","2350000","149","15771,81","Centro"
"2764895315","3650000","203","17980,3","Centro"
"2661818192","3988800","183","21796,72","Meia Praia"
"2744183463","2350000","132","17803,03","Castelo Branco"
"2734021784","2400000","114","21052,63","Meia Praia"
"2743919548","850000","59","14406,78","Morretes"
"2646971553","2500000","193","12953,37","Meia Praia"
"2750155189","800000","70","11428,57","Morretes"
"2665240508","2346595","132","17777,23","Andorinha"
"2729769213","2500000","175","14285,71","Meia Praia"
"2649328167","999000","70","14271,43","Morretes"
"2736976740","3197000","207","15444,44","Centro"
"2692636069","1200000","115","10434,78","Meia Praia"
"2753756914","4290000","183","23442,62","Meia Praia"
"2631026264","1813000","123","14739,84","Meia Praia"
"2769180105","649340","61","10644,92","Morretes"
"2700818592","895000","68","13161,76",""
"2748548562","817535","70","11679,07","Morretes"
"2742952277","2540000","139","18273,38","Meia Praia"
"2718093341","4187922","150","27919,48","Meia Praia"
"2622333822","3800000","206","18446,6","Centro"
"2749254603","1999000","164","12189,02","Castelo Branco"
"2736647365","900000","70","12857,14","Morretes"
"2657077255","1750000","167","10479,04","Castelo Branco"
"2699373479","2350000","135","17407,41","Meia Praia"
"2754739204","2330000","121","19256,2","Andorinha"
"2529774013","1698089","137","12394,81","Meia Praia"
"2732514429","3300000","185","17837,84","Meia Praia"
"2721917788","1755500","162","10836,42","Castelo Branco"
"2764860534","850000","70","12142,86","Morretes"
"2749274822","790000","69","11449,28","Morretes"
"2689529603","2797900","131","21358,02","Meia Praia"
"2766972535","1349280","80","16866","Andorinha"
"2744016157","3300000","190","17368,42","Meia Praia"
"2661820653","2798000","185","15124,32","Andorinha"
"2670102079","1200000","70","17142,86","Morretes"
"2769471781","4939400","268","18430,6","Andorinha"
"2764632400","5000000","197","25380,71","Centro"
"2461966777","810000","70","11571,43","Tabuleiro dos Oliveiras"
"2759539553","2600000","190","13684,21","Meia Praia"
"2737231693","1890000","158","11962,03","Andorinha"
"2744790834","2500000","185","13513,51","Meia Praia"
"2699371293","2260000","134","16865,67","Meia Praia"
"2723210028","2890276","150","19268,51","Castelo Branco"
"2603798089","1720000","118","14576,27","Centro"
"2761484717","649020","77","8428,83","Morretes"
"2760420320","3200000","194","16494,85","Meia Praia"
"2739287126","990000","70","14142,86","Tabuleiro dos Oliveiras"
"2769571035","3892660","140","27804,71","Meia Praia"
"2726932892","1750000","120","14583,33","Meia Praia"
"2767581277","910000","70","13000","Morretes"
"2739722141","1750000","126","13888,89","Meia Praia"
"2648677395","818000","70","11685,71","Morretes"
"2767582502","1080000","70","15428,57","Morretes"
"2723551446","3360000","179","18770,95","Meia Praia"
"2764633229","7100000","181","39226,52","Meia Praia"
"2691067760","6900000","215","32093,02","Morretes"
"2675654221","4299000","197","21822,34","Meia Praia"
"2694855229","741701","70","10595,73","Morretes"
"2723209704","3100000","130","23846,15","Meia Praia"
"2605291302","3290000","198","16616,16","Meia Praia"
"2744015758","1375000","117","11752,14","Meia Praia"
"2596028440","1820000","123","14796,75","Castelo Branco"
"2706252200","748000","100","7480","Morretes"
"2754166563","2450000","138","17753,62","Meia Praia"
"2506301158","1600000","95","16842,11","Meia Praia"
"2694649676","850000","66","12878,79","Tabuleiro dos Oliveiras"
"2723210032","2690000","119","22605,04","Meia Praia"
"2712458899","5000000","302","16556,29","Meia Praia"
"2741095281","1792000","105","17066,67","Meia Praia"
"2731708015","2990000","193","15492,23","Meia Praia"
"2751672210","2910000","145","20068,97","Andorinha"
"2609059401","1530000","145","10551,72","Meia Praia"
"2650069873","1990000","128","15546,88","Meia Praia"
"2562460782","2500000","163","15337,42","Meia Praia"
"2747829203","1550000","147","10544,22","Meia Praia"
"2747200733","629000","59","10661,02","Morretes"
"2723209715","4900000","190","25789,47","Meia Praia"
"2762331922","2899000","173","16757,23","Meia Praia"
"2769150116","4900000","195","25128,21","Meia Praia"
"2718491135","5000000","208","24038,46",""
"2709297558","4900000","138","35507,25","Centro"
"2724628239","689000","48","14354,17","Andorinha"
"2757731049","2679120","178","15051,24","Andorinha"
"2760743956","4199140","190","22100,74","Meia Praia"
"2761250717","3599610","131","27477,94","Morretes"
"2768465769","2168154","127","17072,08","Meia Praia"
"2769150318","920000","66","13939,39","Morretes"
"2754165676","750000","67","11194,03","Tabuleiro"
"2726820246","2990000","193","15492,23","Meia Praia"
"2743659998","950000","62","15322,58","Morretes"
"2580279408","950000","69","13768,12","Morretes"
"2575354250","799000","64","12484,38","Jardim Praia Mar"
"2725006088","2600000","156","16666,67","Meia Praia"
"2625752980","1800000","128","14062,5","Meia Praia"
"2769535742","613000","51","12019,61","Morretes"
"2612786713","1760000","124","14193,55","Meia Praia"
"2711046934","2100000","172","12209,3","Meia Praia"
"2769476954","1649730","170","9704,29","Centro"
"2746840107","1698000","281","6042,7","Meia Praia"
"2681256206","2473770","151","16382,58","Meia Praia"
"2764633323","7495000","305","24573,77","Meia Praia"
"2637965774","2602000","145","17944,83","Meia Praia"
"2694185787","900000","64","14062,5","Jardim Praia Mar"
"2671870401","3600000","196","18367,35","Meia Praia"
"2764633927","4200000","197","21319,8","Meia Praia"
"2691824557","1000000","70","14285,71","Morretes"
"2753500209","1549900","123","12600,81","Meia Praia"
"2663836545","2577000","233","11060,09","Meia Praia"
"2767581886","765000","70","10928,57","Tabuleiro dos Oliveiras"
"2652821122","4900000","234","20940,17","Meia Praia"
"2638630148","2990000","174","17183,91","Meia Praia"
"2695703304","1702794","125","13622,35","Meia Praia"
"2511795776","3200000","206","15533,98","Centro"
"2744015190","850000","114","7456,14","Meia Praia"
"2764633347","3998800","180","22215,56","Meia Praia"
"2754748001","2294848","159","14433,01","Andorinha"
"2676069109","5427475","291","18651,12","Centro"
"2757635718","2700000","140","19285,71","Andorinha"
"2767584331","795366","64","12427,59","Tabuleiro dos Oliveiras"
"2721917785","2479500","162","15305,56","Castelo Branco"
"2758086215","908000","70","12971,43","Morretes"
"2569300658","1950000","171","11403,51","Meia Praia"
"2762724516","2350000","135","17407,41","Centro"
"2733827020","1650000","126","13095,24","Meia Praia"
"2766085036","3197000","183","17469,95","Castelo Branco"
"2764631674","5830000","190","30684,21","Meia Praia"
"2744015477","3200000","165","19393,94","Meia Praia"
"2740283389","1100000","123","8943,09","Andorinha"
"2693495013","839697","69","12169,52","Morretes"
"2754746733","7165520","135","53077,93","Centro"
"2689984214","1780000","112","15892,86","Andorinha"
"2482909809","940000","69","13623,19","Morretes"
"2735381918","3000000","164","18292,68","Meia Praia"
"2656223756","2500000","131","19083,97","Meia Praia"
"2590083198","2099999","135","15555,55","Centro"
"2752780495","4500000","340","13235,29","Meia Praia"
"2723210385","929035","70","13271,93","Morretes"
"2758311030","1635000","113","14469,03","Andorinha"
"2726933949","2150000","116","18534,48","Andorinha"
"2650004072","2521109","162","15562,4","Andorinha"
"2760157922","2550000","118","21610,17","Meia Praia"
"2637821869","1200000","210","5714,29",""
"2764949571","5150000","198","26010,1","Meia Praia"
"2717267535","1395000","100","13950","Meia Praia"
"2629748643","3800000","200","19000","Meia Praia"
"2727188433","1850000","129","14341,09","Castelo Branco"
"2719782271","850000","70","12142,86","Morretes"
"2560058915","3790000","213","17793,43","Meia Praia"
"2719896023","1755500","163","10769,94","Castelo Branco"
"2681451804","2600000","185","14054,05","Centro"
"2723210030","2315000","150","15433,33","Centro"
"2734695174","1650000","113","14601,77","Meia Praia"
"2764632023","5099000","198","25752,53","Castelo Branco"
"2750288993","784000","70","11200","Morretes"
"2742885831","1700000","179","9497,21","Meia Praia"
"2747200822","1650000","113","14601,77","Meia Praia"
"2768968420","1899640","120","15830,33","Andorinha"
"2724179566","2115000","147","14387,76","Centro"
"2609062499","1850000","128","14453,12","Meia Praia"
"2655801076","1550000","149","10402,68","Meia Praia"
"2760269214","1200000","70","17142,86","Tabuleiro dos Oliveiras"
"2764632155","4446792","178","24981,98","Meia Praia"
"2739159398","1450000","110","13181,82","Meia Praia"
"2754701146","1700000","117","14529,91","Meia Praia"
"2713951052","1964423","92","21352,42","Centro"
"2747829308","2200000","156","14102,56","Meia Praia"
"2749866898","800000","70","11428,57","Morretes"
"2740233144","3800000","140","27142,86","Meia Praia"
"2734122716","1750000","130","13461,54","Meia Praia"
"2748024011","900000","64","14062,5",""
"2760224117","2550000","118","21610,17","Meia Praia"
"2725723449","898000","69","13014,49","Morretes"
"2688285718","4990000","250","19960","Meia Praia"
"2686861423","1450000","125","11600","Castelo Branco"
"2764633189","3300000","157","21019,11","Meia Praia"
"2719902562","3190000","157","20318,47","Meia Praia"
"2750496502","2200000","146","15068,49","Meia Praia"
"2533539488","2890000","104","27788,46","Centro"
"2738894034","1890000","150","12600","Meia Praia"
"2695337590","5390000","155","34774,19","Morretes"
"2764402649","1889070","115","16426,7","Castelo Branco"
"2622333821","1899000","130","14607,69","Andorinha"
"2740357616","739412","60","12323,53","Tabuleiro dos Oliveiras"
"2636194863","1850000","140","13214,29","Meia Praia"
"2609063278","3500000","280","12500","Meia Praia"
"2753631296","2000000","126","15873,02","Andorinha"
"2654829912","4490000","300","14966,67","Meia Praia"
"2744450032","1350000","70","19285,71","Tabuleiro dos Oliveiras"
"2646970288","999000","85","11752,94","Castelo Branco"
"2748822122","805000","61","13196,72","Morretes"
"2712300906","3700000","158","23417,72","Meia Praia"
"2529051467","2100000","131","16030,53","Andorinha"
"2765092415","3200000","127","25196,85","Centro"
"2748644138","1190000","70","17000","Morretes"
"2764853517","6985000","190","36763,16","Meia Praia"
"2764631340","2200000","129","17054,26","Meia Praia"
"2744014588","4250000","175","24285,71","Meia Praia"
"2760934613","2500000","171","14619,88","Castelo Branco"
"2754541712","2199900","182","12087,36","Meia Praia"
"2718029841","1955000","144","13576,39","Centro"
"2754748200","1262828","65","19428,12","Morretes"
"2709065959","950000","80","11875","Centro"
"2718700079","884950","67","13208,21","Morretes"
"2753517005","950000","115","8260,87","Meia Praia"
"2764631693","5490000","297","18484,85","Meia Praia"
"2747782497","4187922","150","27919,48","Centro"
"2770032015","2989630","2100","1423,63","Varzea"
"2560637263","750001","100","7500,01","Morretes"
"2760566917","2250000","166","13554,22",""
"2731324113","2492000","156","15974,36","Meia Praia"
"2765064368","3100000","129","24031,01","Meia Praia"
"2560060257","2373317","132","17979,67","Centro"
"2753757399","870000","77","11298,7","Meia Praia"
"2764859360","6690000","211","31706,16","Meia Praia"
"2754746748","3230468","194","16651,9","Centro"
"2764952593","3300000","182","18131,87","Meia Praia"
"2758134113","908000","70","12971,43","Morretes"
"2760096336","5322240","199","26744,92","Morretes"
"2744001972","990000","70","14142,86","Morretes"
"2736511250","1499000","121","12388,43","Meia Praia"
"2751172861","2240000","181","12375,69","Castelo Branco"
"2596174269","880979","70","12585,41","Morretes"
"2733742595","2748000","163","16858,9","Meia Praia"
"2769474541","2098680","112","18738,21","Andorinha"
"2758127321","790000","67","11791,04","Morretes"
"2712552697","2739000","140","19564,29","Centro"
"2748740907","1500000","135","11111,11","Meia Praia"
"2729638052","1499000","105","14276,19","Meia Praia"
"2764633030","1890000","132","14318,18","Meia Praia"
"2760157919","7810000","196","39846,94","Meia Praia"
"2760222828","7810000","196","39846,94","Meia Praia"
"2767582272","2295000","138","16630,43","Centro"
"2507129938","4195000","168","24970,24","Centro"
"2637453307","2598800","163","15943,56","Centro"
"2765064640","1890000","146","12945,21","Meia Praia"
"2769149441","890000","69","12898,55","Morretes"
"2541352187","931000","69","13492,75","Morretes"
"2737228810","5500000","280","19642,86","Andorinha"
"2762332017","3205000","152","21085,53","Meia Praia"
"2720507956","2349900","233","10085,41","Canto da Praia"
"2749519332","2800000","180","15555,56","Meia Praia"
"2759130227","2620000","175","14971,43","Meia Praia"
"2727492934","828376","66","12551,15","Morretes"
"2746742271","3450000","125","27600","Meia Praia"
"2529057187","3000000","172","17441,86","Meia Praia"
"2715163812","723000","70","10328,57","Morretes"
"2708104656","7800000","187","41711,23","Meia Praia"
"2750094549","2100000","280","7500","Meia Praia"
"2758879417","980000","95","10315,79",""
"2723210029","1899000","115","16513,04","Meia Praia"
"2759672235","2600000","190","13684,21","Meia Praia"
"2754513887","549000","60","9150","Alto São Bento"
"2757309017","1849820","141","13119,29","Meia Praia"
"2743531236","858000","69","12434,78","Centro"
"2764634155","2600000","165","15757,58","Centro"
"2738890444","1980000","150","13200","Meia Praia"
"2744012699","1300000","94","13829,79","Castelo Branco"
"2547500211","3000000","175","17142,86","Meia Praia"
"2687443218","2140620","127","16855,28","Meia Praia"
"2596943896","780000","70","11142,86","Morretes"
"2767582223","950000","70","13571,43","Morretes"
"2661818609","5000000","201","24875,62","Centro"
"2767583723","4050000","205","19756,1","Meia Praia"
"2692636062","1490000","94","15851,06","Meia Praia"
"2732106895","580000","71","8169,01","Tabuleiro dos Oliveiras"
"2760268729","900000","70","12857,14","Morretes"
"2711035641","1000000","131","7633,59","Meia Praia"
"2769180656","1899710","123","15444,8","Castelo Branco"
"2723210396","3150000","204","15441,18","Meia Praia"
"2759604641","2600000","190","13684,21","Meia Praia"
"2654756074","6158500","240","25660,42","Meia Praia"
"2561780234","6190000","210","29476,19","Andorinha"
"2739557048","2000000","153","13071,9","Centro"
"2744450124","1599999","113","14159,28","Meia Praia"
"2729592223","950000","77","12337,66","Sertão do Trombudo"
"2760453613","3200000","182","17582,42","Meia Praia"
"2763649737","890000","67","13283,58","Tabuleiro dos Oliveiras"
"2560637524","797000","70","11385,71","Morretes"
"2747422303","3150000","218","14449,54","Andorinha"
"2571427939","2046000","120","17050","Centro"
"2767582372","903650","58","15580,17","Morretes"
"2735197417","2800000","127","22047,24","Centro"
"2768634231","660000","61","10819,67",""
"2769178358","734300","69","10642,03","Morretes"
"2566492290","3300000","203","16256,16","Meia Praia"
"2710198303","1700000","127","13385,83","Andorinha"
"2746794804","1850000","130","14230,77","Centro"
"2734059898","3500000","290","12068,97","Meia Praia"
"2758074326","908000","70","12971,43","Morretes"
"2638550163","2380000","133","17894,74","Meia Praia"
"2617955017","2350000","123","19105,69","Centro"
"2756778668","4700000","250","18800","Meia Praia"
"2621273142","850000","68","12500","Morretes"
"2692110570","3500000","228","15350,88","Meia Praia"
"2754745443","2280804","159","14344,68","Centro"
"2761654925","2495000","226","11039,82","Meia Praia"
"2649824299","890000","69","12898,55","Morretes"
"2744792048","850000","70","12142,86","Morretes"
"2767582466","6672000","187","35679,14","Centro"
"2754169712","799000","68","11750","Tabuleiro dos Oliveiras"
"2770031278","649810","270","2406,7","Morretes"
"2661819681","848000","70","12114,29","Tabuleiro dos Oliveiras"
"2744792050","1600000","169","9467,46","Meia Praia"
"2646971011","1700000","108","15740,74","Meia Praia"
"2708535046","866660","70","12380,86",""
"2768970667","1699240","118","14400,34","Centro"
"2752081799","4499430","250","17997,72","Andorinha"
"2706238822","3600000","127","28346,46","Centro"
"2599483257","1700000","114","14912,28","Meia Praia"
"2565455992","1485000","108","13750","Meia Praia"
"2646970992","870000","63","13809,52","Morretes"
"2741551892","3050000","193","15803,11","Andorinha"
"2769471787","780939","53","14734,7","Tabuleiro dos Oliveiras"
"2730193418","2600000","137","18978,1","Centro"
"2562460479","4200000","217","19354,84","Meia Praia"
"2652581868","829000","70","11842,86","Morretes"
"2721918760","2790000","142","19647,89","Castelo Branco"
"2572541711","1840000","103","17864,08","Meia Praia"
"2763648650","2590000","130","19923,08","Meia Praia"
"2511793552","900000","69","13043,48","Morretes"
"2732591429","1842000","137","13445,26","Andorinha"
"2689672842","1080000","69","15652,17","Morretes"
"2613516518","1995000","131","15229,01","Meia Praia"
"2769469975","2399780","162","14813,46","Andorinha"
"2723211840","1600000","167","9580,84","Meia Praia"
"2633099805","1100000","80","13750","Meia Praia"
"2744805298","1980000","149","13288,59","Centro"
"2569300364","1800000","120","15000","Meia Praia"
"2764631682","2625000","163","16104,29","Meia Praia"
"2729684839","3500000","188","18617,02","Meia Praia"
"2757306635","2099310","120","17494,25","Meia Praia"
"2766962416","4200000","193","21761,66",""
"2755299102","2999030","185","16210,97","Andorinha"
"2754169953","1850000","129","14341,09","Centro"
"2654431069","4000000","270","14814,81","Andorinha"
"2755275229","2200000","130","16923,08","Meia Praia"
"2552096594","1930000","123","15691,06","Castelo Branco"
"2761579417","7210000","166","43433,73","Meia Praia"
"2658739080","900000","65","13846,15","Morretes"
"2763648028","7888000","166","47518,07","Meia Praia"
"2663264055","5250000","16574","316,76","Sertão do Trombudo"
"2764860726","1800000","120","15000","Meia Praia"
"2744804912","1882917","151","12469,65","Andorinha"
"2672832274","4000000","190","21052,63","Jardim Praia Mar"
"2752140429","2998700","175","17135,43","Meia Praia"
"2519165374","2850000","130","21923,08","Centro"
"2755261233","1160000","70","16571,43","Morretes"
"2670818823","972903","69","14100,04","Morretes"
"2720508936","3500000","280","12500","Meia Praia"
"2740008418","4200000","202","20792,08","Meia Praia"
"2629675766","850000","69","12318,84","Morretes"
"2594943067","2772000","143","19384,62","Centro"
"2661818968","2199000","128","17179,69","Castelo Branco"
"2650176662","790000","55","14363,64","Morretes"
"2759671134","3890000","155","25096,77","Meia Praia"
"2757783518","1792000","140","12800","Meia Praia"
"2757611514","1650000","199","8291,46","Andorinha"
"2753156200","1850000","128","14453,12","Meia Praia"
"2747343793","2298000","129","17813,95","Meia Praia"
"2720508935","4380000","315","13904,76","Meia Praia"
"2763648535","4800000","180","26666,67","Meia Praia"
"2766847721","1798800","126","14276,19","Meia Praia"
"2764634718","3500000","165","21212,12","Centro"
"2530978301","4435886","213","20825,76","Centro"
"2720899571","743000","100","7430","Morretes"
"2723211934","2510000","130","19307,69","Centro"
"2714996201","1850000","110","16818,18","Meia Praia"
"2743601193","889369","69","12889,41","Morretes"
"2748004512","3500000","218","16055,05","Andorinha"
"2592169738","1750000","124","14112,9","Meia Praia"
"2754540368","1899310","154","12333,18","Andorinha"
"2732381428","5007000","282","17755,32","Meia Praia"
"2744012695","900000","80","11250","Meia Praia"
"2763649137","1900000","124","15322,58","Meia Praia"
"2728040745","2396000","152","15763,16","Andorinha"
"2767581996","1275000","101","12623,76","Castelo Branco"
"2764989068","2200000","180","12222,22","Meia Praia"
"2756188819","3200000","121","26446,28","Meia Praia"
"2757201414","738928","63","11729,02","Jardim Praia Mar"
"2743660497","850000","77","11038,96","Andorinha"
"2754737209","898800","71","12659,15","Morretes"
"2738894037","2680000","178","15056,18","Meia Praia"
"2747716304","2900000","127","22834,65","Meia Praia"
"2769186854","459640","56","8207,86","Morretes"
"2744014592","890000","76","11710,53","Andorinha"
"2764895415","3650000","203","17980,3","Centro"
"2611303401","2560000","128","20000","Meia Praia"
"2693494916","896099","69","12986,94","Morretes"
"2745301105","1500000","125","12000","Meia Praia"
"2719895971","3369000","209","16119,62","Meia Praia"
"2722634892","826800","102","8105,88","Morretes"
"2725596839","1900000","260","7307,69","Meia Praia"
"2767583218","1495000","124","12056,45","Meia Praia"
"2753788414","840000","70","12000","Morretes"
"2691973157","1550000","100","15500","Centro"
"2723211741","875000","70","12500","Morretes"
"2723210013","1198033","69","17362,8","Morretes"
"2744013114","4800000","206","23300,97","Meia Praia"
"2759268743","996142","70","14230,6","Andorinha"
"2769165257","3200000","222","14414,41","Meia Praia"
"2621797042","3098000","183","16928,96","Castelo Branco"
"2599369874","751933","67","11222,88","Morretes"
"2769184109","949260","96","9888,12","Morretes"
"2661819224","1650000","130","12692,31",""
"2764980713","885000","70","12642,86","Jardim Praia Mar"
"2560637336","808000","70","11542,86","Morretes"
"2721918481","2890000","162","17839,51","Castelo Branco"
"2511794683","880000","70","12571,43","Morretes"
"2677404795","4365000","282","15478,72","Meia Praia"
"2762839513","3013669","182","16558,62","Meia Praia"
"2761509822","790000","69","11449,28","Morretes"
"2759673329","2300000","137","16788,32","Centro"
"2764635229","2500000","176","14204,55","Meia Praia"
"2609059598","3500000","223","15695,07","Centro"
"2766782831","2250000","109","20642,2","Canto da Praia"
"2672634492","4200000","300","14000","Meia Praia"
"2751145394","780000","70","11142,86","Tabuleiro dos Oliveiras"
"2761579522","2331290","118","19756,69","Andorinha"
"2702305183","1700000","114","14912,28","Andorinha"
"2698690590","2700000","100","27000","Meia Praia"
"2739740420","2800000","180","15555,56","Castelo Branco"
"2639974174","5080000","180","28222,22","Meia Praia"
"2755991016","2600000","130","20000","Meia Praia"
"2732165221","2200000","135","16296,3","Meia Praia"
"2727188434","997000","95","10494,74","Meia Praia"
"2661819280","1980000","123","16097,56","Meia Praia"
"2599481421","3359000","183","18355,19","Castelo Branco"
"2758678426","4591000","180","25505,56","Meia Praia"
"2758548421","3200000","193","16580,31","Meia Praia"
"2592602683","800000","65","12307,69","Morretes"
"2731047344","1990000","121","16446,28","Meia Praia"
"2734698025","950000","70","13571,43","Morretes"
"2768968495","1249270","106","11785,57","Castelo Branco"
"2758129420","3960000","315","12571,43","Meia Praia"
"2753495011","890000","70","12714,29","Morretes"
"2533971570","2300000","132","17424,24","Meia Praia"
"2526638839","5007000","282","17755,32","Meia Praia"
"2558704109","2660020","190","14000,11",""
"2769839162","2977740","175","17015,66","Andorinha"
"2609060805","2190000","140","15642,86","Andorinha"
"2707071361","2000000","116","17241,38","Morretes"
"2748085794","3200000","182","17582,42","Meia Praia"
"2756954251","2499290","188","13294,1","Andorinha"
"2769186945","1349580","130","10381,38","Castelo Branco"
"2753757493","904000","72","12555,56","Tabuleiro dos Oliveiras"
"2767583417","844000","70","12057,14","Morretes"
"2767580977","1410711","98","14395,01","Meia Praia"
"2768676622","2300000","142","16197,18","Meia Praia"
"2537463541","4512000","214","21084,11","Meia Praia"
"2692691708","872000","68","12823,53","Morretes"
"2707329138","5500000","300","18333,33","Meia Praia"
"2741829662","2400000","128","18750","Castelo Branco"
"2757198544","2707028","151","17927,34","Meia Praia"
"2723209317","1150000","69","16666,67","Meia Praia"
"2767581540","3200000","193","16580,31","Meia Praia"
"2739558231","2240000","180","12444,44","Castelo Branco"
"2753961998","4590070","180","25500,39","Meia Praia"
"2768646644","1772000","114","15543,86","Andorinha"
"2713373719","740000","70","10571,43","Tabuleiro dos Oliveiras"
"2658963604","2000000","159","12578,62","Meia Praia"
"2740229764","2200000","129","17054,26","Castelo Branco"
"2759605536","890000","69","12898,55","Centro"
"2764632185","3500000","186","18817,2","Meia Praia"
"2582331814","1720000","130","13230,77","Andorinha"
"2761517040","850000","70","12142,86","Morretes"
"2764631685","3498800","213","16426,29","Andorinha"
"2710811890","1100000","83","13253,01","Centro"
"2706582605","3090000","172","17965,12","Centro"
"2683865633","4000000","300","13333,33","Centro"
"2743454802","825000","55","15000","Tabuleiro dos Oliveiras"
"2733826524","1000000","97","10309,28","Andorinha"
"2689939945","899000","167","5383,23","Morretes"
"2713005754","3250000","128","25390,62","Meia Praia"
"2764633731","5250000","200","26250","Meia Praia"
"2764633334","3480000","213","16338,03","Andorinha"
"2646970314","7600000","317","23974,76","Meia Praia"
"2769470043","968460","67","14454,63","Morretes"
"2744014584","1100000","93","11827,96","Castelo Branco"
"2661098464","689000","74","9310,81","Morretes"
"2560637472","808000","70","11542,86","Morretes"
"2560637717","801000","70","11442,86","Morretes"
"2737231395","4400000","300","14666,67","Meia Praia"
"2764631494","4800000","180","26666,67","Meia Praia"
"2766852514","753480","70","10764","Morretes"
"2754452832","1100000","90","12222,22","Castelo Branco"
"2744013514","2000000","172","11627,91","Meia Praia"
"2756565716","1600000","105","15238,1","Castelo Branco"
"2754744776","829874","69","12027,16","Morretes"
"2764634414","5500000","225","24444,44","Meia Praia"
"2758870721","3090000","172","17965,12","Meia Praia"
"2754757134","2767000","175","15811,43","Meia Praia"
"2646971662","850000","70","12142,86","Morretes"
"2764632223","4800000","180","26666,67","Meia Praia"
"2759541318","890000","69","12898,55","Centro"
"2747828723","4500000","248","18145,16","Meia Praia"
"2560637518","808000","68","11882,35","Morretes"
"2661820662","1621000","113","14345,13","Andorinha"
"2733508614","740000","62","11935,48","Jardim Praia Mar"
"2598539267","865000","70","12357,14","Morretes"
"2650750169","880000","68","12941,18","Morretes"
"2719900193","2300000","169","13609,47","Meia Praia"
"2740369413","576431","53","10876,06","Morretes"
"2768969343","2599220","146","17802,88","Castelo Branco"
"2744013113","950000","60","15833,33","Morretes"
"2569456231","1850000","118","15677,97","Meia Praia"
"2698129670","7990000","214","37336,45","Meia Praia"
"2738907716","850000","70","12142,86","Morretes"
"2723210411","2355000","100","23550","Meia Praia"
"2660284691","1800000","130","13846,15","Meia Praia"
"2764633142","1750000","127","13779,53","Andorinha"
"2767581550","985000","70","14071,43","Morretes"
"2760455617","1250000","142","8802,82","Meia Praia"
"2767581970","1176110","68","17295,74","Morretes"
"2767564470","4000000","128","31250","Meia Praia"
"2759327514","967681","70","13824,01","Meia Praia"
"2768966956","2889690","159","18174,15","Meia Praia"
"2721632552","1868000","125","14944","Centro"
"2764632140","2495000","164","15213,41","Meia Praia"
"2765112712","2949840","180","16388","Andorinha"
"2749241229","749000","64","11703,12","Morretes"
"2595234021","872000","69","12637,68","Morretes"
"2764631849","3398800","213","15956,81","Andorinha"
"2560637259","808000","70","11542,86","Morretes"
"2656735400","2950000","123","23983,74","Meia Praia"
"2754182805","899000","69","13028,99","Morretes"
"2767583793","2411646","169","14270,09","Andorinha"
"2732421143","750000","130","5769,23","Meia Praia"
"2764859742","1690000","105","16095,24","Centro"
"2725553234","1589000","95","16726,32","Castelo Branco"
"2748559981","828376","62","13360,9","Morretes"
"2764632835","4950000","190","26052,63","Meia Praia"
"2754744969","4211046","259","16258,86","Andorinha"
"2661818966","3190000","156","20448,72","Meia Praia"
"2761879522","860000","69","12463,77","Morretes"
"2758582626","799900","68","11763,24","Morretes"
"2723210885","1950000","105","18571,43","Meia Praia"
"2597170008","3420000","166","20602,41","Castelo Branco"
"2769181936","1779140","196","9077,24","Andorinha"
"2660481867","799000","71","11253,52","Morretes"
"2764861515","1311000","81","16185,19","Meia Praia"
"2650181455","1850000","135","13703,7","Meia Praia"
"2764953846","890000","65","13692,31","Morretes"
"2765046657","2200000","211","10426,54","Andorinha"
"2560637653","808000","70","11542,86","Morretes"
"2748545575","1600000","120","13333,33","Meia Praia"
"2748644139","900000","120","7500","Meia Praia"
"2759377651","967681","70","13824,01","Meia Praia"
"2558703801","2931500","190","15428,95",""
"2727085188","950000","70","13571,43",""
"2716785832","5427475","291","18651,12","Centro"
"2769188608","1579830","120","13165,25","Centro"
"2738321736","695000","64","10859,38",""
"2759607813","1950000","128","15234,38","Meia Praia"
"2759670923","1950000","128","15234,38","Meia Praia"
"2761579121","2590000","140","18500","Meia Praia"
"2739740617","2700000","173","15606,94","Meia Praia"
"2694079382","850000","70","12142,86","Morretes"
"2619175940","5781596","198","29199,98","Centro"
"2764635215","3600000","206","17475,73","Centro"
"2616732704","2310000","123","18780,49","Centro"
"2547503323","1995000","133","15000","Meia Praia"
"2646970784","2300000","200","11500","Meia Praia"
"2732475643","1720000","103","16699,03",""
"2745843694","1000000","94","10638,3","Andorinha"
"2734812938","2750000","180","15277,78","Meia Praia"
"2767583719","1655000","128","12929,69","Castelo Branco"
"2756820550","949000","67","14164,18","Morretes"
"2738004620","4190000","162","25864,2","Centro"
"2619793068","2690000","130","20692,31","Centro"
"2609062207","2600000","167","15568,86","Centro"
"2769149434","7123451","180","39574,73","Meia Praia"
"2766852926","1597800","114","14015,79","Meia Praia"
"2670852683","1609000","100","16090","Centro"
"2759605535","1950000","115","16956,52","Centro"
"2740233166","830000","63","13174,6","Tabuleiro dos Oliveiras"
"2764630657","4890000","280","17464,29","Centro"
"2748003207","1250000","118","10593,22","Meia Praia"
"2757766731","890000","75","11866,67","Meia Praia"
"2748326799","900000","70","12857,14","Morretes"
"2661820374","2200000","135","16296,3","Meia Praia"
"2766852116","4490000","300","14966,67","Meia Praia"
"2766852132","659800","60","10996,67","Morretes"
"2511794184","835000","67","12462,69","Morretes"
"2717832112","1777761","109","16309,73","Centro"
"2769276036","849560","70","12136,57","Morretes"
"2744014217","900000","60","15000","Morretes"
"2764632232","7210000","166","43433,73","Meia Praia"
"2748740905","2680000","178","15056,18","Meia Praia"
"2764632139","2990000","164","18231,71","Meia Praia"
"2767582389","2334331","144","16210,63","Meia Praia"
"2703472374","783565","62","12638,15","Morretes"
"2738894942","2500000","140","17857,14","Meia Praia"
"2609060689","2300000","131","17557,25","Meia Praia"
"2558703474","1460000","210","6952,38",""
"2759538945","1950000","128","15234,38","Meia Praia"
"2720509133","1700000","118","14406,78","Meia Praia"
"2764634136","2798800","164","17065,85","Centro"
"2665398799","1090000","116","9396,55","Andorinha"
"2753366116","4649740","350","13284,97","Meia Praia"
"2763090143","895000","67","13358,21","Morretes"
"2769842245","856030","70","12229","Morretes"
"2767582364","770000","70","11000","Tabuleiro dos Oliveiras"
"2560637743","808000","68","11882,35","Morretes"
"2761876932","4000000","128","31250","Meia Praia"
"2749415198","3609770","182","19833,9","Meia Praia"
"2764672128","776000","64","12125","Morretes"
"2646968116","1700000","135","12592,59","Andorinha"
"2767580196","3610000","179","20167,6","Meia Praia"
"2769186670","4679050","195","23995,13","Meia Praia"
"2769477543","1694830","108","15692,87","Andorinha"
"2746632897","2290000","178","12865,17","Meia Praia"
"2560637280","720000","115","6260,87","Morretes"
"2606344075","810000","69","11739,13","Morretes"
"2574305361","2599999","185","14054,05","Centro"
"2516158375","4187923","150","27919,49","Centro"
"2744509998","2600000","190","13684,21","Centro"
"2769279521","723860","70","10340,86","Jardim Praia Mar"
"2747203396","898000","69","13014,49","Morretes"
"2759540529","2300000","137","16788,32","Centro"
"2715503022","3600000","179","20111,73","Meia Praia"
"2744793316","1500000","110","13636,36","Meia Praia"
"2765540922","6000000","225","26666,67","Meia Praia"
"2758775817","2449620","124","19755","Andorinha"
"2718955859","735000","85","8647,06","Morretes"
"2764630855","3199000","265","12071,7","Meia Praia"
"2764955517","1999900","191","10470,68","Meia Praia"
"2744695371","2400000","140","17142,86","Meia Praia"
"2764632171","3900000","183","21311,48","Meia Praia"
"2572344816","5000000","226","22123,89",""
"2765064425","840000","79","10632,91","Andorinha"
"2661819282","1400000","67","20895,52","Morretes"
"2734790321","1000000","69","14492,75","Morretes"
"2656248954","1200000","141","8510,64","Meia Praia"
"2762224931","3189000","167","19095,81","Meia Praia"
"2710591001","1700000","120","14166,67","Meia Praia"
"2750455756","1950000","130","15000","Andorinha"
"2511795393","2470000","133","18571,43","Centro"
"2698066685","4390000","280","15678,57","Centro"
"2689269215","970000","93","10430,11","Andorinha"
"2759267435","967681","70","13824,01","Meia Praia"
"2760157920","1750000","122","14344,26","Meia Praia"
"2746689708","806400","64","12600","Morretes"
"2723210020","990000","69","14347,83","Morretes"
"2764632850","4187922","150","27919,48","Centro"
"2761579817","4490000","300","14966,67","Meia Praia"
"2627350608","1890000","149","12684,56","Centro"
"2761365742","2800000","142","19718,31","Meia Praia"
"2764348215","950000","70","13571,43","Morretes"
"2714721213","3690000","200","18450","Meia Praia"
"2766973231","1649040","130","12684,92","Meia Praia"
"2567541742","1450000","123","11788,62","Meia Praia"
"2754662205","2799640","174","16089,89","Meia Praia"
"2764633350","839000","64","13109,38","Jardim Praia Mar"
"2769470402","989070","70","14129,57","Morretes"
"2667471612","1840000","103","17864,08","Castelo Branco"
"2637240383","2990000","136","21985,29","Meia Praia"
"2769278631","1298710","95","13670,63","Castelo Branco"
"2721665462","1950000","131","14885,5","Andorinha"
"2759672542","1950000","115","16956,52","Centro"
"2747229372","2190000","127","17244,09","Andorinha"
"2737898420","3465000","157","22070,06","Meia Praia"
"2700312200","850000","70","12142,86","Morretes"
"2764220422","1150000","69","16666,67","Morretes"
"2738746166","1700000","149","11409,4","Andorinha"
"2755165208","1650000","136","12132,35","Andorinha"
"2676669883","4132000","236","17508,47","Centro"
"2609063081","880000","64","13750","Jardim Praia Mar"
"2747342576","2200000","128","17187,5","Meia Praia"
"2662711563","850000","69","12318,84","Morretes"
"2764634717","9122021","271","33660,59","Castelo Branco"
"2690690873","4380000","315","13904,76","Meia Praia"
"2732326113","1090000","68","16029,41","Morretes"
"2764941337","2317950","138","16796,74","Centro"
"2747829502","5000000","195","25641,03","Meia Praia"
"2754514551","1790000","131","13664,12","Andorinha"
"2736452414","990000","92","10760,87","Meia Praia"
"2723211044","2800000","137","20437,96","Centro"
"2757082514","1700000","120","14166,67","Meia Praia"
"2761579621","3600000","131","27480,92","Meia Praia"
"2738894937","2300000","184","12500","Meia Praia"
"2764632030","2598800","172","15109,3","Centro"
"2767581646","1828698","116","15764,64","Meia Praia"
"2743991170","4259000","166","25656,63","Meia Praia"
"2761579416","5831000","262","22255,73","Meia Praia"
"2723211655","1875000","105","17857,14","Meia Praia"
"2764633833","3500000","210","16666,67","Meia Praia"
"2712353505","2100000","135","15555,56","Andorinha"
"2747712947","1890000","135","14000","Meia Praia"
"2769149922","3200000","222","14414,41","Meia Praia"
"2714720313","2750000","162","16975,31","Andorinha"
"2721911026","2350000","135","17407,41","Meia Praia"
"2757660226","2600000","145","17931,03","Meia Praia"
"2700889296","2400000","172","13953,49","Meia Praia"
"2704933608","9480000","214","44299,07","Meia Praia"
"2747098294","900000","64","14062,5","Morretes"
"2751958616","1500000","128","11718,75","Meia Praia"
"2746578489","956380","70","13662,57","Morretes"
"2764631488","1914000","122","15688,52","Meia Praia"
"2769536335","7000000","168","41666,67","Meia Praia"
"2760224217","1750000","122","14344,26","Meia Praia"
"2764861421","1750000","105","16666,67","Centro"
"2738892527","1000000","70","14285,71","Morretes"
"2569451167","2700000","226","11946,9","Meia Praia"
"2560060055","2208355","151","14624,87","Meia Praia"
"2769178807","894270","63","14194,76","Morretes"
"2742890391","1700000","179","9497,21","Meia Praia"
"2721918758","1050000","66","15909,09","Morretes"
"2725723542","898000","67","13402,99","Morretes"
"2764631671","3598000","208","17298,08","Centro"
"2758662032","1930000","133","14511,28","Centro"
"2692635860","1800000","140","12857,14","Meia Praia"
"2599483256","3270000","159","20566,04","Meia Praia"
"2754733222","1650000","135","12222,22","Andorinha"
"2599798080","968000","105","9219,05","Meia Praia"
"2767583787","1500000","155","9677,42","Meia Praia"
"2738894939","1550000","123","12601,63","Meia Praia"
"2744697203","830000","70","11857,14","Jardim Praia Mar"
"2752779906","3200000","193","16580,31","Meia Praia"
"2765345914","6500000","180","36111,11","Meia Praia"
"2745035797","950000","106","8962,26","Castelo Branco"
"2684230805","810000","64","12656,25","Morretes"
"2747918627","5000000","250","20000","Meia Praia"
"2618439315","2599000","130","19992,31","Andorinha"
"2768968867","3489650","272","12829,6","Casa Branca"
"2738890446","2500000","123","20325,2","Centro"
"2757201518","1853000","129","14364,34","Centro"
"2767583191","1081900","69","15679,71","Morretes"
"2646971499","1800000","100","18000","Canto da Praia"
"2767583185","5007000","146","34294,52","Meia Praia"
"2740141447","750000","65","11538,46","Morretes"
"2754747603","1918000","130","14753,85","Centro"
"2764631047","3000000","195","15384,62","Meia Praia"
"2733863216","1990000","121","16446,28","Meia Praia"
"2763649141","2790000","153","18235,29","Meia Praia"
"2723211653","2390000","170","14058,82","Meia Praia"
"2660761864","1700000","123","13821,14","Andorinha"
"2754748298","1884743","132","14278,36","Castelo Branco"
"2760220033","5322240","199","26744,92","Morretes"
"2760094098","1750000","122","14344,26","Meia Praia"
"2764895213","3780000","225","16800","Centro"
"2763090331","3590000","203","17684,73","Centro"
"2740780014","874295","67","13049,18","Morretes"
"2690844456","1450000","110","13181,82","Meia Praia"
"2699373974","2825000","157","17993,63","Morretes"
"2735053815","2398000","135","17762,96","Meia Praia"
"2740314733","2990000","166","18012,05","Meia Praia"
"2769181024","1449040","118","12280","Meia Praia"
"2757201317","2259780","150","15065,2","Meia Praia"
"2769186946","1649240","103","16012,04","Castelo Branco"
"2754764805","2200000","130","16923,08","Meia Praia"
"2758636416","3090000","172","17965,12","Meia Praia"
"2744013569","3760000","179","21005,59","Meia Praia"
"2741152377","848000","70","12114,29","Tabuleiro dos Oliveiras"
"2755928615","2311845","118","19591,91","Andorinha"
"2754170499","2350000","136","17279,41","Meia Praia"
"2702303203","865278","64","13519,97","Morretes"
"2698756900","705243","63","11194,33","Morretes"
"2636791013","1650000","110","15000","Meia Praia"
"2767581276","1750000","117","14957,26","Castelo Branco"
"2769854614","2199540","161","13661,74","Meia Praia"
"2747203894","1640157","113","14514,66","Meia Praia"
"2748822116","2698800","164","16456,1","Centro"
"2704940062","1050000","70","15000","Meia Praia"
"2717034450","3807000","150","25380","Meia Praia"
"2646474665","1400000","115","12173,91","Andorinha"
"2767580969","1800000","149","12080,54","Centro"
"2529775381","2898000","135","21466,67","Meia Praia"
"2752688540","1980000","192","10312,5","Castelo Branco"
"2753757402","1150000","88","13068,18","Centro"
"2764631247","3490000","206","16941,75","Centro"
"2761226932","1100000","70","15714,29","Morretes"
"2744015184","4200000","157","26751,59","Meia Praia"
"2741555367","2300000","179","12849,16","Meia Praia"
"2763413115","1799000","114","15780,7","Andorinha"
"2569455971","1840000","187","9839,57","Andorinha"
"2764632186","7888000","166","47518,07","Meia Praia"
"2695522175","999000","67","14910,45","Meia Praia"
"2732807726","2178000","192","11343,75","Castelo Branco"
"2766853315","654800","65","10073,85","Morretes"
"2760270116","2500000","127","19685,04","Centro"
"2744757839","848000","77","11012,99","Meia Praia"
"2730654135","844000","67","12597,01","Morretes"
"2715095404","820000","70","11714,29","Tabuleiro dos Oliveiras"
"2737868218","1684000","105","16038,1","Meia Praia"
"2762709218","3690000","190","19421,05","Meia Praia"
"2729768922","4600000","225","20444,44","Meia Praia"
"2748823097","1311000","122","10745,9","Meia Praia"
"2631787851","600000","106","5660,38","Morretes"
"2767582001","1842000","140","13157,14","Andorinha"
"2769188591","1449200","120","12076,67","Andorinha"
"2703469622","847256","66","12837,21","Morretes"
"2761506952","890000","60","14833,33","Morretes"
"2720733142","2090000","120","17416,67","Meia Praia"
"2752629540","1600000","105","15238,1","Castelo Branco"
"2646968115","1250000","121","10330,58","Castelo Branco"
"2760714542","3860000","150","25733,33","Centro"
"2765029626","5900000","223","26457,4","Meia Praia"
"2723209921","1913000","122","15680,33","Meia Praia"
"2739577120","1832787","127","14431,39","Centro"
"2560060266","2390000","137","17445,26","Meia Praia"
"2769187359","1349270","115","11732,78","Andorinha"
"2769498829","9710000","180","53944,44","Meia Praia"
"2718028954","1950000","145","13448,28","Centro"
"2752690703","6750000","182","37087,91","Morretes"
"2609062396","940000","69","13623,19","Morretes"
"2764634114","2800000","142","19718,31","Meia Praia"
"2716787230","7628000","261","29226,05","Meia Praia"
"2764632203","5500000","225","24444,44","Meia Praia"
"2764860137","2495647","160","15597,79","Andorinha"
"2754738481","1700000","150","11333,33","Andorinha"
"2764978837","1890000","126","15000","Andorinha"
"2760284802","850000","68","12500","Morretes"
"2727450070","800000","78","10256,41","Andorinha"
"2764955520","1999999","125","15999,99","Centro"
"2723361454","1980000","115","17217,39","Centro"
"2764631563","1700000","117","14529,91","Meia Praia"
"2763514324","6500000","180","36111,11","Meia Praia"
"2769181939","1989150","327","6083,03","Meia Praia"
"2758658021","3090000","172","17965,12","Meia Praia"
"2766854215","4199800","300","13999,33","Meia Praia"
"2665874032","1900000","130","14615,38","Centro"
"2698543475","1690000","135","12518,52","Centro"
"2692570989","729981","69","10579,43","Jardim Praia Mar"
"2765499040","1900000","152","12500","Centro"
"2764632846","4535630","213","21294,04","Meia Praia"
"2646971667","1890000","130","14538,46","Meia Praia"
"2743412262","1780000","153","11633,99","Meia Praia"
"2609061200","7800000","181","43093,92","Meia Praia"
"2769839598","2198570","160","13741,06","Andorinha"
"2746689796","749000","63","11888,89","Jardim Praia Mar"
"2766855218","651800","63","10346,03","Morretes"
"2743315670","1650000","107","15420,56","Meia Praia"
"2760097330","7810000","196","39846,94","Meia Praia"
"2672204316","2000000","117","17094,02","Meia Praia"
"2723482233","2758700","180","15326,11","Andorinha"
"2713798431","1600000","247","6477,73","Meia Praia"
"2748326894","3500000","189","18518,52","Meia Praia"
"2661820011","2000000","115","17391,3","Meia Praia"
"2728008566","849000","65","13061,54","Morretes"
"2721503543","930000","63","14761,9","Morretes"
"2764632562","2350000","135","17407,41","Meia Praia"
"2763649651","899990","70","12857","Tabuleiro dos Oliveiras"
"2723211043","850000","76","11184,21","Castelo Branco"
"2764635240","3100000","270","11481,48","Meia Praia"
"2744015183","999000","70","14271,43","Morretes"
"2764634150","2800000","213","13145,54","Andorinha"
"2560637267","806000","70","11514,29","Morretes"
"2650438262","843436","63","13387,87","Morretes"
"2721614139","1950500","141","13833,33","Centro"
"2767583069","844356","69","12237,04","Morretes"
"2769185853","1199160","101","11872,87","Castelo Branco"
"2761579326","2953058","125","23624,46","Centro"
"2750334030","5000000","208","24038,46","Andorinha"
"2764632756","9980000","306","32614,38","Meia Praia"
"2751580433","1600000","124","12903,23","Meia Praia"
"2748437413","1842000","137","13445,26","Andorinha"
"2764632879","1890000","123","15365,85","Meia Praia"
"2748822999","1655000","105","15761,9","Meia Praia"
"2743475268","810200","62","13067,74","Morretes"
"2761579518","932400","70","13320","Morretes"
"2671253018","4900000","138","35507,25","Centro"
"2743409621","1885000","158","11930,38","Meia Praia"
"2746689709","816900","70","11670","Morretes"
"2764220617","2100000","126","16666,67","Andorinha"
"2763409931","1990000","135","14740,74","Meia Praia"
"2760155925","5322240","199","26744,92","Morretes"
"2764949568","1990000","133","14962,41","Meia Praia"
"2758126721","4066400","234","17377,78","Centro"
"2764895215","3730000","220","16954,55","Centro"
"2722180333","965000","70","13785,71","Morretes"
"2769186453","348640","40","8716","Alto São Bento"
"2736168413","6985000","269","25966,54","Centro"
"2765063643","1990000","138","14420,29","Meia Praia"
"2719470249","999998","120","8333,32","Meia Praia"
"2763648030","890000","70","12714,29","Morretes"
"2763570066","3742500","197","18997,46","Meia Praia"
"2757201120","750000","40","18750","Morretes"
"2767255918","690000","58","11896,55","Morretes"
"2734803308","1990000","130","15307,69","Centro"
"2704243322","1950000","185","10540,54","Meia Praia"
"2739750728","4990000","280","17821,43","Centro"
"2764634215","4452371","150","29682,47","Centro"
"2683019096","4239452","259","16368,54","Andorinha"
"2763410128","2830000","160","17687,5","Meia Praia"
"2767583622","889450","61","14581,15","Morretes"
"2661674799","919000","68","13514,71","Morretes"
"2759671857","1990000","130","15307,69","Meia Praia"
"2747097911","1840000","146","12602,74","Meia Praia"
"2754281487","969000","67","14462,69","Meia Praia"
"2759404915","1250000","109","11467,89","Meia Praia"
"2677258395","829500","64","12960,94","Jardim Praia Mar"
"2768234826","4950000","142","34859,15","Centro"
"2626748171","2600000","156","16666,67","Meia Praia"
"2764632868","3198800","208","15378,85","Centro"
"2764632633","2500000","185","13513,51","Andorinha"
"2754724303","2610200","109","23946,79","Meia Praia"
"2756183632","3300000","135","24444,44","Meia Praia"
"2692636061","2500000","220","11363,64","Centro"
"2700334576","1800000","130","13846,15","Centro"
"2764634761","1900000","131","14503,82","Meia Praia"
"2767582651","4355000","222","19617,12","Meia Praia"
"2646971360","830000","70","11857,14","Morretes"
"2762835217","799900","68","11763,24","Morretes"
"2729769120","1960000","122","16065,57","Meia Praia"
"2767581602","2495000","146","17089,04","Meia Praia"
"2748326602","3200000","189","16931,22","Meia Praia"
"2714719140","1600000","195","8205,13","Meia Praia"
"2765608318","2989570","132","22648,26","Castelo Branco"
"2764634222","3196138","151","21166,48","Meia Praia"
"2760209131","1750000","128","13671,88","Andorinha"
"2755332791","848000","65","13046,15","Morretes"
"2743411591","2100000","128","16406,25","Castelo Branco"
"2725681140","2100000","210","10000","Meia Praia"
"2768968862","1749790","122","14342,54","Castelo Branco"
"2752690429","4990000","210","23761,9","Meia Praia"
"2764630849","8200000","189","43386,24","Meia Praia"
"2741204373","1833150","118","15535,17","Centro"
"2767583626","2775714","169","16424,34","Meia Praia"
"2764634535","3650000","189","19312,17","Meia Praia"
"2759605153","1990000","130","15307,69","Meia Praia"
"2722632584","2300000","118","19491,53","Meia Praia"
"2694771595","1900000","118","16101,69","Meia Praia"
"2658748181","3700000","130","28461,54","Centro"
"2624755346","7100000","350","20285,71","Centro"
"2764220614","999000","70","14271,43","Morretes"
"2760222329","1850000","129","14341,09","Meia Praia"
"2743388379","820000","64","12812,5","Morretes"
"2754150496","2698800","184","14667,39","Centro"
"2750140690","2699000","123","21943,09","Meia Praia"
"2763648323","830000","66","12575,76","Tabuleiro dos Oliveiras"
"2767586921","3100000","139","22302,16","Centro"
"2745759310","3600000","270","13333,33","Meia Praia"
"2661820378","930000","66","14090,91","Morretes"
"2758865318","1200000","84","14285,71","Meia Praia"
"2582262193","1390000","140","9928,57","Meia Praia"
"2764631686","5998000","190","31568,42","Meia Praia"
"2569301710","5200000","236","22033,9","Morretes"
"2761790131","3500000","155","22580,65","Meia Praia"
"2747828725","1250000","121","10330,58","Meia Praia"
"2764632937","2538800","127","19990,55","Meia Praia"
"2511795593","1900000","140","13571,43","Centro"
"2764977039","3800000","180","21111,11","Meia Praia"
"2740008122","2200000","127","17322,83","Meia Praia"
"2749249718","833795","67","12444,7","Morretes"
"2744013572","1900000","165","11515,15","Meia Praia"
"2764631846","1650000","110","15000","Castelo Branco"
"2769753509","1449650","118","12285,17","Castelo Branco"
"2763098089","899000","69","13028,99","Morretes"
"2757611414","2799000","238","11760,5","Centro"
"2765020527","2398800","180","13326,67","Centro"
"2744015761","1650000","85","19411,76","Meia Praia"
"2562263246","1605469","165","9730,12","Castelo Branco"
"2738791476","2850000","118","24152,54","Meia Praia"
"2738894940","1500000","135","11111,11","Andorinha"
"2764632406","3100000","206","15048,54","Centro"
"2729444121","710000","68","10441,18","Morretes"
"2758297082","1950000","123","15853,66","Meia Praia"
"2558703374","1600000","190","8421,05",""
"2751942093","3500000","207","16908,21","Meia Praia"
"2763648649","3000000","195","15384,62","Meia Praia"
"2769150315","1184043","68","17412,4","Morretes"
"2730204932","4200000","250","16800",""
"2748028066","900000","64","14062,5",""
"2662729180","820000","55","14909,09","Morretes"
"2687893738","6680000","189","35343,92","Meia Praia"
"2718901136","9800000","179","54748,6","Meia Praia"
"2764951004","2300000","137","16788,32","Centro"
"2747712949","2680000","178","15056,18","Meia Praia"
"2711036855","1450000","109","13302,75","Meia Praia"
"2759540531","1990000","129","15426,36","Meia Praia"
"2744015856","2500000","150","16666,67","Meia Praia"
"2758635423","1200000","84","14285,71","Meia Praia"
"2748045500","7885000","307","25684,04","Meia Praia"
"2767582266","1946256","152","12804,32","Castelo Branco"
"2761506851","3200000","160","20000","Meia Praia"
"2757878336","969000","67","14462,69","Meia Praia"
"2720902957","9995000","180","55527,78","Meia Praia"
"2764633179","2600000","160","16250","Meia Praia"
"2744015661","2781463","160","17384,14","Meia Praia"
"2756093637","885000","70","12642,86","Tabuleiro dos Oliveiras"
"2765162517","2200000","125","17600","Meia Praia"
"2751118710","7210000","166","43433,73","Meia Praia"
"2545204079","1588350","132","12032,95","Meia Praia"
"2562956559","3100000","156","19871,79","Meia Praia"
"2757309215","7494070","305","24570,72","Meia Praia"
"2667614798","1040000","69","15072,46","Morretes"
"2745913629","2500000","178","14044,94","Meia Praia"
"2534696526","828478","69","12006,93","Morretes"
"2762332116","778144","64","12158,5","Tabuleiro dos Oliveiras"
"2764633046","2998800","201","14919,4","Centro"
"2747392813","849000","64","13265,62","Morretes"
"2752619296","1200000","136","8823,53","Meia Praia"
"2764631243","8774000","229","38314,41","Centro"
"2753961895","1549060","180","8605,89","Andorinha"
"2630290451","2350000","132","17803,03","Meia Praia"
"2764952277","2000000","176","11363,64","Meia Praia"
"2748551625","5000000","200","25000","Meia Praia"
"2767582924","5654482","200","28272,41","Centro"
"2753475796","3229000","180","17938,89","Meia Praia"
"2766853429","1979800","129","15347,29","Meia Praia"
"2764387152","949000","67","14164,18","Morretes"
"2687157521","2290000","138","16594,2","Centro"
"2586332335","2648800","164","16151,22","Centro"
"2765063375","1375000","118","11652,54","Andorinha"
"2747203800","2100000","150","14000","Meia Praia"
"2754541815","2997300","132","22706,82","Centro"
"2748438402","3570000","238","15000","Centro"
"2767583797","1830000","120","15250","Castelo Branco"
"2764631739","4500000","148","30405,41","Meia Praia"
"2740138502","2143000","119","18008,4","Canto da Praia"
"2747828724","1650000","122","13524,59","Meia Praia"
"2747950238","1700000","118","14406,78","Andorinha"
"2764633814","1750000","114","15350,88","Andorinha"
"2726426853","850000","75","11333,33","Morretes"
"2764631498","3100000","160","19375","Meia Praia"
"2747993507","2317950","138","16796,74","Centro"
"2748326007","6500000","197","32994,92","Centro"
"2764632637","2190000","123","17804,88","Meia Praia"
"2760097337","1300000","95","13684,21","Centro"
"2764632729","1050000","66","15909,09","Morretes"
"2737417622","868000","64","13562,5","Morretes"
"2764999126","2499000","153","16333,33","Meia Praia"
"2693898179","790002","95","8315,81","Morretes"
"2764895218","6930000","166","41746,99","Meia Praia"
"2740008316","4650000","350","13285,71","Meia Praia"
"2641539367","2290000","140","16357,14","Centro"
"2754192293","1890000","135","14000","Castelo Branco"
"2720616139","6680000","189","35343,92","Meia Praia"
"2667023593","4699000","165","28478,79","Meia Praia"
"2737116349","950000","63","15079,37","Jardim Praia Mar"
"2769188552","1798470","146","12318,29","Andorinha"
"2761579520","6193950","180","34410,83","Centro"
"2764894832","9530000","180","52944,44","Meia Praia"
"2769843348","849380","70","12134","Morretes"
"2560059612","2395800","121","19800","Centro"
"2758187517","4955265","202","24531,01","Meia Praia"
"2759605148","1990000","129","15426,36","Meia Praia"
"2744015862","1650000","107","15420,56","Meia Praia"
"2655801256","1490000","118","12627,12","Andorinha"
"2735197418","4350000","150","29000","Meia Praia"
"2767581951","600000","41","14634,15","Morretes"
"2767582727","1959000","150","13060","Centro"
"2765405634","2550000","175","14571,43","Castelo Branco"
"2765062091","839000","64","13109,38","Jardim Praia Mar"
"2750762175","1914000","122","15688,52","Meia Praia"
"2763648953","980000","42","23333,33","Centro"
"2764860541","1716000","104","16500","Meia Praia"
"2731105136","3973000","129","30798,45","Meia Praia"
"2769472193","1689360","130","12995,08","Meia Praia"
"2761664639","1792000","160","11200","Andorinha"
"2615432322","1703358","132","12904,23","Andorinha"
"2754168815","3100000","157","19745,22","Morretes"
"2755586726","1250000","196","6377,55","Meia Praia"
"2558703181","1613026","160","10081,41",""
"2751668351","6950000","200","34750","Centro"
"2689933921","1800000","200","9000","Meia Praia"
"2614866375","2100000","145","14482,76","Meia Praia"
"2769149523","3920206","140","28001,47","Meia Praia"
"2706695095","2960000","110","26909,09","Meia Praia"
"2769476519","1679750","127","13226,38","Castelo Branco"
"2747781616","4257433","178","23918,16","Meia Praia"
"2630707098","1227000","88","13943,18","Meia Praia"
"2712356298","920000","61","15081,97","Meia Praia"
"2738893344","950000","68","13970,59","Morretes"
"2766851618","3199800","173","18495,95","Meia Praia"
"2764633163","2800000","182","15384,62","Meia Praia"
"2767581372","2445415","132","18525,87","Morretes"
"2758888031","723600","68","10641,18","Morretes"
"2766852216","3199800","190","16841,05","Meia Praia"
"2768352125","3990000","260","15346,15","Meia Praia"
"2761509818","4950000","225","22000","Meia Praia"
"2560637122","720000","115","6260,87","Morretes"
"2733826917","1100000","70","15714,29","Morretes"
"2579395261","860000","70","12285,71","Morretes"
"2682097614","2195000","180","12194,44","Meia Praia"
"2764860330","1990000","116","17155,17","Meia Praia"
"2764631203","2910000","153","19019,61","Meia Praia"
"2763216130","5499000","217","25341,01","Meia Praia"
"2758129947","2500000","130","19230,77","Meia Praia"
"2764630927","3200000","182","17582,42","Meia Praia"
"2754165949","2200000","130","16923,08","Meia Praia"
"2763479315","3300000","172","19186,05","Centro"
"2701837098","1870000","165","11333,33","Meia Praia"
"2766851720","2099800","156","13460,26","Meia Praia"
"2761579917","4700000","274","17153,28","Castelo Branco"
"2754197813","2198800","135","16287,41","Andorinha"
"2698669101","950000","70","13571,43","Morretes"
"2769186392","6829760","158","43226,33","Meia Praia"
"2744016162","2200000","143","15384,62","Meia Praia"
"2767582464","4747782","143","33201,27","Meia Praia"
"2754165479","3388424","142","23862,14","Canto da Praia"
"2757198546","2342168","150","15614,45","Meia Praia"
"2759132729","1990000","140","14214,29","Centro"
"2747392476","2790000","142","19647,89","Meia Praia"
"2759067129","2620000","175","14971,43","Meia Praia"
"2745398648","2500000","131","19083,97","Meia Praia"
"2742888285","861000","64","13453,12","Morretes"
"2558703386","1800000","210","8571,43",""
"2764631823","2350000","114","20614,04","Andorinha"
"2761579719","2200000","115","19130,43","Meia Praia"
"2769179020","1749890","117","14956,32","Andorinha"
"2746689705","2400000","118","20338,98","Centro"
"2754169025","799000","71","11253,52","Morretes"
"2755937932","970000","100","9700","Castelo Branco"
"2757201516","1860000","126","14761,9","Meia Praia"
"2763648652","1200000","86","13953,49","Meia Praia"
"2761130681","1157000","66","17530,3","Morretes"
"2703185010","932000","70","13314,29","Meia Praia"
"2699240778","3900000","198","19696,97","Meia Praia"
"2769279520","1351550","104","12995,67","Castelo Branco"
"2755580567","1199000","92","13032,61","Meia Praia"
"2769185842","1399220","112","12493,04","Meia Praia"
"2760222330","1260000","97","12989,69","Centro"
"2758582119","850000","68","12500","Morretes"
"2765283021","2146917","116","18507,91","Andorinha"
"2747203152","1990000","130","15307,69","Centro"
"2715509201","2290000","150","15266,67","Centro"
"2744015478","1850000","146","12671,23","Meia Praia"
"2675655299","3600000","260","13846,15","Meia Praia"
"2623490760","1180000","100","11800","Meia Praia"
"2700891098","735000","53","13867,92","Tabuleiro dos Oliveiras"
"2743930153","3199369","240","13330,7","Castelo Branco"
"2736430943","2200000","120","18333,33","Meia Praia"
"2740008322","2546117","162","15716,77","Meia Praia"
"2744012700","2990000","172","17383,72","Castelo Branco"
"2740920296","3464511","188","18428,25","Meia Praia"
"2747828727","1699000","108","15731,48","Meia Praia"
"2740006704","1950000","118","16525,42","Andorinha"
"2757729860","1499200","101","14843,56","Morretes"
"2728045452","899000","69","13028,99","Morretes"
"2691477556","990000","70","14142,86","Morretes"
"2767583142","861655","64","13463,36","Morretes"
"2751617615","4399390","208","21150,91","Andorinha"
"2767581862","861655","64","13463,36","Morretes"
"2766854021","849800","69","12315,94","Tabuleiro dos Oliveiras"
"2769536334","1700000","105","16190,48","Centro"
"2744009668","2190000","129","16976,74","Castelo Branco"
"2747065395","3190000","157","20318,47","Meia Praia"
"2688577254","2399000","130","18453,85","Meia Praia"
"2758636122","1590000","129","12325,58","Meia Praia"
"2695683800","2550000","130","19615,38","Meia Praia"
"2748438298","2968963","206","14412,44","Meia Praia"
"2767874387","2480000","153","16209,15","Centro"
"2569299029","2300000","157","14649,68","Meia Praia"
"2764630842","1680000","140","12000","Meia Praia"
"2755017805","890000","110","8090,91","Morretes"
"2558703357","795000","139","5719,42",""
"2746804093","2950000","128","23046,88","Meia Praia"
"2764220616","2500000","140","17857,14","Centro"
"2728026767","839928","64","13123,88","Meia Praia"
"2626746491","2900000","120","24166,67","Meia Praia"
"2747200824","3090000","126","24523,81","Meia Praia"
"2653744660","1850000","135","13703,7","Meia Praia"
"2735765330","2350000","182","12912,09","Andorinha"
"2725527841","2768000","180","15377,78","Andorinha"
"2764631585","5000000","208","24038,46","Andorinha"
"2682553739","6888000","337","20439,17","Morretes"
"2769477121","2389710","110","21724,64","Andorinha"
"2767581585","1628288","135","12061,39","Meia Praia"
"2755524996","1475000","80","18437,5","Meia Praia"
"2751942296","798000","55","14509,09","Morretes"
"2753857516","3500000","188","18617,02","Meia Praia"
"2721664593","2001669","125","16013,35","Meia Praia"
"2620599019","1200000","66","18181,82","Morretes"
"2744790836","2200000","127","17322,83","Meia Praia"
"2703381082","4290000","357","12016,81","Meia Praia"
"2765061640","960000","93","10322,58","Meia Praia"
"2747202343","680000","44","15454,55","Morretes"
"2753365520","5997880","190","31567,79","Morretes"
"2743411674","1660000","113","14690,27","Andorinha"
"2760157429","1260000","97","12989,69","Centro"
"2767692333","1260000","82","15365,85","Castelo Branco"
"2760941457","1792000","140","12800","Meia Praia"
"2767583576","1609000","100","16090","Canto da Praia"
"2769150119","4923264","140","35166,17","Meia Praia"
"2638197657","920000","67","13731,34","Morretes"
"2761303935","4600000","210","21904,76",""
"2747203324","898000","67","13402,99","Morretes"
"2764633916","2300000","130","17692,31","Meia Praia"
"2562090437","1182723","149","7937,74","Castelo Branco"
"2656735522","858000","95","9031,58","Andorinha"
"2712955297","937545","66","14205,23","Andorinha"
"2747916791","829000","110","7536,36","Morretes"
"2659554896","950000","60","15833,33",""
"2754165377","1290000","87","14827,59","Meia Praia"
"2747392815","2990000","128","23359,38","Meia Praia"
"2747202340","955514","70","13650,2","Morretes"
"2764858094","3278957","144","22770,53","Canto da Praia"
"2764955521","3230017","144","22430,67","Canto da Praia"
"2673137976","828376","64","12943,38","Morretes"
"2748231412","1833150","118","15535,17","Centro"
"2721541452","1700000","130","13076,92","Meia Praia"
"2699371300","1280000","142","9014,08","Meia Praia"
"2761509531","1800000","115","15652,17","Meia Praia"
"2759327516","896528","65","13792,74","Meia Praia"
"2609061977","3950000","229","17248,91","Meia Praia"
"2746689704","2240000","118","18983,05","Centro"
"2721914371","2708500","240","11285,42","Castelo Branco"
"2761879520","2550000","118","21610,17","Andorinha"
"2728834831","1250000","82","15243,9","Castelo Branco"
"2767583419","1500000","109","13761,47","Castelo Branco"
"2743402563","3100000","164","18902,44","Morretes"
"2753493601","2100000","150","14000","Meia Praia"
"2721491888","2000000","200","10000","Centro"
"2723210019","900000","100","9000","Andorinha"
"2737417913","957000","64","14953,12","Morretes"
"2747920440","2998800","206","14557,28","Centro"
"2534729510","4500000","251","17928,29","Meia Praia"
"2764632376","2300000","174","13218,39","Meia Praia"
"2749352457","1300000","132","9848,48","Meia Praia"
"2740498738","1900000","124","15322,58","Meia Praia"
"2757198543","1911158","135","14156,73","Castelo Branco"
"2748822113","2395000","141","16985,82","Centro"
"2605314308","7500000","260","28846,15","Meia Praia"
"2733401361","1450000","105","13809,52","Meia Praia"
"2753177322","1050000","70","15000","Morretes"
"2733738985","1030000","73","14109,59","Meia Praia"
"2766314815","3977000","165","24103,03","Centro"
"2748823297","4512616","214","21086,99","Meia Praia"
"2766852530","2289800","177","12936,72","Andorinha"
"2661819863","1450000","130","11153,85","Castelo Branco"
"2761385119","1645878","125","13167,02","Centro"
"2759605537","1490000","100","14900","Meia Praia"
"2769147102","2275382","127","17916,39","Andorinha"
"2756184626","2000000","114","17543,86","Meia Praia"
"2733826526","1180000","100","11800","Meia Praia"
"2767584133","1950000","134","14552,24","Morretes"
"2768492121","6000000","300","20000","Meia Praia"
"2661819992","1899000","100","18990","Meia Praia"
"2721543077","5998000","190","31568,42","Meia Praia"
"2764633032","2790000","153","18235,29","Meia Praia"
"2727421052","1734000","138","12565,22","Meia Praia"
"2726255062","3500000","153","22875,82","Meia Praia"
"2672786614","7500000","300","25000","Meia Praia"
"2754166280","950000","78","12179,49","Sertão do Trombudo"
"2704940454","1600000","189","8465,61","Meia Praia"
"2760020133","2147797","169","12708,86","Meia Praia"
"2764630871","2200000","120","18333,33","Andorinha"
"2763586332","1324250","240","5517,71","Andorinha"
"2749229847","4377472","213","20551,51","Meia Praia"
"2760270115","1850000","145","12758,62","Andorinha"
"2766851623","3499800","280","12499,29","Meia Praia"
"2720509034","1900000","100","19000","Meia Praia"
"2712996904","3090000","172","17965,12","Centro"
"2764634014","2700000","117","23076,92","Meia Praia"
"2769724284","620000","90","6888,89","Alto São Bento"
"2764631567","2300000","123","18699,19","Meia Praia"
"2737168229","3200000","239","13389,12","Meia Praia"
"2733344044","2538800","137","18531,39","Meia Praia"
"2769148274","3000000","187","16042,78","Meia Praia"
"2766688642","1700000","118","14406,78","Andorinha"
"2755298603","1149700","120","9580,83","Meia Praia"
"2761880115","2100000","280","7500","Meia Praia"
"2657058862","4786027","160","29912,67","Centro"
"2766854118","4299800","188","22871,28","Meia Praia"
"2747203131","1990000","121","16446,28","Meia Praia"
"2747201024","1990000","138","14420,29","Meia Praia"
"2692766588","4200000","233","18025,75","Meia Praia"
"2674421612","4900000","268","18283,58","Meia Praia"
"2760220853","2870000","192","14947,92","Meia Praia"
"2675654220","1191000","69","17260,87","Morretes"
"2746689529","1737416","135","12869,75","Castelo Branco"
"2760097331","1850000","129","14341,09","Meia Praia"
"2752688541","2330000","120","19416,67","Andorinha"
"2753018608","2590000","140","18500","Meia Praia"
"2760453419","1884860","133","14171,88","Meia Praia"
"2637495541","790000","100","7900","Morretes"
"2747201653","750000","41","18292,68","Morretes"
"2767554716","3100000","128","24218,75","Meia Praia"
"2753631100","2100000","128","16406,25","Meia Praia"
"2691973156","1690000","125","13520","Andorinha"
"2760483456","1850000","133","13909,77","Andorinha"
"2767782119","5099000","198","25752,53","Castelo Branco"
"2558703555","845000","164","5152,44",""
"2604187242","1750000","135","12962,96","Meia Praia"
"2763648645","4650000","350","13285,71","Meia Praia"
"2560637602","829000","65","12753,85","Morretes"
"2744014582","3800000","392","9693,88","Meia Praia"
"2759672023","4350000","150","29000","Centro"
"2732469431","2100000","127","16535,43","Meia Praia"
"2760158019","1850000","129","14341,09","Meia Praia"
"2680798107","1800000","130","13846,15","Centro"
"2760453517","1990000","132","15075,76","Meia Praia"
"2747826525","1550000","100","15500","Meia Praia"
"2753610010","2498800","163","15330,06","Centro"
"2754810318","1250000","130","9615,38","Andorinha"
"2747950982","2300000","132","17424,24","Meia Praia"
"2769471953","2349510","135","17403,78","Meia Praia"
"2754966915","1750000","117","14957,26","Meia Praia"
"2558704161","2909158","218","13344,76",""
"2675653514","1900000","100","19000","Meia Praia"
"2764893832","2750000","109","25229,36",""
"2744014581","1480000","112","13214,29","Meia Praia"
"2767585016","1336539","93","14371,39","Meia Praia"
"2769853821","949240","98","9686,12","Castelo Branco"
"2769842015","1399060","98","14276,12","Meia Praia"
"2740142316","2127659","114","18663,68","Meia Praia"
"2694649675","1900000","318","5974,84","Meia Praia"
"2764633719","2490000","239","10418,41","Meia Praia"
"2759541024","1490000","100","14900","Meia Praia"
"2765096342","800000","70","11428,57","Tabuleiro dos Oliveiras"
"2687497740","2600000","186","13978,49","Meia Praia"
"2763648536","2700000","117","23076,92","Meia Praia"
"2700154602","780000","50","15600","Alto São Bento"
"2743707464","3360000","179","18770,95","Meia Praia"
"2748820948","6672000","183","36459,02","Morretes"
"2721916568","4455000","333","13378,38","Castelo Branco"
"2708171300","1399570","98","14281,33","Castelo Branco"
"2754746753","2395000","113","21194,69","Meia Praia"
"2767583180","2600000","185","14054,05","Centro"
"2736432472","1315000","160","8218,75","Andorinha"
"2740002169","3200000","155","20645,16","Meia Praia"
"2720505572","7500000","260","28846,15","Meia Praia"
"2768463456","2521109","162","15562,4","Meia Praia"
"2752032320","2260000","134","16865,67","Meia Praia"
"2650750168","3500000","257","13618,68","Centro"
"2758879128","2700000","142","19014,08","Meia Praia"
"2764861416","2500000","124","20161,29","Meia Praia"
"2755529219","2690000","161","16708,07","Meia Praia"
"2761664840","1792000","140","12800","Andorinha"
"2747200742","1750000","117","14957,26","Meia Praia"
"2766853017","1880000","127","14803,15","Meia Praia"
"2751827822","2400000","171","14035,09","Castelo Branco"
"2763102128","1726500","135","12788,89","Centro"
"2558703902","1250000","233","5364,81",""
"2751833642","2425000","146","16609,59","Centro"
"2768632230","1900000","120","15833,33","Andorinha"
"2769276337","1398670","210","6660,33","Castelo Branco"
"2740007348","3500000","129","27131,78","Meia Praia"
"2725864400","5280000","300","17600","Meia Praia"
"2735002133","7210000","166","43433,73","Meia Praia"
"2758644937","2748000","163","16858,9","Meia Praia"
"2731497665","1590000","157","10127,39","Castelo Branco"
"2764631766","4000000","200","20000","Andorinha"
"2710301594","4500000","346","13005,78","Meia Praia"
"2764861326","1990000","121","16446,28","Castelo Branco"
"2765549934","4200000","202","20792,08","Meia Praia"
"2726820245","4380000","315","13904,76","Meia Praia"
"2754737539","3980000","217","18341,01","Meia Praia"
"2767581349","1665000","100","16650","Canto da Praia"
"2743370465","935000","62","15080,65","Morretes"
"2768649927","2000000","169","11834,32","Meia Praia"
"2765370622","1079000","70","15414,29","Morretes"
"2766852438","1881800","137","13735,77","Meia Praia"
"2764631274","1690000","100","16900","Meia Praia"
"2560060454","2950000","173","17052,02","Meia Praia"
"2769186364","2799780","180","15554,33","Andorinha"
"2511794796","750000","40","18750","Morretes"
"2611241841","4200000","288","14583,33","Meia Praia"
"2747713250","3200000","131","24427,48","Meia Praia"
"2710904327","829550","70","11850,71",""
"2744014218","1700000","132","12878,79","Meia Praia"
"2747718202","3200000","167","19161,68","Meia Praia"
"2725867134","5200000","300","17333,33","Meia Praia"
"2743726177","1820000","103","17669,9","Castelo Branco"
"2769187327","6537190","169","38681,6","Meia Praia"
"2761406619","2895000","194","14922,68","Centro"
"2766854618","2439800","157","15540,13","Meia Praia"
"2735382016","2400000","128","18750","Meia Praia"
"2729739217","3600000","270","13333,33","Centro"
"2746885796","4500000","240","18750","Meia Praia"
"2761656114","4798000","207","23178,74","Meia Praia"
"2766852441","1699800","115","14780,87","Andorinha"
"2727576299","3600000","206","17475,73","Centro"
"2751675555","3150000","172","18313,95","Centro"
"2767583571","1900000","114","16666,67","Meia Praia"
"2751880800","825000","60","13750","Morretes"
"2745301106","2000000","118","16949,15","Meia Praia"
"2626576480","828377","60","13806,28","Morretes"
"2767582154","1753316","117","14985,61","Meia Praia"
"2751351217","2580000","136","18970,59","Castelo Branco"
"2769182565","2799020","163","17171,9","Meia Praia"
"2761880114","1166862","65","17951,72","Morretes"
"2747201032","4000000","190","21052,63","Meia Praia"
"2765063796","4600000","254","18110,24","Centro"
"2756565123","3200000","218","14678,9","Meia Praia"
"2595284456","2710000","156","17371,79","Meia Praia"
"2752081594","1149530","66","17417,12","Morretes"
"2766851923","1899800","140","13570","Meia Praia"
"2569457707","2099200","250","8396,8","Andorinha"
"2766855324","4199800","172","24417,44","Centro"
"2740921461","945135","70","13501,93","Morretes"
"2754662700","1198340","70","17119,14","Morretes"
"2766852240","2019800","160","12623,75","Meia Praia"
"2721385658","1716000","104","16500","Meia Praia"
"2767584328","1817648","125","14541,18","Castelo Branco"
"2747202349","3600000","132","27272,73","Meia Praia"
"2760744332","1999650","123","16257,32","Meia Praia"
"2746885196","3800000","310","12258,06","Centro"
"2755523130","6000000","197","30456,85","Meia Praia"
"2765514421","1550000","85","18235,29","Meia Praia"
"2738009921","2990000","128","23359,38","Meia Praia"
"2738790634","2000000","202","9900,99","Andorinha"
"2747343602","2190000","121","18099,17","Andorinha"
"2754458927","2390000","172","13895,35","Centro"
"2560637609","808000","68","11882,35","Morretes"
"2763245814","3790000","180","21055,56","Meia Praia"
"2747200635","2260000","134","16865,67","Meia Praia"
"2764952595","2300000","260","8846,15","Meia Praia"
"2547917065","3500000","287","12195,12","Meia Praia"
"2728738277","2748800","184","14939,13","Centro"
"2662069255","1500000","84","17857,14","Meia Praia"
"2765062999","9710000","180","53944,44","Meia Praia"
"2766854625","2699000","190","14205,26","Centro"
"2750122360","2900000","170","17058,82","Centro"
"2572917544","5736000","229","25048,03","Centro"
"2635064576","1600000","85","18823,53","Centro"
"2754968105","1950000","132","14772,73","Meia Praia"
"2740007921","4498000","123","36569,11","Meia Praia"
"2729223851","1320000","135","9777,78","Meia Praia"
"2766855219","1750800","121","14469,42","Centro"
"2734713592","944362","65","14528,65","Meia Praia"
"2702437377","1598830","125","12790,64","Castelo Branco"
"2758373960","1750000","117","14957,26","Centro"
"2764399768","1499890","122","12294,18","Meia Praia"
"2764633024","4800000","270","17777,78","Meia Praia"
"2767584136","1900000","126","15079,37","Andorinha"
"2760158220","2399000","129","18596,9","Meia Praia"
"2714719142","2500000","145","17241,38","Meia Praia"
"2753757926","850000","79","10759,49","Meia Praia"
"2764402634","1905630","105","18148,86","Meia Praia"
"2757820519","1650000","100","16500","Meia Praia"
"2754761527","5997000","343","17483,97","Meia Praia"
"2703181573","1280000","71","18028,17","Morretes"
"2670818242","2498800","164","15236,59","Centro"
"2749233293","2898000","135","21466,67","Meia Praia"
"2723211736","1700000","109","15596,33","Meia Praia"
"2740920297","829035","70","11843,36","Morretes"
"2679099095","2900000","195","14871,79","Meia Praia"
"2766854122","2224800","125","17798,4","Centro"
"2562712300","994000","62","16032,26","Morretes"
"2764633151","1950000","118","16525,42","Meia Praia"
"2764860424","2900000","173","16763,01","Centro"
"2767584141","6101328","183","33340,59","Morretes"
"2760418936","1650000","200","8250","Andorinha"
"2636114377","2800000","300","9333,33","Andorinha"
"2744007773","1999000","149","13416,11","Centro"
"2755390863","2990000","175","17085,71","Meia Praia"
"2759881814","1990000","116","17155,17","Castelo Branco"
"2764632753","6000000","196","30612,24","Meia Praia"
"2769148278","1990000","130","15307,69","Centro"
"2755299194","1949310","118","16519,58","Andorinha"
"2743507120","1950000","128","15234,38","Meia Praia"
"2537482617","2950000","182","16208,79","Meia Praia"
"2747229371","997000","95","10494,74","Meia Praia"
"2504826509","2954101","182","16231,32","Meia Praia"
"2738848822","2450000","153","16013,07","Meia Praia"
"2758656528","1200000","84","14285,71","Meia Praia"
"2758217715","7800000","200","39000","Centro"
"2731627816","850000","60","14166,67","Morretes"
"2763410125","1700000","110","15454,55","Andorinha"
"2666979403","4700000","274","17153,28","Castelo Branco"
"2560637239","806000","70","11514,29","Morretes"
"2764895120","820000","61","13442,62","Morretes"
"2740008615","2260000","134","16865,67","Meia Praia"
"2764632959","1700000","126","13492,06","Meia Praia"
"2766852015","1489800","114","13068,42","Andorinha"
"2728963098","1640000","117","14017,09","Centro"
"2591924239","7000000","334","20958,08","Meia Praia"
"2686417510","3500000","287","12195,12","Meia Praia"
"2754254765","1100000","155","7096,77","Meia Praia"
"2753495952","1549870","123","12600,57","Meia Praia"
"2758653130","1590000","129","12325,58","Meia Praia"
"2754459833","2998000","132","22712,12","Centro"
"2764859345","2988990","206","14509,66","Meia Praia"
"2740008514","2100000","128","16406,25","Andorinha"
"2692282536","1908000","147","12979,59","Meia Praia"
"2767583331","2557183","153","16713,61","Centro"
"2723210393","2400000","135","17777,78","Meia Praia"
"2760138827","1900000","128","14843,75","Meia Praia"
"2739740521","7008999","181","38723,75","Meia Praia"
"2738889669","1699000","120","14158,33","Meia Praia"
"2639321658","1800000","123","14634,15","Meia Praia"
"2749466195","2400000","140","17142,86","Meia Praia"
"2752960643","800000","69","11594,2","Morretes"
"2741498464","5000000","209","23923,44","Meia Praia"
"2738894941","1620000","130","12461,54","Meia Praia"
"2767581594","8465000","229","36965,07","Centro"
"2764786648","1149590","109","10546,7","Andorinha"
"2761506947","4700000","300","15666,67","Meia Praia"
"2764630939","2490000","188","13244,68","Meia Praia"
"2769180490","2299820","129","17828,06","Andorinha"
"2764632231","1950000","123","15853,66","Meia Praia"
"2759051821","1499280","113","13267,96","Andorinha"
"2715829001","1600000","103","15533,98","Meia Praia"
"2747902892","4798558","147","32643,25","Morretes"
"2744184761","3660000","219","16712,33","Centro"
"2653828355","3475000","179","19413,41","Meia Praia"
"2764631734","3800000","180","21111,11","Meia Praia"
"2766852027","2097800","203","10333,99","Castelo Branco"
"2743410769","2100000","140","15000","Centro"
"2761579515","6229000","262","23774,81","Meia Praia"
"2737790127","800000","70","11428,57","Tabuleiro dos Oliveiras"
"2754169028","699000","54","12944,44","Tabuleiro"
"2688579817","1259000","114","11043,86","Meia Praia"
"2682555962","3570000","238","15000","Centro"
"2754734845","2790000","143","19510,49","Meia Praia"
"2744012701","2200000","133","16541,35","Meia Praia"
"2706425794","5500000","301","18272,43","Meia Praia"
"2732342157","877000","70","12528,57","Andorinha"
"2736915735","800000","70","11428,57","Morretes"
"2754472405","1050000","69","15217,39","Morretes"
"2765615373","1860000","128","14531,25","Meia Praia"
"2754539634","4499000","300","14996,67","Centro"
"2764952049","2500000","127","19685,04","Centro"
"2742329469","2150000","192","11197,92","Castelo Branco"
"2764858091","4940000","268","18432,84","Meia Praia"
"2764955618","2581704","159","16237,13","Andorinha"
"2765831321","2199310","128","17182,11","Meia Praia"
"2752440215","2550000","130","19615,38","Centro"
"2748822725","2798800","185","15128,65","Andorinha"
"2763648541","900000","64","14062,5","Tabuleiro dos Oliveiras"
"2756132656","9709540","180","53941,89","Meia Praia"
"2721914372","2765000","240","11520,83","Castelo Branco"
"2684778889","853836","69","12374,43","Morretes"
"2766303801","1852127","125","14817,02","Centro"
"2734654622","1900000","128","14843,75",""
"2658963606","7627000","229","33305,68","Centro"
"2740139955","2800000","142","19718,31","Castelo Branco"
"2660496804","2199000","145","15165,52","Castelo Branco"
"2767581901","2420000","163","14846,63","Andorinha"
"2764220813","2600000","135","19259,26","Andorinha"
"2764632226","3200000","122","26229,51","Meia Praia"
"2660499259","1100000","114","9649,12","Meia Praia"
"2769182699","1699210","118","14400,08","Andorinha"
"2769853203","798750","164","4870,43","Morretes"
"2769187030","1689630","130","12997,15","Meia Praia"
"2767584323","8491000","229","37078,6","Centro"
"2746689793","2046450","130","15741,92","Meia Praia"
"2767581577","4490000","300","14966,67","Meia Praia"
"2737767357","2170000","129","16821,71","Meia Praia"
"2718921439","4698800","280","16781,43","Morretes"
"2764632145","2420000","123","19674,8","Castelo Branco"
"2766280214","2970000","182","16318,68","Meia Praia"
"2761579325","5353950","165","32448,18","Centro"
"2769183092","1479600","110","13450,91","Andorinha"
"2726250773","1800000","100","18000","Meia Praia"
"2739737151","2500000","176","14204,55","Andorinha"
"2751857113","2599140","160","16244,62","Andorinha"
"2712551720","2450000","153","16013,07","Meia Praia"
"2764857981","4843960","262","18488,4","Centro"
"2752672326","2890000","142","20352,11","Centro"
"2636331857","807717","57","14170,47","Morretes"
"2764631235","2450000","138","17753,62","Centro"
"2753628242","1900000","124","15322,58","Meia Praia"
"2764952599","3175496","160","19846,85","Andorinha"
"2756064543","814000","73","11150,68","Morretes"
"2560060462","3850000","187","20588,24","Meia Praia"
"2739740515","3500000","200","17500","Meia Praia"
"2753062842","3500000","188","18617,02","Meia Praia"
"2764635237","2800000","180","15555,56","Meia Praia"
"2748247315","7100000","240","29583,33","Meia Praia"
"2727848741","1200000","229","5240,17","Andorinha"
"2731290733","2540000","138","18405,8","Meia Praia"
"2764632437","3790000","179","21173,18","Meia Praia"
"2626580008","1250000","126","9920,63","Meia Praia"
"2764858964","2822663","160","17641,64","Andorinha"
"2759539549","4350000","150","29000","Centro"
"2692110090","2990000","128","23359,38","Meia Praia"
"2764630762","2800000","160","17500","Meia Praia"
"2738745232","1550000","118","13135,59","Andorinha"
"2721915528","859000","64","13421,88","Jardim Praia Mar"
"2755525509","1157130","65","17802","Morretes"
"2764633138","2300000","150","15333,33","Meia Praia"
"2712503353","2695000","138","19528,99","Centro"
"2719465572","9800000","180","54444,44","Meia Praia"
"2691351213","5875000","163","36042,94","Morretes"
"2722704598","7888000","166","47518,07","Meia Praia"
"2759066119","2700000","142","19014,08","Meia Praia"
"2736972459","1660000","135","12296,3","Centro"
"2743079964","1225000","87","14080,46","Canto da Praia"
"2655797193","1650000","145","11379,31","Meia Praia"
"2745703607","3500000","164","21341,46","Meia Praia"
"2752080502","2299510","130","17688,54","Meia Praia"
"2764632352","5250000","140","37500","Meia Praia"
"2754807595","3190000","136","23455,88","Meia Praia"
"2763649732","3800000","196","19387,76","Meia Praia"
"2744946433","1750000","122","14344,26","Castelo Branco"
"2746689712","2046450","130","15741,92","Meia Praia"
"2719555541","1935000","150","12900","Centro"
"2755107504","850000","72","11805,56","Andorinha"
"2747716305","1450000","141","10283,69","Meia Praia"
"2744014587","2499000","123","20317,07","Meia Praia"
"2769187492","4329790","222","19503,56","Meia praia"
"2752999947","1180000","70","16857,14","Morretes"
"2726961948","2480000","190","13052,63","Meia Praia"
"2757731047","1199390","92","13036,85","Meia Praia"
"2764861513","2349900","233","10085,41","Canto da Praia"
"2747202723","2150000","127","16929,13","Meia Praia"
"2753187698","1790000","131","13664,12","Meia Praia"
"2761175828","2600000","145","17931,03","Meia Praia"
"2769474226","2349450","233","10083,48","Canto da Praia"
"2769177074","2409440","112","21512,86","Andorinha"
"2754190911","2868800","186","15423,66","Andorinha"
"2746744110","3900000","152","25657,89","Meia Praia"
"2764975672","3980000","216","18425,93","Meia Praia"
"2751872599","1990000","138","14420,29","Andorinha"
"2752622017","1690000","116","14568,97","Canto da Praia"
"2767583720","2990000","174","17183,91","Castelo Branco"
"2740006706","1900000","128","14843,75","Meia Praia"
"2750473071","2390000","113","21150,44","Meia Praia"
"2769186821","2599790","1875","1386,55","Casa Branca"
"2764860536","2900000","124","23387,1","Meia Praia"
"2751167975","850000","110","7727,27","Meia Praia"
"2743692960","1680000","127","13228,35",""
"2744791972","1400000","101","13861,39","Meia Praia"
"2754166028","849000","65","13061,54","Sertão do Trombudo"
"2769472780","2289200","130","17609,23","Centro"
"2760453615","1990000","131","15190,84","Centro"
"2761579521","949000","67","14164,18","Morretes"
"2685762733","7588000","261","29072,8","Meia Praia"
"2710363135","7680000","325","23630,77","Centro"
"2766852720","1850000","134","13805,97","Meia Praia"
"2756173726","3200000","121","26446,28","Meia Praia"
"2766578720","3100000","128","24218,75",""
"2760453620","1850000","132","14015,15","Meia Praia"
"2764631503","3800000","151","25165,56","Morretes"
"2722258734","2800000","144","19444,44","Andorinha"
"2735381225","1400000","120","11666,67","Meia Praia"
"2764633068","1890832","105","18007,92","Meia Praia"
"2752690316","1680000","105","16000","Meia Praia"
"2747203801","1890000","149","12684,56","Centro"
"2609062485","5300000","145","36551,72","Centro"
"2737417817","828000","62","13354,84","Morretes"
"2753364713","1609100","190","8468,95","Andorinha"
"2764750464","1960000","120","16333,33","Meia Praia"
"2747203010","830000","67","12388,06","Morretes"
"2744014585","3100000","161","19254,66","Meia Praia"
"2760453616","1890000","133","14210,53","Meia Praia"
"2747718698","2200000","134","16417,91","Meia Praia"
"2759604639","4350000","150","29000","Centro"
"2681270499","1400000","112","12500","Meia Praia"
"2758953520","2700000","142","19014,08","Meia Praia"
"2762834032","850000","68","12500","Morretes"
"2658177537","3189670","160","19935,44","Centro"
"2747203312","3475000","179","19413,41","Meia Praia"
"2753631101","2200000","170","12941,18","Meia Praia"
"2749229844","2600000","185","14054,05","Centro"
"2769186944","1685010","120","14041,75","Castelo Branco"
"2769149722","3750000","142","26408,45","Meia Praia"
"2754169326","1850000","130","14230,77","Castelo Branco"
"2721918733","2550000","240","10625","Castelo Branco"
"2764861514","3303437","141","23428,63","Canto da Praia"
"2767282526","3489470","170","20526,29","Centro"
"2767582362","1750000","126","13888,89","Andorinha"
"2723211739","7800000","181","43093,92","Meia Praia"
"2767581644","2438000","158","15430,38","Meia Praia"
"2760094101","2870000","192","14947,92","Meia Praia"
"2764895318","1930000","123","15691,06","Castelo Branco"
"2759673332","1490000","100","14900","Meia Praia"
"2766830624","4600000","180","25555,56","Castelo Branco"
"2740240604","1990000","116","17155,17","Castelo Branco"
"2754739394","2250000","131","17175,57","Meia Praia"
"2744015473","8993000","180","49961,11","Meia Praia"
"2560056551","1580100","126","12540,48","Meia Praia"
"2763101628","3500000","190","18421,05","Meia Praia"
"2745247998","1030000","73","14109,59","Meia Praia"
"2616278698","1000000","70","14285,71","Morretes"
"2691079918","790000","95","8315,79","Morretes"
"2753537271","1690000","136","12426,47","Centro"
"2630668686","1000000","116","8620,69","Andorinha"
"2748437998","1735397","135","12854,79","Meia Praia"
"2765064366","1684000","105","16038,1","Meia Praia"
"2751294994","947000","40","23675","Meia Praia"
"2744005552","4490000","187","24010,7","Andorinha"
"2769278714","4489850","300","14966,17","Andorinha"
"2764632189","2478000","236","10500","Meia Praia"
"2765087752","2200000","132","16666,67","Castelo Branco"
"2767584527","4956000","297","16686,87","Castelo Branco"
"2742890665","2100000","126","16666,67","Meia Praia"
"2752691208","3100000","156","19871,79","Morretes"
"2753257900","850000","68","12500","Morretes"
"2698417242","700000","56","12500","Morretes"
"2769187133","1528077","105","14553,11","Meia Praia"
"2764979817","1850000","129","14341,09","Meia Praia"
"2744015762","850000","70","12142,86","Alto São Bento"
"2747918614","1750000","117","14957,26","Meia Praia"
"2764860327","1828000","123","14861,79","Meia Praia"
"2765785845","2780000","160","17375","Andorinha"
"2761592262","3495000","179","19525,14","Centro"
"2744598407","3700000","156","23717,95","Meia Praia"
"2650750167","1700000","139","12230,22","Meia Praia"
"2749327198","4517000","183","24683,06","Morretes"
"2764633844","2995000","142","21091,55","Meia Praia"
"2764632877","2500000","127","19685,04","Andorinha"
"2754703999","3000000","140","21428,57","Centro"
"2691074261","1200000","141","8510,64","Meia Praia"
"2721668977","2324350","160","14527,19","Meia Praia"
"2764630850","2758050","111","24847,3","Centro"
"2764633141","2998000","131","22885,5","Centro"
"2764633338","2100000","120","17500","Meia Praia"
"2767582920","1050000","110","9545,45","Centro"
"2769181221","1597880","95","16819,79","Castelo Branco"
"2743253324","1400000","123","11382,11","Centro"
"2764632188","2000000","115","17391,3","Meia Praia"
"2759256553","1277000","96","13302,08","Meia Praia"
"2748547350","1799000","100","17990","Meia Praia"
"2560636970","797000","70","11385,71","Morretes"
"2732165220","1500000","135","11111,11","Centro"
"2766855816","771800","70","11025,71","Morretes"
"2750157309","920000","110","8363,64","Meia Praia"
"2760222331","860000","70","12285,71","Meia Praia"
"2748821449","2698800","163","16557,06","Centro"
"2661820192","1900000","127","14960,63",""
"2758636417","2600000","146","17808,22","Meia Praia"
"2748742293","1050000","110","9545,45","Meia Praia"
"2747203138","2790000","142","19647,89","Meia Praia"
"2753365812","1599580","105","15234,1","Castelo Branco"
"2754171399","1680000","123","13658,54","Meia Praia"
"2764631700","6000000","350","17142,86","Andorinha"
"2749657731","1874135","142","13198,13","Centro"
"2764953333","1200000","85","14117,65","Meia Praia"
"2760934515","1430000","118","12118,64","Meia Praia"
"2763091314","750000","40","18750","Morretes"
"2725685040","2398000","135","17762,96","Meia Praia"
"2751170297","2099000","140","14992,86","Meia Praia"
"2736927937","2065000","100","20650","Centro"
"2754578117","7210000","166","43433,73","Andorinha"
"2767581350","1990000","121","16446,28","Andorinha"
"2763648646","1300000","110","11818,18","Meia Praia"
"2737767452","3000000","129","23255,81","Centro"
"2690610050","1480000","112","13214,29","Meia Praia"
"2766852219","2348800","164","14321,95","Meia Praia"
"2743410766","2000000","146","13698,63","Meia Praia"
"2737232059","7600000","300","25333,33","Meia Praia"
"2764634328","1900000","115","16521,74","Meia Praia"
"2753756912","2250000","127","17716,54","Castelo Branco"
"2560060280","833848","70","11912,11","Morretes"
"2764630669","899000","1594","563,99","Centro"
"2747717905","6538000","169","38686,39","Meia Praia"
"2763105731","4940000","268","18432,84","Meia Praia"
"2754764096","2748000","163","16858,9","Meia Praia"
"2744941691","2800000","140","20000","Centro"
"2744009369","3200000","179","17877,09","Meia Praia"
"2764632234","6900000","331","20845,92","Meia Praia"
"2750496106","1850000","126","14682,54","Castelo Branco"
"2759881716","683000","56","12196,43","Sertão do Trombudo"
"2757306732","1791760","140","12798,29","Meia Praia"
"2747097709","3990000","182","21923,08","Meia Praia"
"2759711316","1949030","105","18562,19","Centro"
"2757764823","1250000","98","12755,1","Meia Praia"
"2766850722","2490000","137","18175,18","Meia Praia"
"2768646648","6950000","200","34750","Centro"
"2752688542","849000","64","13265,62","Sertão do Trombudo"
"2712552602","900000","60","15000","Morretes"
"2754964569","2800000","160","17500","Meia Praia"
"2754760100","868000","59","14711,86","Morretes"
"2766852313","1989800","150","13265,33","Meia Praia"
"2765118555","1800000","103","17475,73","Meia Praia"
"2644975012","2000000","365","5479,45","Morretes"
"2510658785","2100000","73","28767,12",""
"2558703972","1151016","248","4641,19",""
"2450381095","3990000","174","22931,03","Castelo Branco"
"2754701936","1900000","124","15322,58","Meia Praia"
"2747916947","1790000","110","16272,73","Meia Praia"
"2661819870","3499900","280","12499,64","Meia Praia"
"2738007852","2200000","129","17054,26","Meia Praia"
"2725553235","2000000","100","20000","Centro"
"2763090917","1790000","110","16272,73","Andorinha"
"2672320710","1700000","140","12142,86","Meia Praia"
"2769186372","1579480","112","14102,5","Andorinha"
"2727331660","4591000","180","25505,56","Meia Praia"
"2752690430","4900000","200","24500","Centro"
"2736133040","1960000","122","16065,57","Meia Praia"
"2753061091","2330000","120","19416,67","Meia Praia"
"2766854022","3026800","163","18569,33","Meia Praia"
"2758880820","1650000","101","16336,63","Meia Praia"
"2766854614","2198800","163","13489,57","Centro"
"2768634230","1250000","98","12755,1","Meia Praia"
"2769538113","2500000","188","13297,87","Meia Praia"
"2744959494","1198000","95","12610,53","Castelo Branco"
"2767584028","6158564","240","25660,68","Meia Praia"
"2769409521","2650000","140","18928,57","Centro"
"2604538475","1749999","134","13059,69","Meia Praia"
"2747203004","839000","58","14465,52","Morretes"
"2746689710","2623950","140","18742,5","Andorinha"
"2752767694","4500000","212","21226,42","Meia Praia"
"2757731342","3689060","260","14188,69","Meia Praia"
"2766854819","4279184","180","23773,24","Centro"
"2766854318","2398000","138","17376,81","Meia Praia"
"2749415695","1799230","120","14993,58","Andorinha"
"2767582368","1860000","126","14761,9","Andorinha"
"2767582649","2350000","135","17407,41","Meia Praia"
"2609062174","4900000","297","16498,32","Meia Praia"
"2764182530","2500000","132","18939,39","Andorinha"
"2766851717","2303800","183","12589,07","Meia Praia"
"2595098840","1740000","113","15398,23","Centro"
"2725865569","2349900","233","10085,41","Canto da Praia"
"2767583060","1820000","103","17669,9","Meia Praia"
"2765064431","2100000","170","12352,94","Meia Praia"
"2766855820","1650000","135","12222,22","Meia Praia"
"2758313118","1750000","117","14957,26","Centro"
"2752780099","4200000","190","22105,26","Meia Praia"
"2754578121","9998000","180","55544,44","Castelo Branco"
"2769184191","749780","53","14146,79","Tabuleiro dos Oliveiras"
"2743411675","2490000","140","17785,71","Meia Praia"
"2766852126","3032800","129","23510,08","Meia Praia"
"2759539837","4250000","180","23611,11","Centro"
"2699374073","3307500","212","15601,42","Meia Praia"
"2747202324","7992000","190","42063,16","Morretes"
"2764630846","1700000","114","14912,28","Andorinha"
"2764631857","1200000","70","17142,86","Morretes"
"2764632378","1200000","92","13043,48","Meia Praia"
"2764894920","7500000","237","31645,57","Centro"
"2767581975","2183000","119","18344,54","Centro"
"2763099747","4462945","213","20952,79","Meia Praia"
"2766852117","1863729","130","14336,38","Andorinha"
"2764634728","1900000","128","14843,75","Meia Praia"
"2661819273","2130000","370","5756,76","Meia Praia"
"2757201415","1737416","135","12869,75","Castelo Branco"
"2730624646","1200000","42","28571,43","Centro"
"2753354293","4600000","280","16428,57","Andorinha"
"2764631730","2700000","141","19148,94","Meia Praia"
"2644030574","1959000","99","19787,88","Meia Praia"
"2626577117","850000","40","21250","Meia Praia"
"2742888186","2700000","173","15606,94","Centro"
"2761812829","825000","54","15277,78","Tabuleiro dos Oliveiras"
"2769184254","849730","60","14162,17","Morretes"
"2769188945","2835500","187","15163,1","Andorinha"
"2738794351","1550000","120","12916,67","Andorinha"
"2766852333","2489800","127","19604,72","Meia Praia"
"2769188589","4599320","274","16785,84","Castelo Branco"
"2743710496","3000000","200","15000","Centro"
"2758295346","1750000","117","14957,26","Centro"
"2760096338","2399000","129","18596,9","Meia Praia"
"2759514222","5500000","165","33333,33","Morretes"
"2753500206","2499880","200","12499,4","Andorinha"
"2747203498","2500000","152","16447,37","Meia Praia"
"2692701058","4699000","165","28478,79","Centro"
"2754744775","9753104","254","38398,05","Meia Praia"
"2764635025","920000","62","14838,71","Morretes"
"2766855124","2103380","135","15580,59","Meia Praia"
"2661820462","1500000","127","11811,02","Meia Praia"
"2764857245","1785000","123","14512,2","Meia Praia"
"2733289825","4709453","148","31820,63","Meia Praia"
"2744015189","1700000","118","14406,78","Castelo Branco"
"2747720708","4849800","189","25660,32","Centro"
"2754427802","900000","62","14516,13","Morretes"
"2769185377","1579650","106","14902,36","Castelo Branco"
"2740007346","2600000","129","20155,04","Meia Praia"
"2752784594","3500000","188","18617,02","Castelo Branco"
"2729769313","2500000","300","8333,33","Morretes"
"2765062372","1740000","113","15398,23","Andorinha"
"2747203696","870000","63","13809,52","Morretes"
"2760934141","4900000","212","23113,21","Meia Praia"
"2741683972","1495000","149","10033,56","Meia Praia"
"2720076525","2350000","135","17407,41","Meia Praia"
"2747202729","898000","67","13402,99","Morretes"
"2764951003","7900000","236","33474,58","Morretes"
"2760097417","2297600","118","19471,19","Meia Praia"
"2754703311","3800000","175","21714,29","Meia Praia"
"2764979713","6500000","140","46428,57","Meia Praia"
"2764671540","1790000","125","14320","Meia Praia"
"2766851321","2099800","174","12067,82","Castelo Branco"
"2743161392","3600000","131","27480,92","Meia Praia"
"2760220034","2399000","129","18596,9","Meia Praia"
"2750946221","5996550","344","17431,83","Meia Praia"
"2764954573","1913000","81","23617,28","Meia Praia"
"2742641170","3980000","216","18425,93","Meia Praia"
"2717034934","2151000","142","15147,89","Meia Praia"
"2735637222","2990000","191","15654,45","Centro"
"2751855819","2789200","136","20508,82","Centro"
"2750094817","1690000","218","7752,29","Meia Praia"
"2750186803","1950000","131","14885,5","Andorinha"
"2769181325","4349440","188","23135,32","Meia Praia"
"2769476140","1762322","142","12410,72","Meia Praia"
"2676679928","4132000","236","17508,47","Centro"
"2558703391","1950000","230","8478,26",""
"2763240418","7100000","181","39226,52","Meia Praia"
"2766853619","1899800","150","12665,33","Meia Praia"
"2681626998","1400000","168","8333,33","Meia Praia"
"2767581885","1900000","126","15079,37","Andorinha"
"2769514828","900000","75","12000","Centro"
"2750758637","2650000","128","20703,12","Meia Praia"
"2723185638","1850000","128","14453,12","Meia Praia"
"2722904680","5000000","208","24038,46","Andorinha"
"2760452028","1970000","272","7242,65","Castelo Branco"
"2741752058","1700000","113","15044,25","Andorinha"
"2744006722","1900000","131","14503,82","Andorinha"
"2752618526","1790000","116","15431,03","Andorinha"
"2646970975","1850000","1490","1241,61","Centro"
"2759671135","4250000","180","23611,11","Centro"
"2767582547","6830000","157","43503,18","Meia Praia"
"2759826588","2690000","167","16107,78","Meia Praia"
"2746697419","2398000","135","17762,96","Meia Praia"
"2744009672","5319306","183","29067,25","Centro"
"2746743040","3550000","125","28400","Meia Praia"
"2751474912","1490000","102","14607,84","Meia Praia"
"2760188818","2090000","133","15714,29","Meia Praia"
"2746191409","2800000","202","13861,39","Meia Praia"
"2766854219","1799800","132","13634,85","Castelo Branco"
"2747718601","3500000","182","19230,77","Meia Praia"
"2768679428","3100000","160","19375","Meia Praia"
"2727832118","2800000","243","11522,63","Canto da Praia"
"2760155927","2297600","118","19471,19","Meia Praia"
"2760220857","2297600","118","19471,19","Meia Praia"
"2764895314","950000","69","13768,12","Tabuleiro dos Oliveiras"
"2762332018","828801","65","12750,78","Tabuleiro dos Oliveiras"
"2560056885","7789000","229","34013,1","Centro"
"2766291831","3800000","140","27142,86","Meia Praia"
"2744014213","1600000","87","18390,8","Centro"
"2756708915","2600000","145","17931,03","Meia Praia"
"2700337401","4100900","263","15592,78","Meia Praia"
"2701413073","3560000","179","19888,27","Meia Praia"
"2748550206","2650000","128","20703,12","Centro"
"2666979701","1900000","100","19000","Meia Praia"
"2767582397","1990000","164","12134,15","Andorinha"
"2752964399","980000","70","14000","Morretes"
"2544886980","3988800","183","21796,72","Meia Praia"
"2766855215","4899800","180","27221,11","Meia Praia"
"2769183355","1389640","78","17815,9","Meia Praia"
"2736636173","850000","63","13492,06","Andorinha"
"2743411673","2199000","142","15485,92","Meia Praia"
"2751571811","2200000","127","17322,83","Centro"
"2753767800","2998800","180","16660","Centro"
"2747956431","2100000","280","7500","Meia Praia"
"2767581351","3295000","191","17251,31","Morretes"
"2763092614","7800000","200","39000","Centro"
"2743411592","2457139","169","14539,28","Andorinha"
"2759672215","1100000","70","15714,29","Centro"
"2768633130","1520000","88","17272,73","Canto da Praia"
"2758482772","1499380","163","9198,65","Andorinha"
"2753628241","1950000","117","16666,67","Castelo Branco"
"2751613039","1199630","92","13039,46","Castelo Branco"
"2761278330","949000","67","14164,18","Morretes"
"2767582652","2870000","126","22777,78","Meia Praia"
"2748326797","830000","69","12028,99","Tabuleiro dos Oliveiras"
"2757747950","2100000","124","16935,48","Meia Praia"
"2765064144","2950000","231","12770,56","Meia Praia"
"2744015188","1700000","142","11971,83","Meia Praia"
"2609060610","7500000","260","28846,15","Meia Praia"
"2756227870","1377200","78","17656,41","Meia Praia"
"2746715702","2250000","130","17307,69","Meia Praia"
"2640053804","1800000","120","15000","Andorinha"
"2764858090","1700000","124","13709,68","Meia Praia"
"2766851823","1939948","130","14922,68","Meia Praia"
"2737166352","840000","60","14000","Jardim Praia Mar"
"2769150019","2520000","136","18529,41","Centro"
"2662731362","2500000","130","19230,77","Meia Praia"
"2686311979","4500000","280","16071,43","Meia Praia"
"2765682629","3484000","139","25064,75",""
"2739740715","2850000","140","20357,14","Centro"
"2759881528","5500000","165","33333,33","Estreito"
"2763649236","960000","70","13714,29","Morretes"
"2704547260","1080000","120","9000","Andorinha"
"2695973778","1300000","142","9154,93","Meia Praia"
"2715697620","2550000","169","15088,76","Andorinha"
"2763303116","2769000","173","16005,78","Meia Praia"
"2749593666","3500000","280","12500","Meia Praia"
"2747203311","2350000","135","17407,41","Meia Praia"
"2759539552","1100000","70","15714,29","Centro"
"2748110625","3200000","222","14414,41","Castelo Branco"
"2760268426","1250000","196","6377,55","Castelo Branco"
"2758295123","4380000","315","13904,76","Centro"
"2758371857","4380000","315","13904,76","Centro"
"2747201939","4000000","129","31007,75","Meia Praia"
"2748550207","2350000","128","18359,38","Centro"
"2766852531","2397800","220","10899,09","Meia Praia"
"2766852113","2121000","124","17104,84","Meia Praia"
"2764632166","2000000","123","16260,16","Meia Praia"
"2756210960","6900000","331","20845,92","Meia Praia"
"2729032524","898000","68","13205,88","Morretes"
"2747202325","1790000","110","16272,73","Meia Praia"
"2711435594","1250000","208","6009,62","Morretes"
"2720509035","1380000","191","7225,13","Andorinha"
"2764727178","2150000","130","16538,46","Meia Praia"
"2761509424","1559471","165","9451,34","Meia Praia"
"2754458929","2498800","172","14527,91","Centro"
"2764631060","1570000","140","11214,29","Meia Praia"
"2760418937","2799000","239","11711,3","Centro"
"2760743862","1199290","86","13945,23","Andorinha"
"2756708821","1850000","112","16517,86","Meia Praia"
"2766855021","2630000","190","13842,11","Meia Praia"
"2765064372","3000000","188","15957,45","Meia Praia"
"2755057707","929000","103","9019,42","Meia Praia"
"2760420215","2995000","133","22518,8","Centro"
"2621523649","2790000","143","19510,49","Meia Praia"
"2760267735","1200000","80","15000","Andorinha"
"2766847919","3500000","190","18421,05","Meia Praia"
"2746885106","8500000","353","24079,32","Centro"
"2747848612","1480000","113","13097,35","Meia Praia"
"2744015662","2500000","190","13157,89","Meia Praia"
"2766329522","2700000","127","21259,84","Meia Praia"
"2759605149","4250000","180","23611,11","Centro"
"2763649240","2300000","124","18548,39","Meia Praia"
"2748820944","5007000","144","34770,83","Centro"
"2767584329","2004112","116","17276,83","Meia Praia"
"2764634117","3000000","245","12244,9","Centro"
"2759765827","1800000","130","13846,15","Centro"
"2748823098","3495000","169","20680,47","Centro"
"2760157817","2750000","274","10036,5","Meia Praia"
"2760224115","2750000","274","10036,5","Meia Praia"
"2766852220","1329800","125","10638,4","Andorinha"
"2743412360","6652185","183","36350,74","Morretes"
"2764631677","1300000","74","17567,57","Meia Praia"
"2741719846","2450000","140","17500","Centro"
"2766852213","3799800","209","18180,86","Andorinha"
"2723106936","850000","40","21250","Meia Praia"
"2765060478","1990000","123","16178,86","Castelo Branco"
"2766855316","2497800","174","14355,17","Castelo Branco"
"2758313016","4380000","315","13904,76","Centro"
"2723210699","1716000","100","17160","Meia Praia"
"2748822998","839000","64","13109,38","Jardim Praia Mar"
"2741555366","2299000","128","17960,94","Meia Praia"
"2733742814","2000000","145","13793,1","Andorinha"
"2766853423","3200000","203","15763,55","Andorinha"
"2743992463","2580000","125","20640","Itapema"
"2730793750","860000","60","14333,33","Morretes"
"2763256257","2490000","137","18175,18","Meia Praia"
"2769538115","2400000","260","9230,77","Meia Praia"
"2752796226","4700000","250","18800","Meia Praia"
"2764630872","4000000","180","22222,22","Meia Praia"
"2753270112","4244899","183","23196,17","Meia Praia"
"2726122636","2598800","185","14047,57","Andorinha"
"2743254174","2200000","119","18487,39","Centro"
"2760452524","7500000","190","39473,68","Meia Praia"
"2630414683","1650000","130","12692,31","Meia Praia"
"2760156261","4499000","225","19995,56","Meia Praia"
"2767583562","2395000","185","12945,95","Meia Praia"
"2749881270","3780000","155","24387,1","Centro"
"2767785322","3959000","166","23849,4","Castelo Branco"
"2736865126","1290000","86","15000","Meia Praia"
"2747201943","3290000","156","21089,74","Meia Praia"
"2692635761","1100000","70","15714,29","Meia Praia"
"2752780497","2850000","163","17484,66","Meia Praia"
"2724975767","2520000","110","22909,09","Andorinha"
"2767581652","2930000","173","16936,42","Meia Praia"
"2759539551","2099000","112","18741,07","Meia Praia"
"2736865251","899000","70","12842,86","Meia Praia"
"2767585015","2158888","145","14888,88","Andorinha"
"2760453319","1750000","114","15350,88","Andorinha"
"2744007088","1950000","121","16115,7","Andorinha"
"2764631770","1400000","80","17500","Meia Praia"
"2766855016","889800","70","12711,43","Morretes"
"2723208502","1000000","56","17857,14","Morretes"
"2726625461","950000","85","11176,47","Centro"
"2747716306","5500000","198","27777,78","Meia Praia"
"2744006008","3590000","179","20055,87","Meia Praia"
"2766852520","1390000","125","11120","Andorinha"
"2747717309","2500000","128","19531,25","Meia Praia"
"2740136543","3800000","421","9026,13","Centro"
"2766851917","3500000","162","21604,94","Meia Praia"
"2742111969","2094953","185","11324,07","Castelo Branco"
"2764728146","5800000","213","27230,05","Meia Praia"
"2743161391","5500000","190","28947,37","Meia Praia"
"2749994903","828290","110","7529,91","Morretes"
"2767582340","1200000","92","13043,48","Meia Praia"
"2766853715","3553280","206","17248,93","Meia Praia"
"2766850720","2398000","135","17762,96","Meia Praia"
"2769475726","1898900","113","16804,42","Meia Praia"
"2744006712","3800000","196","19387,76","Meia Praia"
"2738796821","2600000","146","17808,22","Meia Praia"
"2725873470","1879000","105","17895,24","Meia Praia"
"2764634734","1890000","113","16725,66","Meia Praia"
"2759672758","2099000","112","18741,07","Meia Praia"
"2750094816","3980000","216","18425,93","Meia Praia"
"2765064329","3570000","238","15000","Centro"
"2765549832","2590000","133","19473,68","Meia Praia"
"2765063799","2100000","132","15909,09","Meia Praia"
"2751615880","859630","69","12458,41","Morretes"
"2744014580","3900000","120","32500","Meia Praia"
"2766855520","899800","69","13040,58","Morretes"
"2768969557","3979700","216","18424,54","Meia Praia"
"2747202323","3090000","200","15450","Meia Praia"
"2645831797","8500000","494","17206,48","Morretes"
"2769537127","2500000","130","19230,77","Andorinha"
"2742890389","7800000","181","43093,92","Meia Praia"
"2737417621","3980000","315","12634,92","Castelo Branco"
"2609407887","7500000","252","29761,9","Meia Praia"
"2646971206","1800000","212","8490,57","Meia Praia"
"2690557784","1590000","87","18275,86","Centro"
"2759608019","2099000","112","18741,07","Meia Praia"
"2769187027","2499860","229","10916,42","Meia Praia"
"2747716303","9040000","270","33481,48","Castelo Branco"
"2558703788","1725000","150","11500",""
"2756625622","1400000","68","20588,24","Morretes"
"2760224116","4499000","225","19995,56","Meia Praia"
"2731325117","2682000","86","31186,05","Centro"
"2760094787","4499000","225","19995,56","Meia Praia"
"2694794278","5950000","252","23611,11",""
"2679166925","3800000","128","29687,5","Centro"
"2747203495","3300000","140","23571,43","Meia Praia"
"2744006007","3500000","280","12500","Meia Praia"
"2742111968","5223415","197","26514,8","Meia Praia"
"2720730141","1609000","100","16090","Centro"
"2765063644","1790000","123","14552,85","Meia Praia"
"2654224020","2798800","201","13924,38","Centro"
"2766011240","2519390","136","18524,93","Centro"
"2765062994","2500000","178","14044,94","Meia Praia"
"2699371296","1900000","100","19000","Meia Praia"
"2747201935","2349900","233","10085,41","Canto da Praia"
"2683093081","6699000","410","16339,02","Centro"
"2733968552","3190000","188","16968,09","Castelo Branco"
"2688140922","3500000","130","26923,08","Meia Praia"
"2760094786","2750000","274","10036,5","Meia Praia"
"2748125096","850000","53","16037,74","Taboleiro"
"2716245318","1070000","164","6524,39","Meia Praia"
"2766852340","2589800","163","15888,34","Andorinha"
"2699870688","839000","62","13532,26","Jardim Praia Mar"
"2765064639","1800000","138","13043,48","Meia Praia"
"2758173532","1199770","80","14997,12","Meia Praia"
"2722651267","2800000","179","15642,46","Centro"
"2747200826","890000","69","12898,55","Morretes"
"2769185694","3199730","215","14882,47","Meia Praia"
"2766852616","3799800","190","19998,95","Centro"
"2760816175","2195000","119","18445,38","Centro"
"2637934081","6500000","420","15476,19","Meia Praia"
"2763102615","1600000","157","10191,08","Castelo Branco"
"2763648534","1400000","80","17500","Meia Praia"
"2724515561","1450000","129","11240,31","Meia Praia"
"2672909397","4490000","300","14966,67","Meia Praia"
"2764631081","2400000","1756","1366,74","Meia Praia"
"2743411085","2500000","134","18656,72","Meia Praia"
"2763793798","1200000","100","12000","Centro"
"2744746533","4940000","268","18432,84","Meia Praia"
"2754481427","1850000","223","8295,96","Meia Praia"
"2754166608","970000","70","13857,14","Meia Praia"
"2750837756","1690000","218","7752,29","Meia Praia"
"2766854517","3500000","183","19125,68","Centro"
"2766853023","4036800","229","17627,95","Meia Praia"
"2609059408","1080000","699","1545,06","Morretes"
"2737784417","2850000","140","20357,14","Centro"
"2764857799","3800928","131","29014,72","Centro"
"2706054074","6570000","140","46928,57","Meia Praia"
"2735197516","1200000","82","14634,15","Meia Praia"
"2765064642","2200000","140","15714,29","Centro"
"2767583795","1850000","103","17961,17","Meia Praia"
"2763752318","3500000","186","18817,2","Meia Praia"
"2743921127","2800000","140","20000","Meia Praia"
"2749235060","853000","69","12362,32","Morretes"
"2663762913","1980000","115","17217,39","Centro"
"2760744024","949850","155","6128,06","Andorinha"
"2767581858","2989355","132","22646,63","Centro"
"2748244593","850000","68","12500","Morretes"
"2744007184","2171400","137","15849,64","Meia Praia"
"2760156731","1792000","141","12709,22","Meia Praia"
"2754457670","2700000","172","15697,67","Centro"
"2753365816","1999280","135","14809,48","Andorinha"
"2742033561","1860000","126","14761,9","Meia Praia"
"2723346594","3190000","200","15950","Meia Praia"
"2767583824","2260000","134","16865,67","Meia Praia"
"2766608629","2917000","120","24308,33","Centro"
"2744006711","1990000","121","16446,28","Andorinha"
"2747201804","7210000","166","43433,73","Meia Praia"
"2769744986","5800000","213","27230,05","Meia Praia"
"2766851522","2599800","156","16665,38","Meia Praia"
"2768968820","2099500","280","7498,21","Andorinha"
"2727469338","850000","40","21250","Meia Praia"
"2744006717","2171400","137","15849,64","Meia Praia"
"2766002013","2170000","130","16692,31","Meia Praia"
"2725814844","6500000","140","46428,57","Meia Praia"
"2764952046","950000","65","14615,38","Morretes"
"2560060076","1027589","64","16056,08","Morretes"
"2726317166","950000","120","7916,67","Meia Praia"
"2682543709","6888000","337","20439,17","Meia Praia"
"2743412362","2690000","130","20692,31","Meia Praia"
"2726958139","800000","78","10256,41","Morretes"
"2656883568","1900000","100","19000","Meia Praia"
"2764633225","1650000","1073","1537,74","Meia Praia"
"2571204646","4019000","213","18868,54","Meia Praia"
"2769161029","3950000","185","21351,35","Meia Praia"
"2734006415","1400000","134","10447,76","Andorinha"
"2760221733","4200000","127","33070,87","Centro"
"2766853117","2559800","173","14796,53","Meia Praia"
"2569456226","1400000","124","11290,32","Meia Praia"
"2569458194","2400000","130","18461,54","Meia Praia"
"2741196943","2671450","138","19358,33","Centro"
"2766853128","3439800","198","17372,73","Meia Praia"
"2754578135","3700000","271","13653,14","Centro"
"2754745448","1805462","94","19207,04","Andorinha"
"2733403115","1025000","109","9403,67","Meia Praia"
"2743411590","3500000","210","16666,67","Meia Praia"
"2587913298","1500000","157","9554,14","Castelo Branco"
"2536447598","8650000","265","32641,51","Centro"
"2757732219","1399480","80","17493,5","Meia Praia"
"2764895019","8608000","372","23139,78","Centro"
"2769185876","1589600","99","16056,57","Meia Praia"
"2748823195","1842000","137","13445,26","Andorinha"
"2677088396","1710000","78","21923,08","Castelo Branco"
"2764633913","2298000","1296","1773,15","Meia Praia"
"2752692094","2299000","128","17960,94","Castelo Branco"
"2558704072","1630000","226","7212,39",""
"2748326008","6000000","182","32967,03","Morretes"
"2646971657","1300000","74","17567,57","Castelo Branco"
"2753270723","5319306","183","29067,25","Meia Praia"
"2760268730","1550000","175","8857,14","Meia Praia"
"2765063798","1462800","117","12502,56","Meia Praia"
"2766853424","2564800","173","14825,43","Meia Praia"
"2766852435","2148000","135","15911,11","Meia Praia"
"2762856821","1709872","126","13570,41","Centro"
"2769754992","5249310","16673","314,84","Sertão do Trombudo"
"2730204220","1700000","108","15740,74","Meia Praia"
"2747203722","3390000","182","18626,37","Meia Praia"
"2766855422","2609800","179","14579,89","Meia Praia"
"2763648031","960000","70","13714,29","Morretes"
"2748820945","3100000","129","24031,01","Castelo Branco"
"2761691043","1802000","125","14416","Centro"
"2766855920","2500000","165","15151,52","Meia Praia"
"2761809656","2000000","150","13333,33","Meia Praia"
"2568077727","2350000","124","18951,61","Meia Praia"
"2769475728","1989730","275","7235,38","Andorinha"
"2723210700","895000","40","22375","Meia Praia"
"2765549939","4150000","187","22192,51","Meia Praia"
"2756093977","1500000","70","21428,57","Tabuleiro dos Oliveiras"
"2683526891","980000","70","14000","Morretes"
"2725198767","950000","127","7480,31","Meia Praia"
"2766855123","2799800","140","19998,57","Meia Praia"
"2747203497","5950000","175","34000","Meia Praia"
"2751586242","6672000","186","35870,97","Morretes"
"2664839096","850000","40","21250","Meia Praia"
"2758811320","1650000","101","16336,63","Meia Praia"
"2760224120","1792000","141","12709,22","Meia Praia"
"2750096695","4490000","188","23882,98","Meia Praia"
"2753015023","2750000","170","16176,47","Meia Praia"
"2750720698","1675000","108","15509,26","Meia Praia"
"2753352435","2100000","130","16153,85","Meia Praia"
"2764633033","2350000","110","21363,64","Meia Praia"
"2744836333","2200000","145","15172,41","Meia Praia"
"2747201660","2600000","156","16666,67","Meia Praia"
"2758861750","4950000","142","34859,15","Meia Praia"
"2760156841","4200000","127","33070,87","Centro"
"2767582383","1058273","40","26456,82","Meia Praia"
"2769181007","2199460","126","17456,03","Meia Praia"
"2753366396","1049190","101","10388,02","Morretes"
"2736234861","3500000","155","22580,65","Meia Praia"
"2759181687","2995000","132","22689,39","Centro"
"2731772613","3500000","186","18817,2","Andorinha"
"2751819510","980000","84","11666,67","Meia Praia"
"2759137916","4400000","208","21153,85","Centro"
"2766852713","4650000","187","24866,31","Meia Praia"
"2766851924","3299800","160","20623,75","Meia Praia"
"2728403419","1700000","80","21250","Meia Praia"
"2760094790","4200000","127","33070,87","Centro"
"2758656946","4950000","142","34859,15","Meia Praia"
"2749505165","2390000","113","21150,44","Meia Praia"
"2753167330","2350000","132","17803,03","Castelo Branco"
"2743161093","3100000","156","19871,79","Meia Praia"
"2765060481","1389889","87","15975,74","Meia Praia"
"2697849187","780000","83","9397,59","Castelo Branco"
"2744148795","2900000","150","19333,33","Meia Praia"
"2766853313","7799800","200","38999","Centro"
"2766854519","3497800","183","19113,66","Meia Praia"
"2692570681","1260000","141","8936,17","Meia Praia"
"2764633960","4500000","340","13235,29","Meia Praia"
"2741721253","1750000","134","13059,7","Meia Praia"
"2764633850","1199000","92","13032,61","Meia Praia"
"2723909945","1780000","196","9081,63","Meia Praia"
"2767580928","5998000","190","31568,42","Meia Praia"
"2764633192","2000000","150","13333,33","Meia Praia"
"2742885828","2750000","174","15804,6","Castelo Branco"
"2763649136","4800000","182","26373,63","Meia Praia"
"2744006710","3200000","222","14414,41","Meia Praia"
"2723351345","2590000","133","19473,68","Meia Praia"
"2723912326","4747000","210","22604,76","Meia Praia"
"2767581564","980000","58","16896,55","Morretes"
"2766852122","2359800","110","21452,73","Centro"
"2725528334","3480000","300","11600","Centro"
"2579262174","3100000","166","18674,7","Meia Praia"
"2763648537","1350000","80","16875","Meia Praia"
"2742888286","3300000","125","26400","Meia Praia"
"2763290725","2515000","152","16546,05","Meia Praia"
"2767581346","2317793","120","19314,94","Andorinha"
"2752629310","2500000","131","19083,97","Andorinha"
"2767584025","750000","47","15957,45","Morretes"
"2759766031","2465000","173","14248,55","Centro"
"2743410767","1700000","108","15740,74","Meia Praia"
"2769758758","1379180","130","10609,08","Andorinha"
"2766852518","1944800","120","16206,67","Andorinha"
"2743408993","2200000","141","15602,84","Meia Praia"
"2766855420","2949800","180","16387,78","Meia Praia"
"2743408994","2600000","137","18978,1","Meia Praia"
"2759541417","4350000","188","23138,3","Centro"
"2743653376","2900000","173","16763,01","Centro"
"2764631565","940000","691","1360,35","Morretes"
"2744006716","2171400","137","15849,64","Meia Praia"
"2747201937","4490000","300","14966,67","Meia Praia"
"2769186543","2899770","130","22305,92","Meia Praia"
"2768634515","2349900","233","10085,41","Canto da Praia"
"2769187348","1899310","115","16515,74","Andorinha"
"2760198531","5355175","199","26910,43","Morretes"
"2766852925","3118500","150","20790","Centro"
"2692636156","1100000","142","7746,48","Meia Praia"
"2733345217","1880000","141","13333,33","Meia Praia"
"2764631725","3490000","1995","1749,37","Meia Praia"
"2766854813","4929800","214","23036,45","Meia Praia"
"2592754777","1900000","174","10919,54","Castelo Branco"
"2768634229","1890000","115","16434,78","Meia Praia"
"2766853916","1979800","135","14665,19","Meia Praia"
"2765558329","2980000","140","21285,71","Castelo Branco"
"2749607929","850000","62","13709,68","Meia Praia"
"2747203132","4517000","183","24683,06","Castelo Branco"
"2766854731","3299800","225","14665,78","Meia Praia"
"2747343796","2990000","165","18121,21","Meia Praia"
"2660957462","1850000","109","16972,48","Centro"
"2743161390","5500000","175","31428,57","Meia Praia"
"2764633346","1750000","113","15486,73","Andorinha"
"2760094109","1792000","141","12709,22","Meia Praia"
"2767580952","780000","58","13448,28","Canto da Praia"
"2747717114","1390000","157","8853,5","Meia Praia"
"2747392814","1800000","114","15789,47","Meia Praia"
"2766853118","1895000","123","15406,5","Centro"
"2758633539","4950000","142","34859,15","Meia Praia"
"2743161328","4355000","222","19617,12","Meia Praia"
"2761655822","4380000","315","13904,76","Meia Praia"
"2752691127","7500000","260","28846,15","Meia Praia"
"2744007683","2300000","154","14935,06","Castelo Branco"
"2766852317","3619800","174","20803,45","Meia Praia"
"2767581301","800000","79","10126,58","Morretes"
"2747181103","1830000","130","14076,92","Meia Praia"
"2742821609","1650000","140","11785,71","Centro"
"2656195900","7500000","584","12842,47","Meia Praia"
"2575643649","1950000","380","5131,58","Meia Praia"
"2724713756","990000","123","8048,78","Centro"
"2726405738","1600000","180","8888,89","Meia Praia"
"2743163480","2870000","126","22777,78","Meia Praia"
"2751834908","2100000","280","7500","Meia Praia"
"2754168867","2000000","101","19801,98","Centro"
"2747202728","750000","41","18292,68","Morretes"
"2769150515","750000","41","18292,68","Morretes"
"2745679224","7000000","297","23569,02","Meia Praia"
"2764976902","1199000","90","13322,22","Meia Praia"
"2744005548","2500000","135","18518,52","Centro"
"2650750356","2500000","264","9469,7","Meia Praia"
"2753757016","1785000","245","7285,71","Castelo Branco"
"2769189873","2989490","300","9964,97","Casa Branca"
"2764631949","3200000","239","13389,12","Meia Praia"
"2706620132","2700000","230","11739,13","Meia Praia"
"2766855921","2590000","227","11409,69","Meia Praia"
"2744009364","4200000","127","33070,87","Centro"
"2764978839","1390000","90","15444,44","Centro"
"2743262901","2350000","181","12983,43","Meia Praia"
"2751672698","4900000","655","7480,92","Centro"
"2769189124","1599770","150","10665,13","Casa Branca"
"2594234856","1810000","135","13407,41","Meia Praia"
"2765063108","5190000","187","27754,01","Meia Praia"
"2747203502","4700000","274","17153,28","Castelo Branco"
"2752042205","2350000","135","17407,41","Meia Praia"
"2766852238","4200000","268","15671,64","Meia Praia"
"2754981801","3500000","188","18617,02","Meia Praia"
"2769149726","2100000","110","19090,91","Meia Praia"
"2765063782","5319306","183","29067,25","Meia Praia"
"2766833427","1200000","136","8823,53","Andorinha"
"2747202036","2100000","110","19090,91","Meia Praia"
"2767581736","1400000","118","11864,41","Meia Praia"
"2744015857","1350000","113","11946,9","Andorinha"
"2768437237","3375537","205","16466,03","Meia Praia"
"2759559119","1700000","108","15740,74","Meia Praia"
"2767581345","2738347","132","20745,05","Morretes"
"2759671235","4350000","188","23138,3","Centro"
"2766852516","2390000","100","23900","Andorinha"
"2646135042","6590000","305","21606,56","Meia Praia"
"2740364912","970000","69","14057,97","Meia Praia"
"2765064638","1689000","136","12419,12","Meia Praia"
"2764632349","1800000","100","18000","Meia Praia"
"2744015180","1960000","120","16333,33","Meia Praia"
"2661820370","2501000","216","11578,7","Meia Praia"
"2759608020","4350000","188","23138,3","Centro"
"2766855020","2696800","206","13091,26","Meia Praia"
"2763791186","1800000","110","16363,64","Alto São Bento"
"2725618859","1550000","134","11567,16","Meia Praia"
"2743691113","2760000","335","8238,81","Meia Praia"
"2753631295","2000000","261","7662,84","Meia Praia"
"2558704096","2830000","300","9433,33",""
"2766852522","2548800","185","13777,3","Andorinha"
"2765549653","2591000","131","19778,63","Meia Praia"
"2755531412","2616120","160","16350,75","Meia Praia"
"2646969387","1800000","120","15000","Meia Praia"
"2766852025","2699800","179","15082,68","Meia Praia"
"2766855121","1792000","105","17066,67","Meia Praia"
"2743411086","1550000","138","11231,88","Meia Praia"
"2766834117","5650000","199","28391,96","Meia Praia"
"2764634415","2150000","1188","1809,76","Centro"
"2766855330","1990000","128","15546,88","Meia Praia"
"2579298535","1749998","134","13059,69","Meia Praia"
"2766853943","890000","68","13088,24","Jardim Praia Mar"
"2766853928","2798000","131","21358,78","Meia Praia"
"2672503606","1700000","80","21250","Meia Praia"
"2763599446","1350000","140","9642,86","Meia Praia"
"2748550795","2698000","206","13097,09","Centro"
"2716729441","770000","40","19250","Andorinha"
"2767583739","4784758","259","18473,97","Andorinha"
"2743411584","3200000","193","16580,31","Meia Praia"
"2769187755","1852340","123","15059,67","Centro"
"2764632641","2300000","1424","1615,17","Meia Praia"
"2765062365","2478000","236","10500","Meia Praia"
"2743411680","2850000","155","18387,1","Meia Praia"
"2767580979","750000","41","18292,68","Morretes"
"2766851631","2750000","132","20833,33","Centro"
"2766855914","921800","60","15363,33","Morretes"
"2765550319","1589000","95","16726,32","Castelo Branco"
"2690960821","2381600","104","22900","Centro"
"2767582398","3207354","281","11414,07","Meia Praia"
"2737417717","1141300","60","19021,67","Morretes"
"2590082514","2750000","287","9581,88","Meia Praia"
"2753363490","1389720","105","13235,43","Centro"
"2766851830","2599000","145","17924,14","Meia Praia"
"2744014579","800000","48","16666,67","Meia Praia"
"2761702759","1885876","92","20498,65","Centro"
"2766852839","4500000","214","21028,04","Meia Praia"
"2768620822","9000000","440","20454,55",""
"2663836548","1711000","81","21123,46","Meia Praia"
"2767581638","2311893","248","9322,15","Meia Praia"
"2760236615","3500000","142","24647,89","Meia Praia"
"2765064138","1377166","79","17432,48","Meia Praia"
"2751858194","1649340","107","15414,39","Meia Praia"
"2738299552","6700000","296","22635,14","Morretes"
"2767581979","6521274","183","35635,38","Morretes"
"2679349795","2195000","180","12194,44","Meia Praia"
"2768634319","2198800","135","16287,41","Meia Praia"
"2742111088","2150818","185","11626,04","Castelo Branco"
"2702053885","4700000","236","19915,25","Centro"
"2752786909","1626073","262","6206,39","Meia Praia"
"2728884379","3750000","1389","2699,78","Morretes"
"2759966019","1050000","40","26250","Meia Praia"
"2744015482","1800000","109","16513,76","Canto da Praia"
"2767582153","5699000","180","31661,11","Centro"
"2732420165","1800000","99","18181,82","Meia Praia"
"2717319649","3200000","380","8421,05","Meia Praia"
"2764635252","1300000","107","12149,53","Castelo Branco"
"2769474680","1499350","89","16846,63","Andorinha"
"2766852429","6039800","229","26374,67","Centro"
"2769471966","2798050","333","8402,55","Meia Praia"
"2769184069","2869680","202","14206,34","Meia Praia"
"2766854723","4940000","268","18432,84","Andorinha"
"2766851913","2599800","183","14206,56","Meia Praia"
"2558703179","6250000","366","17076,5",""
"2764632757","1900000","1285","1478,6","Meia Praia"
"2760268425","1349000","76","17750","Meia Praia"
"2743942571","804968","70","11499,54","Morretes"
"2734564716","1700000","108","15740,74","Meia Praia"
"2764632331","6300000","315","20000","Meia Praia"
"2766292723","1800000","186","9677,42","Meia Praia"
"2752074040","3600000","131","27480,92","Meia Praia"
"2759966018","1000000","40","25000","Meia Praia"
"2764153424","3600000","225","16000","Meia Praia"
"2743941779","869294","70","12418,49","Morretes"
"2769187794","7499630","440","17044,61","Casa Branca"
"2765550417","2555000","131","19503,82","Meia Praia"
"2761681519","3995000","179","22318,44","Meia Praia"
"2729363968","2690000","203","13251,23","Centro"
"2747201654","6158564","240","25660,68","Meia Praia"
"2753365897","6999600","220","31816,36","Canto da Praia"
"2769187421","6510955","420","15502,27","Andorinha"
"2767583798","3100000","156","19871,79","Meia Praia"
"2765118000","2800000","243","11522,63","Centro"
"2748823196","1945000","116","16767,24","Meia Praia"
"2752982402","2160000","125","17280","Centro"
"2768971563","1489830","82","18168,66","Andorinha"
"2760158415","998815","40","24970,38","Meia Praia"
"2760221453","998815","40","24970,38","Meia Praia"
"2699371301","1600000","85","18823,53","Centro"
"2765546456","2000000","148","13513,51","Meia Praia"
"2747342575","1750000","113","15486,73","Andorinha"
"2751911434","2890000","175","16514,29","Meia Praia"
"2646970982","2130000","382","5575,92","Meia Praia"
"2728885265","2700000","1200","2250","Casa Branca"
"2767580976","2950000","129","22868,22","Castelo Branco"
"2766833222","920000","94","9787,23","Canto da Praia"
"2766832130","1450000","118","12288,14","Meia Praia"
"2767581875","6845000","335","20432,84","Centro"
"2728456923","1500000","567","2645,5","Morretes"
"2764969774","850000","40","21250","Meia Praia"
"2758635640","2700000","140","19285,71","Meia Praia"
"2758863208","2700000","140","19285,71","Meia Praia"
"2757198550","7590000","364","20851,65","Meia Praia"
"2754149097","3468800","348","9967,82","Centro"
"2766855032","1890800","100","18908","Meia Praia"
"2760094925","998815","40","24970,38","Meia Praia"
"2657049058","2717491","111","24481,9","Centro"
"2682103917","3985000","186","21424,73","Morretes"
"2596352554","2400000","156","15384,62","Meia Praia"
"2767583749","2671450","138","19358,33","Centro"
"2724452246","3000000","185","16216,22","Meia Praia"
"2769325664","1400000","115","12173,91",""
"2766852915","3499800","268","13058,96","Centro"
"2756446102","2850000","190","15000","Meia Praia"
"2751127895","2300000","163","14110,43","Meia Praia"
"2720563535","6985000","176","39687,5","Centro"
"2763545119","1550000","140","11071,43","Meia Praia"
"2750156630","980000","90","10888,89","Meia Praia"
"2761017043","3437000","146","23541,1","Centro"
"2755178197","2500000","140","17857,14","Andorinha"
"2764634615","850000","40","21250","Meia Praia"
"2759778934","2990000","155","19290,32","Meia Praia"
"2761656115","990000","60","16500","Morretes"
"2747202347","1900000","100","19000","Meia Praia"
"2751910785","5768103","197","29279,71","Meia Praia"
"2769183800","2199570","124","17738,47","Meia Praia"
"2751911265","5659165","197","28726,73","Meia Praia"
"2730782374","1700000","110","15454,55","Meia Praia"
"2764634413","3500000","400","8750","Meia Praia"
"2750788012","4195000","176","23835,23","Centro"
"2726985149","3570000","238","15000","Centro"
"2747342574","4800000","268","17910,45","Meia Praia"
"2742890388","2790000","142","19647,89","Meia Praia"
"2767583332","2394745","120","19956,21","Andorinha"
"2558704057","1600000","220","7272,73",""
"2754167791","3998800","180","22215,56","Meia Praia"
"2764632542","2173451","1452","1496,87","Meia Praia"
"2758658313","2700000","140","19285,71","Meia Praia"
"2754700229","2798000","180","15544,44","Centro"
"2765060474","4500000","210","21428,57","Centro"
"2704342970","3791758","259","14639,99","Andorinha"
"2765064363","2850000","137","20802,92","Meia Praia"
"2736451509","1999000","123","16252,03","Meia Praia"
"2767581251","7888000","166","47518,07","Meia Praia"
"2751856625","2199820","140","15713","Meia Praia"
"2766854521","2820800","281","10038,43","Andorinha"
"2751504647","4500000","183","24590,16","Meia Praia"
"2767583740","2311893","249","9284,71","Meia Praia"
"2748354233","2100000","130","16153,85","Meia Praia"
"2662629961","3800000","300","12666,67","Meia Praia"
"2766852420","2099800","148","14187,84","Meia Praia"
"2766853026","1099800","79","13921,52","Castelo Branco"
"2743409620","6950000","238","29201,68","Centro"
"2740233954","1470000","121","12148,76","Meia Praia"
"2726594615","900000","40","22500","Centro"
"2765064142","8993000","180","49961,11","Meia Praia"
"2596603767","2600000","161","16149,07","Meia Praia"
"2739305420","5000000","225","22222,22","Meia Praia"
"2744015855","2700000","120","22500","Meia Praia"
"2758636218","2799000","238","11760,5","Meia Praia"
"2741261769","7495000","305","24573,77","Meia Praia"
"2752466395","3889900","130","29922,31","Centro"
"2764978850","1360000","92","14782,61","Meia Praia"
"2558703841","2099200","300","6997,33",""
"2766854641","2990000","156","19166,67","Meia Praia"
"2746552717","920000","109","8440,37","Meia Praia"
"2728884682","3300000","2100","1571,43","Varzea"
"2765063000","3690000","190","19421,05","Meia Praia"
"2767582546","3070000","247","12429,15","Meia Praia"
"2764631296","3300000","1601","2061,21","Meia Praia"
"2730369696","2750000","167","16467,07","Centro"
"2747202040","4940000","268","18432,84","Andorinha"
"2655347261","4207790","154","27323,31","Meia Praia"
"2768632327","3998800","180","22215,56","Meia Praia"
"2670811202","5000000","206","24271,84","Meia Praia"
"2756089950","3240000","176","18409,09","Meia Praia"
"2752618425","3500000","170","20588,24","Meia Praia"
"2764632953","2190000","1296","1689,81","Meia Praia"
"2764633060","3050000","1285","2373,54","Meia Praia"
"2742890883","3800000","180","21111,11","Meia Praia"
"2763236921","4650000","350","13285,71","Meia Praia"
"2751911950","5887040","197","29883,45","Meia Praia"
"2693780991","3000000","197","15228,43","Castelo Branco"
"2760453522","2300000","124","18548,39","Meia Praia"
"2756460854","1300000","41","31707,32","Meia Praia"
"2765062084","6700000","215","31162,79","Meia Praia"
"2758864930","2799000","238","11760,5","Meia Praia"
"2752399351","5950000","175","34000","Meia Praia"
"2743161327","4940000","268","18432,84","Meia Praia"
"2742112777","6203853","197","31491,64","Meia Praia"
"2671776106","3450000","174","19827,59","Centro"
"2753261120","2000000","228","8771,93","Meia Praia"
"2764632428","8998800","505","17819,41","Centro"
"2597119789","3200000","190","16842,11","Meia Praia"
"2758656231","2799000","238","11760,5","Meia Praia"
"2744007685","3490000","190","18368,42","Meia Praia"
"2743163487","6158564","240","25660,68","Meia Praia"
"2742333353","3650000","189","19312,17","Meia Praia"
"2766852617","3000000","272","11029,41","Andorinha"
"2743253592","1918000","133","14421,05","Centro"
"2717011742","1390000","200","6950","Meia Praia"
"2760453420","1450000","80","18125","Castelo Branco"
"2765063790","4280000","197","21725,89","Centro"
"2767583736","1180872","40","29521,8","Meia Praia"
"2722638436","3190000","156","20448,72","Meia Praia"
"2766853416","1854800","107","17334,58","Centro"
"2764633624","2839167","1214","2338,69","Centro"
"2765319923","3090000","200","15450","Meia Praia"
"2765548423","2450000","400","6125","Andorinha"
"2765062083","2500000","130","19230,77","Meia Praia"
"2721619662","3295000","190","17342,11","Centro"
"2765232346","3200000","124","25806,45","Meia Praia"
"2646971492","850000","49","17346,94","Meia Praia"
"2764631062","850000","40","21250","Meia Praia"
"2764633720","1800000","1296","1388,89","Meia Praia"
"2696671210","850000","315","2698,41","Morretes"
"2699352676","1391000","93","14956,99","Meia Praia"
"2754662214","1199800","116","10343,1","Meia Praia"
"2558704103","2500000","404","6188,12",""
"2747949979","2646523","625","4234,44","Centro"
"2764632556","2396000","1517","1579,43","Andorinha"
"2764882838","2200000","165","13333,33","Centro"
"2751911264","5701064","202","28223,09","Meia Praia"
"2745859108","2150000","103","20873,79","Morretes"
"2751910784","5810002","202","28762,39","Meia Praia"
"2700512819","2300000","250","9200","Morretes"
"2751946011","1800000","101","17821,78","Meia Praia"
"2753537049","2648800","164","16151,22","Centro"
"2764861321","1600000","86","18604,65","Centro"
"2769199115","2548395","185","13775,11","Meia Praia"
"2769184667","2554660","130","19651,23","Meia Praia"
"2558703946","1400000","292","4794,52",""
"2751911949","6094915","202","30172,85","Meia Praia"
"2761881713","3370000","135","24962,96","Centro"
"2751880231","3889000","130","29915,38","Centro"
"2744006721","3200000","193","16580,31","Meia Praia"
"2744009363","3600000","180","20000","Meia Praia"
"2723208909","1850000","180","10277,78","Centro"
"2760452523","1700000","108","15740,74","Meia Praia"
"2767583117","6900000","331","20845,92","Meia Praia"
"2764969775","1600000","86","18604,65","Centro"
"2766851914","1290000","69","18695,65","Morretes"
"2767584327","2671759","160","16698,49","Meia Praia"
"2752290900","3500000","188","18617,02","Meia Praia"
"2737169424","4115000","188","21888,3","Centro"
"2751910322","5918939","202","29301,68","Meia Praia"
"2728577125","3943000","233","16922,75","Castelo Branco"
"2661091716","2600000","200","13000","Meia Praia"
"2743411083","3470000","170","20411,76","Meia Praia"
"2753362880","1789320","131","13658,93","Andorinha"
"2697675414","3900000","160","24375","Centro"
"2753757017","1400000","98","14285,71","Meia Praia"
"2767582173","2646119","185","14303,35","Meia Praia"
"2761705516","3500000","155","22580,65","Meia Praia"
"2627569891","875000","44","19886,36","Meia Praia"
"2768634228","2998000","132","22712,12","Centro"
"2767829438","3679000","218","16876,15","Meia Praia"
"2759766030","5790000","211","27440,76","Centro"
"2730784243","2724677","86","31682,29","Centro"
"2748820943","1716000","100","17160","Meia Praia"
"2760195917","4828249","147","32845,23","Morretes"
"2731107525","3791000","259","14637,07","Andorinha"
"2751941805","720000","10","72000","Morretes"
"2766831358","1280000","152","8421,05","Meia Praia"
"2730795582","3900000","303","12871,29","Andorinha"
"2734024826","1700000","130","13076,92","Meia Praia"
"2743411090","5000000","205","24390,24","Meia Praia"
"2764632862","3800000","120","31666,67","Meia Praia"
"2743411087","6690000","200","33450","Andorinha"
"2717554442","2399000","160","14993,75","Andorinha"
"2743410764","2648800","164","16151,22","Centro"
"2744007187","2565000","193","13290,16","Meia Praia"
"2751941220","1200000","10","120000","Meia Praia"
"2768112425","5997000","343","17483,97","Meia Praia"
"2753534006","3598800","206","17469,9","Centro"
"2751025487","3795000","191","19869,11","Centro"
"2736216057","3900000","140","27857,14","Meia Praia"
"2558703684","1750000","322","5434,78",""
"2744013115","1850000","77","24025,97","Meia Praia"
"2760226946","4500000","224","20089,29","Meia Praia"
"2769187145","1999200","100","19992","Meia Praia"
"2752394198","5950000","190","31315,79","Meia Praia"
"2673148299","3600000","179","20111,73","Meia Praia"
"2760221454","8665000","418","20729,67","Centro"
"2758635639","970000","40","24250","Meia Praia"
"2758655954","970000","40","24250","Meia Praia"
"2760094926","8665000","418","20729,67","Centro"
"2758870523","970000","40","24250","Meia Praia"
"2750519395","1050000","126","8333,33","Meia Praia"
"2744006714","6200000","262","23664,12","Castelo Branco"
"2742890291","2000000","270","7407,41","Meia Praia"
"2742885829","3190000","156","20448,72","Meia Praia"
"2760157818","8665000","418","20729,67","Centro"
"2611792918","6595000","186","35456,99","Morretes"
"2741554765","3900000","270","14444,44","Castelo Branco"
"2766831356","1050000","140","7500","Centro"
"2730741853","4940000","268","18432,84","Andorinha"
"2752039325","6158564","286","21533,44","Meia Praia"
"2769150017","1300000","41","31707,32","Meia Praia"
"2754531758","2767015","175","15811,51","Meia Praia"
"2765063791","9998000","180","55544,44","Meia Praia"
"2766855313","4499800","288","15624,31","Meia Praia"
"2765283440","4085461","226","18077,26","Andorinha"
"2608859675","2599000","190","13678,95","Meia Praia"
"2750148947","2750000","280","9821,43","Estreito"
"2753041904","680000","10","68000",""
"2656735401","7498800","505","14849,11","Centro"
"2767582392","9577800","234","40930,77","Meia Praia"
"2726465761","9530000","180","52944,44","Meia Praia"
"2767582181","2599999","87","29885,05","Centro"
"2756559140","1150000","10","115000","Andorinha"
"2670819802","1550000","167","9281,44","Castelo Branco"
"2766001218","2800000","177","15819,21","Meia Praia"
"2765063646","8500000","323","26315,79","Meia Praia"
"2736815313","2850000","127","22440,94","Meia Praia"
"2748326796","850000","13","65384,62","Tabuleiro dos Oliveiras"
"2753647718","1500000","180","8333,33","Centro"
"2751597601","4945000","282","17535,46","Centro"
"2740364099","4500000","280","16071,43","Meia Praia"
"2742884451","5900000","270","21851,85","Meia Praia"
"2763948624","6990000","187","37379,68","Meia Praia"
"2749496926","3000000","235","12765,96","Meia Praia"
"2744009371","5150000","200","25750","Andorinha"
"2740172047","3600000","270","13333,33","Andorinha"
"2752780394","850000","10","85000","Morretes"
"2568211991","1650000","56","29464,29","Castelo Branco"
"2766831352","2799900","128","21874,22","Castelo Branco"
"2767584413","2721222","256","10629,77","Castelo Branco"
"2751942199","830000","10","83000","Morretes"
"2725634785","2750000","288","9548,61","Centro"
"2724405310","5437000","206","26393,2","meia praia"
"2751916544","3300000","156","21153,85","Meia Praia"
"2765060475","4581148","183","25033,6","Castelo Branco"
"2767583932","4405794","259","17010,79","Andorinha"
"2765062997","3960000","315","12571,43","Meia Praia"
"2629990162","1500000","252","5952,38","Morretes"
"2762686121","7250000","281","25800,71","Centro"
"2767582534","3390000","104","32596,15","Andorinha"
"2764632151","1700000","83","20481,93","Meia Praia"
"2751942297","1785000","10","178500","Meia Praia"
"2721618836","6019000","293","20542,66","Centro"
"2768634320","3998800","206","19411,65","Centro"
"2752780101","1199000","10","119900","Meia Praia"
"2708137667","3950000","153","25816,99","Centro"
"2768491313","7250000","281","25800,71","Centro"
"2767582729","6500000","263","24714,83","Meia Praia"
"2740126322","4900000","300","16333,33","Meia Praia"
"2765062650","3679000","218","16876,15","Meia Praia"
"2752799517","6200000","262","23664,12","Castelo Branco"
"2767581796","3671338","320","11472,93","Meia Praia"
"2759272730","1700000","103","16504,85","Centro"
"2751940127","1650000","10","165000","Meia Praia"
"2742883938","4600000","300","15333,33","Meia Praia"
"2760843969","958500","48","19968,75","Meia Praia"
"2751941221","1990000","10","199000","Castelo Branco"
"2757882718","1500000","180","8333,33","Centro"
"2765323932","4747783","287","16542,8","Meia Praia"
"2712026197","2350000","382","6151,83","Meia Praia"
"2767583783","6019000","294","20472,79","Meia Praia"
"2768612454","850000","57","14912,28","Morretes"
"2752427800","7210000","166","43433,73","Meia Praia"
"2753041508","2300000","10","230000","Meia Praia"
"2682127094","4250000","210","20238,1","Andorinha"
"2752079916","4355000","222","19617,12","Meia Praia"
"2756559138","1390000","10","139000","Castelo Branco"
"2753631194","5200000","10","520000","Meia Praia"
"2737053822","1450000","10","145000","Centro"
"2558704118","2600000","414","6280,19",""
"2752978005","5831000","262","22255,73","Meia Praia"
"2756560246","1850000","10","185000","Meia Praia"
"2760455020","1750000","74","23648,65","Morretes"
"2740489161","2290000","900","2544,44","Alto São Bento"
"2765060476","4700000","274","17153,28","Castelo Branco"
"2760819321","2397080","85","28200,94","Centro"
"2766833624","3200000","129","24806,2","Meia Praia"
"2756564013","1890000","10","189000","Meia Praia"
"2752775729","1700000","10","170000","Meia Praia"
"2753631294","2490000","10","249000","Meia Praia"
"2752780200","1400000","10","140000","Meia Praia"
"2751941901","1800000","10","180000","Meia Praia"
"2752780198","1600000","10","160000","Centro"
"2752780100","1650000","10","165000","Meia Praia"
"2675687796","4880000","268","18208,96","Meia Praia"
"2751942002","1750000","10","175000","Andorinha"
"2751940126","1300000","10","130000","Meia Praia"
"2751942200","1680000","10","168000","Meia Praia"
"2712192100","3629000","260","13957,69","Meia Praia"
"2767582353","2145000","54","39722,22","Centro"
"2751942001","3200000","10","320000","Meia Praia"
"2752779905","5998000","10","599800","Meia Praia"
"2749832650","2150000","10","215000","Meia Praia"
"2752779904","2850000","10","285000","Meia Praia"
"2662017163","6700000","290","23103,45","Meia Praia"
"2756563133","1550000","10","155000","Meia Praia"
"2760897423","2145000","53","40471,7","Centro"
"2751939903","1780000","10","178000","Meia Praia"
"2756560244","1980000","10","198000","Meia Praia"
"2751941503","1650000","10","165000","Meia Praia"
"2763102547","6498800","352","18462,5","Andorinha"
"2753631102","2200000","10","220000","Meia Praia"
"2724045141","4000000","10","400000","Centro"
"2752780197","2500000","10","250000","Meia Praia"
"2752780102","2100000","10","210000","Meia Praia"
"2751941900","2450000","10","245000","Meia Praia"
"2756559141","2990000","10","299000","Centro"
"2756563134","6690000","10","669000","Meia Praia"
"2756560248","3000000","10","300000","Centro"
"2756560942","2600000","10","260000","Meia Praia"
"2748544670","7998800","505","15839,21","Centro"
"2754571400","3045000","10","304500","Meia Praia"
"2751105137","2200000","10","220000","Meia Praia"
"2756563920","5150000","10","515000","Meia Praia"
"2756560941","3300000","10","330000","Meia Praia"
"2753631195","5250000","10","525000","Meia Praia"
"2753768537","7998800","410","19509,27","Centro"
"2752780395","2790000","10","279000","Meia Praia"
"2756559139","4290000","10","429000","Meia Praia"
"2751941222","2500000","10","250000","Meia Praia"
"2753631193","3000000","10","300000","Meia Praia"
"2752141700","2500000","10","250000","Meia Praia"
"2753631293","2990000","10","299000","Meia Praia"
"2752780199","2990000","10","299000","Meia Praia"
"2644395065","3690000","190","19421,05","Meia Praia"
"2758648513","2750000","180","15277,78","Meia Praia"
"2761634399","750000","80","9375","Morretes"
"2669457900","2598800","208","12494,23","Centro"
"2761880019","2638125","160","16488,28","Meia Praia"
"2760453324","1684000","106","15886,79","Meia Praia"
"2609062473","2680000","178","15056,18","Centro"
"2649237079","2998800","180","16660","Centro"
"2759151106","2990000","193","15492,23","Meia Praia"
"2720508837","2150000","127","16929,13","Meia Praia"
"2766853620","1940800","150","12938,67","Meia Praia"
"2728902151","3500000","178","19662,92","Meia Praia"
"2728280482","6204000","198","31333,33","Centro"
"2750328221","4500000","224","20089,29","Andorinha"
"2659104960","1832787","127","14431,39","Centro"
"2558704312","1400000","230","6086,96",""
"2727627433","7800000","181","43093,92","Meia Praia"
"2756063362","714000","68","10500","Morretes"
"2747203795","2100000","126","16666,67","Andorinha"
"2747200741","3950000","185","21351,35","Meia Praia"
"2747203709","5950000","190","31315,79","Meia Praia"
"2721918863","3500000","142","24647,89","Meia Praia"
"2685443982","850000","116","7327,59","Meia Praia"
"2754745089","1720000","110","15636,36","Meia Praia"
"2730784247","1950000","129","15116,28","Meia Praia"
"2766851626","6869259","198","34693,23","Meia Praia"
"2611298015","630000","69","9130,43","Casa Branca"
"2671673050","3800000","120","31666,67","Meia Praia"
"2560637481","760000","109","6972,48","Morretes"
"2715503021","1810000","135","13407,41","Meia Praia"
"2764631342","950000","68","13970,59","Morretes"
"2599246164","722800","65","11120","Morretes"
"2560056547","2420000","193","12538,86","Meia Praia"
"2760156727","860000","70","12285,71","Meia Praia"
"2757947755","1500000","180","8333,33","Centro"
"2744012978","1200000","126","9523,81","Meia Praia"
"2761579616","2790000","142","19647,89","Meia Praia"
"2670855914","4195000","176","23835,23","Centro"
"2726301799","3388424","141","24031,38","Canto da Praia"
"2637025756","1700000","259","6563,71","Meia Praia"
"2609060792","8733544","417","20943,75","Meia Praia"
"2764631053","1960000","122","16065,57","Meia Praia"
"2626748179","1990000","127","15669,29","Centro"
"2638552844","1650000","103","16019,42","Meia Praia"
"2752765230","2880000","160","18000","Andorinha"
"2754122711","1948800","17","114635,29","Castelo Branco"
"2766525514","1300000","87","14942,53","Meia Praia"
"2722248042","1200000","110","10909,09","Meia Praia"
"2689407392","839000","64","13109,38","Jardim Praia Mar"
"2747203700","3980000","216","18425,93","Meia Praia"
"2743409622","3700000","210","17619,05","Meia Praia"
"2703746122","660000","70","9428,57","Morretes"
"2560059616","5500000","262","20992,37","Meia Praia"
"2560059992","770000","70","11000","Morretes"
"2731693035","1655000","124","13346,77","Meia Praia"
"2737367613","1850000","142","13028,17","Meia Praia"
"2728693968","5500000","190","28947,37","Meia Praia"
"2627428569","1860000","130","14307,69","Meia Praia"
"2703336884","819000","130","6300","Morretes"
"2723209710","1635000","127","12874,02","Meia Praia"
"2736716635","1899000","160","11868,75","Centro"
"2753756915","7000000","380","18421,05","Meia Praia"
"2545420774","5760000","197","29238,58","Meia Praia"
"2593386611","1862000","130","14323,08","Centro"
"2764632156","1300000","110","11818,18","Meia Praia"
"2569298361","7800000","200","39000","Centro"
"2758863207","1590000","129","12325,58","Meia Praia"
"2759671859","900000","61","14754,1","Meia Praia"
"2754844946","3500000","188","18617,02","Meia Praia"
"2621046878","3500000","198","17676,77","Meia Praia"
"2723208919","1900000","143","13286,71","Meia Praia"
"2760743955","3489890","200","17449,45","Andorinha"
"2547187940","1840000","145","12689,66","Meia Praia"
"2761577050","2500000","162","15432,1","Meia Praia"
"2743552353","961916","70","13741,66","Morretes"
"2747905140","9961420","250","39845,68","Meia Praia"
"2739558619","4900000","197","24873,1","Centro"
"2661363564","1999000","127","15740,16","Meia Praia"
"2619530802","8500000","200","42500","Centro"
"2613519001","650000","67","9701,49","Morretes"
"2714950655","3500000","155","22580,65","Meia Praia"
"2711620137","1690000","99","17070,71","Centro"
"2697681180","1800000","112","16071,43","Centro"
"2736543347","4771978","213","22403,65","Meia Praia"
"2766851627","1799800","123","14632,52","Castelo Branco"
"2744009671","1680000","115","14608,7","Meia Praia"
"2747884936","4350000","150","29000","Meia Praia"
"2740243020","2500000","127","19685,04","Centro"
"2513960576","2500000","120","20833,33","Meia Praia"
"2766855314","1598000","135","11837,04","Castelo Branco"
"2747203307","1229000","96","12802,08","Meia Praia"
"2743411682","3200000","152","21052,63","Meia Praia"
"2684069735","1000000","93","10752,69","Andorinha"
"2754640801","3598000","208","17298,08","Centro"
"2714719138","726013","70","10371,61","Morretes"
"2752619294","680000","60","11333,33","Morretes"
"2560637666","829000","65","12753,85","Morretes"
"2670313712","1890000","127","14881,89","Andorinha"
"2682577040","650000","70","9285,71","Casa Branca"
"2698812846","4500000","148","30405,41","Meia Praia"
"2541691303","2150000","86","25000","Centro"
"2754166329","2870000","193","14870,47","Meia Praia"
"2626576926","6500000","290","22413,79","Meia Praia"
"2720900142","750000","85","8823,53","Morretes"
"2760094102","860000","70","12285,71","Meia Praia"
"2669091218","3200000","190","16842,11","Meia Praia"
"2763098854","2498800","180","13882,22","Centro"
"2764633044","1800000","142","12676,06","Meia Praia"
"2764631586","9710000","180","53944,44","Meia Praia"
"2764631044","1300000","80","16250","Meia Praia"
"2763090818","2450000","94","26063,83","Meia Praia"
"2752069938","2600000","156","16666,67","Meia Praia"
"2653089758","1950000","130","15000","Meia Praia"
"2761011021","2998000","132","22712,12","Centro"
"2722171040","840000","40","21000","Meia Praia"
"2702029296","1489360","132","11283,03","Andorinha"
"2743920890","1277000","163","7834,36","Andorinha"
"2765123117","2200000","129","17054,26",""
"2738892664","1300000","117","11111,11","Centro"
"2646968176","2000000","180","11111,11","Meia Praia"
"2616733093","1790000","128","13984,38","Centro"
"2747202726","1900000","112","16964,29","Andorinha"
"2562594783","3500000","206","16990,29","Meia Praia"
"2606897518","790000","70","11285,71","Morretes"
"2610196087","1798000","135","13318,52","Castelo Branco"
"2511795395","2600000","166","15662,65","Meia Praia"
"2511793569","1915000","132","14507,58","Meia Praia"
"2761578130","825000","60","13750","Morretes"
"2611242501","5320000","165","32242,42","Estreito"
"2766852837","1469800","120","12248,33","Meia Praia"
"2683197881","2699000","163","16558,28","Centro"
"2747509301","2134590","185","11538,32","Castelo Branco"
"2692764663","1690000","81","20864,2","Meia Praia"
"2764895018","4900000","180","27222,22","Meia Praia"
"2687723583","3249000","188","17281,91","Meia Praia"
"2687155460","1873354","116","16149,6","Meia Praia"
"2686121011","895820","62","14448,71","Morretes"
"2646971165","920000","105","8761,9","Castelo Branco"
"2739591436","1231200","90","13680","Meia Praia"
"2743410770","3900000","196","19897,96","Meia Praia"
"2766852332","1799000","187","9620,32","Meia Praia"
"2547500208","1800000","145","12413,79","Meia Praia"
"2749355256","799000","130","6146,15","Meia Praia"
"2755754219","1200000","80","15000","Meia Praia"
"2535139773","6672000","186","35870,97","Morretes"
"2599783404","1862000","110","16927,27","Centro"
"2734021073","3178043","155","20503,5","Meia Praia"
"2653896966","1630000","149","10939,6","Centro"
"2716785834","2400000","140","17142,86","Andorinha"
"2740344034","696424","60","11607,07","Morretes"
"2764631767","8085000","359","22520,89","Meia Praia"
"2580467327","1200000","98","12244,9","Castelo Branco"
"2766853125","1689800","127","13305,51","Meia Praia"
"2665395523","1390000","190","7315,79","Castelo Branco"
"2710904328","750000","62","12096,77","Morretes"
"2752619194","1080000","69","15652,17","Meia Praia"
"2560637205","550002","70","7857,17","Morretes"
"2569844493","770041","69","11160,01","Morretes"
"2731779225","895000","69","12971,01","Morretes"
"2560056876","2160593","227","9518,03","Centro"
"2670820597","2228800","144","15477,78","Meia Praia"
"2682578658","620000","74","8378,38","Morretes"
"2755592415","1650000","130","12692,31","Meia Praia"
"2717778604","1899000","164","11579,27","Castelo Branco"
"2646970286","3000000","195","15384,62","Meia Praia"
"2754662109","2297570","130","17673,62","Castelo Branco"
"2764632344","2171400","127","17097,64","Meia Praia"
"2649205258","2665118","202","13193,65","Castelo Branco"
"2715657104","7800000","200","39000","Centro"
"2729257671","2950000","193","15284,97","Meia Praia"
"2752414797","6158564","240","25660,68","Meia Praia"
"2754156530","4498800","280","16067,14","Meia Praia"
"2722258857","1999000","130","15376,92","Meia Praia"
"2482909215","2050000","114","17982,46","Meia Praia"
"2766854613","683800","69","9910,14","Morretes"
"2763412613","750000","69","10869,57","Morretes"
"2745381109","1400000","154","9090,91","Meia Praia"
"2744006715","1650000","110","15000","Meia Praia"
"2747203008","650000","70","9285,71","Morretes"
"2747200735","8993000","180","49961,11","Meia Praia"
"2699373578","1150000","83","13855,42","Andorinha"
"2741271060","730000","61","11967,21","Morretes"
"2766851232","1579800","130","12152,31","Centro"
"2766852444","2532800","200","12664","Meia Praia"
"2749547693","6950000","200","34750","Centro"
"2754168788","1761194","140","12579,96","Meia Praia"
"2511793757","7500000","260","28846,15","Meia Praia"
"2539436310","1729000","131","13198,47","Meia Praia"
"2723211833","2200000","127","17322,83","Meia Praia"
"2561350503","860000","69","12463,77","Morretes"
"2715492960","1490000","90","16555,56","Centro"
"2692635659","3200000","222","14414,41","Meia Praia"
"2765370813","1650000","130","12692,31","Meia Praia"
"2511129777","2150000","129","16666,67","Meia Praia"
"2722171041","880000","42","20952,38","Meia Praia"
"2705078337","3690000","156","23653,85","Centro"
"2632591854","4500000","221","20361,99","Centro"
"2593072796","3790000","213","17793,43","Meia Praia"
"2748934899","1740000","113","15398,23","Centro"
"2744007185","2171400","137","15849,64","Meia Praia"
"2740006708","7100000","181","39226,52","Meia Praia"
"2764630843","9000000","725","12413,79","Meia Praia"
"2754745454","2352735","143","16452,69","Morretes"
"2664156809","6830000","157","43503,18","Meia Praia"
"2613057195","1350000","115","11739,13","Morretes"
"2748737155","795000","70","11357,14","Morretes"
"2634115178","640923","67","9566,01","Jardim Praia Mar"
"2739618876","790000","56","14107,14","Morretes"
"2763648648","2800000","150","18666,67","Meia Praia"
"2669810151","2100000","133","15789,47","Centro"
"2511795473","3943000","148","26641,89","Castelo Branco"
"2560637420","806000","70","11514,29","Morretes"
"2725378748","898000","70","12828,57","Morretes"
"2752988108","5100000","215","23720,93","Meia Praia"
"2763743425","904000","62","14580,65","Morretes"
"2749229845","933412","67","13931,52","Morretes"
"2650069875","700000","60","11666,67","Morretes"
"2626577328","2130000","400","5325","Meia Praia"
"2626576935","3800000","131","29007,63","Centro"
"2764631202","980000","42","23333,33","Centro"
"2633099798","4500000","225","20000","Meia Praia"
"2761879817","2600000","130","20000","Meia Praia"
"2761577634","2750000","163","16871,17","Meia Praia"
"2634329661","3500000","280","12500","Meia Praia"
"2720890688","735000","85","8647,06","Morretes"
"2753262617","828000","86","9627,91","Morretes"
"2628887673","1250000","85","14705,88","Meia Praia"
"2613244221","3490000","190","18368,42","Meia Praia"
"2510105479","2175000","125","17400","Centro"
"2646969626","880000","120","7333,33","Morretes"
"2635323156","4054000","178","22775,28","Meia Praia"
"2750481693","768000","70","10971,43","Morretes"
"2721015571","3590000","203","17684,73","Centro"
"2705882944","748000","100","7480","Morretes"
"2534691466","2407390","169","14244,91","Andorinha"
"2722068487","1843091","150","12287,27","Castelo Branco"
"2752434202","7992000","190","42063,16","Morretes"
"2742884448","4380000","315","13904,76","Meia Praia"
"2594646767","1900000","139","13669,06","Meia Praia"
"2747920423","682000","60","11366,67","Morretes"
"2766720214","1375000","78","17628,21","Meia Praia"
"2718882375","2099000","145","14475,86","Meia Praia"
"2721893459","950000","105","9047,62","Morretes"
"2749655296","880000","77","11428,57","Andorinha"
"2744006718","5200000","360","14444,44","Meia Praia"
"2709393592","1800000","123","14634,15","Meia Praia"
"2748823198","3943000","117","33700,85","Meia Praia"
"2747203313","1590000","114","13947,37","Andorinha"
"2747203120","3200000","222","14414,41","Meia Praia"
"2708775966","1990000","158","12594,94","Meia Praia"
"2747203119","2199000","160","13743,75","Andorinha"
"2677839125","1475000","130","11346,15","Meia Praia"
"2599020454","2890000","161","17950,31","Meia Praia"
"2582494713","3800000","209","18181,82","Meia Praia"
"2765546852","1970000","138","14275,36","Andorinha"
"2766855222","8249800","295","27965,42","Centro"
"2754747817","1770000","114","15526,32","Meia Praia"
"2662673857","2046450","130","15741,92","Meia Praia"
"2720507960","4000000","190","21052,63","Meia Praia"
"2733393020","1600000","127","12598,43","Andorinha"
"2569301251","2800000","150","18666,67","Meia Praia"
"2747203142","850000","55","15454,55","Morretes"
"2645358485","1853000","129","14364,34","Centro"
"2744016159","1100000","85","12941,18","Centro"
"2765546448","1700000","108","15740,74","Meia Praia"
"2754746521","2398764","160","14992,28","Castelo Branco"
"2673068541","650000","70","9285,71","Morretes"
"2734805416","1450000","139","10431,65","Centro"
"2743026057","7210000","166","43433,73","Meia Praia"
"2626580004","1890000","149","12684,56","Centro"
"2689360526","829991","65","12769,09","Morretes"
"2651821094","1050000","104","10096,15","Andorinha"
"2739618123","1400000","216","6481,48","Meia Praia"
"2740006697","3300000","182","18131,87","Meia Praia"
"2761579420","3390000","182","18626,37","Meia Praia"
"2749228282","1980000","145","13655,17","Meia Praia"
"2612158113","1800000","145","12413,79","Castelo Branco"
"2530313714","3450000","195","17692,31","Meia Praia"
"2660375257","4355000","222","19617,12","Meia Praia"
"2600541170","2250000","128","17578,12","Meia Praia"
"2764631825","3045000","184","16548,91","Centro"
"2747203147","7810000","196","39846,94","Meia Praia"
"2747202811","1750000","122","14344,26","Castelo Branco"
"2764633915","1050000","110","9545,45","Centro"
"2609062379","1600000","150","10666,67","Meia Praia"
"2664169704","1400000","109","12844,04","Meia Praia"
"2729769016","1650000","115","14347,83","Centro"
"2560059375","3269015","197","16593,98","Meia Praia"
"2560637605","760000","109","6972,48","Morretes"
"2543286828","8774000","230","38147,83","Centro"
"2646970880","650000","70","9285,71","Morretes"
"2764671539","1490000","92","16195,65","Centro"
"2751889209","1950000","144","13541,67","Meia Praia"
"2707075876","3150000","213","14788,73","Morretes"
"2769185065","99470","95","1047,05","Castelo Branco"
"2737157538","2650000","500","5300","Meia Praia"
"2766852427","5497800","186","29558,06","Centro"
"2718565736","890000","80","11125","Meia Praia"
"2686121009","819000","69","11869,57","Morretes"
"2599989830","2700000","240","11250","Castelo Branco"
"2692543153","7888000","166","47518,07","Meia Praia"
"2663325368","2133000","129","16534,88","Centro"
"2750452293","2166000","190","11400","Meia Praia"
"2754739805","890000","114","7807,02","Meia Praia"
"2686840242","1400000","125","11200","Meia Praia"
"2674728179","648000","62","10451,61","Morretes"
"2604160804","1359000","112","12133,93","Meia Praia"
"2749683505","780390","70","11148,43","Jardim Praia Mar"
"2600013564","3500000","186","18817,2","Centro"
"2748823002","8801000","229","38432,31","Centro"
"2649965125","1580000","120","13166,67","Centro"
"2744954001","880000","64","13750","Morretes"
"2746882466","1870301","151","12386,1","Meia Praia"
"2744012982","724311","66","10974,41","Alto São Bento"
"2717290543","2395000","141","16985,82","Centro"
"2730412942","2100000","157","13375,8","Centro"
"2763412131","2200000","150","14666,67","Meia Praia"
"2594915073","662000","70","9457,14","Varzea"
"2586010185","1150000","110","10454,55","Meia Praia"
"2604271982","2290000","138","16594,2","Centro"
"2743562350","1100000","70","15714,29","Morretes"
"2759276632","824632","70","11780,46","Casa Branca"
"2693494818","816129","64","12752,02","Morretes"
"2729166724","2738000","140","19557,14","Meia Praia"
"2753545415","8998800","505","17819,41","Centro"
"2626748184","2690000","130","20692,31","Meia Praia"
"2764633959","2280000","150","15200","Centro"
"2740006703","1200000","86","13953,49","Meia Praia"
"2760453518","2998000","132","22712,12","Centro"
"2625209362","2000000","135","14814,81","Meia Praia"
"2738792851","3200000","190","16842,11","Meia Praia"
"2609059307","2500000","192","13020,83","Meia Praia"
"2764632137","780000","40","19500","Meia Praia"
"2764953001","2317950","138","16796,74","Centro"
"2689593744","649500","80","8118,75","Morretes"
"2759608018","900000","61","14754,1","Meia Praia"
"2560057147","1099900","70","15712,86","Morretes"
"2752029695","3150000","172","18313,95","Centro"
"2763033817","3550000","188","18882,98","Meia Praia"
"2764631334","1550000","100","15500","Canto da Praia"
"2669387178","1312000","88","14909,09","Canto da Praia"
"2738796724","3500000","188","18617,02","Meia Praia"
"2560057015","3200000","128","25000","Meia Praia"
"2518267581","800000","85","9411,76","Morretes"
"2699373681","1020000","150","6800","Varzea"
"2706252415","650000","65","10000","Morretes"
"2539970490","2450000","290","8448,28","Meia Praia"
"2746689527","1170230","90","13002,56","Andorinha"
"2755524601","1200000","126","9523,81","Meia Praia"
"2766855813","710000","70","10142,86","Jardim Praia Mar"
"2753380144","719000","68","10573,53","Morretes"
"2723254636","8250000","185","44594,59","Meia Praia"
"2594623375","1980000","145","13655,17","Meia Praia"
"2596941511","3460000","225","15377,78","Centro"
"2692570769","620000","74","8378,38","Morretes"
"2679843893","745000","110","6772,73","Morretes"
"2667981718","890000","95","9368,42","Morretes"
"2737852621","1380000","113","12212,39","Morretes"
"2735197514","860000","126","6825,4","Castelo Branco"
"2570450258","1320000","103","12815,53","Meia Praia"
"2753961800","1199480","125","9595,84","Meia Praia"
"2739917027","890000","113","7876,11","Meia Praia"
"2747202724","2260239","127","17797,16","Andorinha"
"2569301248","2250000","185","12162,16","Centro"
"2734025313","4266946","195","21881,77","Meia Praia"
"2715659294","4517000","183","24683,06","Meia Praia"
"2683791717","849000","100","8490","Morretes"
"2734630529","3974000","129","30806,2","Andorinha"
"2661673531","2400000","180","13333,33","Meia Praia"
"2716833337","3499900","183","19125,14","Centro"
"2760453622","1590000","117","13589,74","Centro"
"2735810430","990000","70","14142,86","Tabuleiro dos Oliveiras"
"2628242861","1600000","137","11678,83","Meia Praia"
"2761579324","2413950","140","17242,5","Andorinha"
"2759607229","1000000","94","10638,3","Meia Praia"
"2758840154","2900000","167","17365,27","Centro"
"2609060700","4800000","235","20425,53","Meia Praia"
"2765546560","1999800","157","12737,58","Meia Praia"
"2761576932","2046450","130","15741,92","Meia Praia"
"2763090328","7992000","190","42063,16","Morretes"
"2761880313","850000","67","12686,57","Morretes"
"2742888188","1750000","127","13779,53","Centro"
"2605291190","2199000","143","15377,62","Meia Praia"
"2621798030","1070000","98","10918,37","Meia Praia"
"2764631578","2984993","153","19509,76","Centro"
"2738623253","2680000","178","15056,18","Meia Praia"
"2752670094","3496000","203","17221,67","Castelo Branco"
"2764633923","1650000","141","11702,13","Andorinha"
"2723352254","4490000","300","14966,67","Meia Praia"
"2724505670","1650000","107","15420,56","Castelo Branco"
"2656735513","848000","68","12470,59","Centro"
"2759189980","1990000","117","17008,55","Castelo Branco"
"2752062812","3090000","126","24523,81","Meia Praia"
"2700516114","720000","110","6545,45","Morretes"
"2716729440","760000","141","5390,07","Morretes"
"2766853322","1499800","119","12603,36","Meia Praia"
"2725685865","1050000","89","11797,75","Meia Praia"
"2696127896","790000","95","8315,79","Morretes"
"2677490194","680000","85","8000","Morretes"
"2728008148","869001","123","7065,05","Morretes"
"2769208984","1600000","116","13793,1","Canto da Praia"
"2736466220","2200000","135","16296,3","Meia Praia"
"2571044490","793485","66","12022,5","Jardim Praia Mar"
"2738892665","1190000","70","17000","Morretes"
"2569300655","1600000","138","11594,2","Meia Praia"
"2569302093","8550000","200","42750","Centro"
"2569455966","1750000","190","9210,53","Centro"
"2560060077","1050000","74","14189,19","Meia Praia"
"2758865126","1590000","114","13947,37","Meia Praia"
"2736749537","8000000","344","23255,81","Meia Praia"
"2533540180","1363000","106","12858,49","Andorinha"
"2677088398","1275000","102","12500","Castelo Branco"
"2764727209","2672909","169","15816,03","Andorinha"
"2751043014","2095000","143","14650,35","Castelo Branco"
"2754174522","899000","69","13028,99","Morretes"
"2765234218","1500000","114","13157,89","Meia Praia"
"2747203011","750000","47","15957,45","Morretes"
"2727224067","4054698","178","22779,2","Meia Praia"
"2707038157","2600000","188","13829,79","Casa Branca"
"2764895022","1799000","180","9994,44","Centro"
"2689660019","705555","69","10225,43","Morretes"
"2607159788","640000","95","6736,84","Morretes"
"2566054543","6600000","175","37714,29",""
"2755524997","1000000","93","10752,69","Andorinha"
"2763033617","3450000","188","18351,06","Meia Praia"
"2747718502","1500000","128","11718,75","Andorinha"
"2673387142","840000","70","12000","Morretes"
"2634060953","780000","105","7428,57","Morretes"
"2754704198","1950000","122","15983,61","Meia Praia"
"2720892444","689900","80","8623,75","Morretes"
"2766854514","890000","70","12714,29","Andorinha"
"2756801487","9480000","201","47164,18","Meia Praia"
"2646971471","1649000","125","13192","Meia Praia"
"2759378056","996142","70","14230,6","Andorinha"
"2747342816","1600000","127","12598,43","Meia Praia"
"2626748057","5200000","434","11981,57","Meia Praia"
"2764859736","2150000","129","16666,67","Meia Praia"
"2725475863","860000","65","13230,77","Jardim Praia Mar"
"2653061645","2188000","134","16328,36","Meia Praia"
"2617955015","1950000","149","13087,25","Meia Praia"
"2638661299","1800000","128","14062,5","Meia Praia"
"2661363565","560000","95","5894,74","Morretes"
"2764634129","3700000","160","23125","Meia Praia"
"2764631295","1450000","94","15425,53","Meia Praia"
"2675653513","2998800","208","14417,31","Centro"
"2764632739","2171400","137","15849,64","Meia Praia"
"2738114515","2200000","130","16923,08","Meia Praia"
"2740006705","1800000","270","6666,67","Castelo Branco"
"2768441016","2577412","167","15433,6","Meia Praia"
"2760453532","1600000","198","8080,81","Castelo Branco"
"2766831347","1590000","86","18488,37","Centro"
"2767582336","4500000","226","19911,5","Meia Praia"
"2767583027","2531320","185","13682,81","Meia Praia"
"2758970216","1100000","42","26190,48","Meia Praia"
"2768968728","2799660","120","23330,5","Canto da Praia"
"2766307213","4050000","205","19756,1","Meia Praia"
"2766854816","7250000","419","17303,1","Casa Branca"
"2769187756","7149640","432","16550,09","Centro"
"2727107938","3390000","182","18626,37","Meia Praia"
"2742329570","1900000","126","15079,37","Centro"
"2754771401","4498000","124","36274,19","Meia Praia"
"2767583628","6539318","197","33194,51","Meia Praia"
"2764634525","1300000","81","16049,38","Meia Praia"
"2560059971","1730000","103","16796,12","Meia Praia"
"2764631748","980000","40","24500","Meia Praia"
"2736917772","6950000","200","34750","Centro"
"2765232233","2630000","138","19057,97","Centro"
"2769188728","2348670","450","5219,27","Casa Branca"
"2765064331","7210000","166","43433,73","Meia Praia"
"2752767497","3500000","139","25179,86","Meia Praia"
"2718895564","2300000","382","6020,94","Meia Praia"
"2766192625","6500000","178","36516,85","Meia Praia"
"2723209711","1700000","137","12408,76","Andorinha"
"2648677397","768000","70","10971,43","Morretes"
"2766854820","1737925","114","15244,96","Andorinha"
"2766853625","6514519","184","35404,99","Meia Praia"
"2744006713","1685000","122","13811,48","Meia Praia"
"2761804720","3500000","198","17676,77","Meia Praia"
"2740006962","2000000","261","7662,84","Andorinha"
"2743655068","2400000","284","8450,7","Castelo Branco"
"2764633088","4900000","180","27222,22","Centro"
"2693899183","720000","110","6545,45","Morretes"
"2538667390","2441308","206","11851,01","Meia Praia"
"2619793554","2990000","130","23000","Centro"
"2726614444","2199000","160","13743,75","Andorinha"
"2754737812","997000","96","10385,42","Meia Praia"
"2764635216","880000","40","22000","Meia Praia"
"2764631577","2469420","1338","1845,61","Centro"
"2458728911","2300000","178","12921,35","Andorinha"
"2764895217","3500000","190","18421,05","Centro"
"2569298357","3190000","150","21266,67","Centro"
"2677845995","750000","288","2604,17","Morretes"
"2603685016","750000","100","7500","Morretes"
"2685759749","7488000","185","40475,68","Centro"
"2754166744","680000","62","10967,74","Sertão Do Trombudo"
"2566528281","1825000","116","15732,76","Meia Praia"
"2765093605","850000","79","10759,49","Meia Praia"
"2657652816","2700000","1749","1543,74","Meia Praia"
"2754747716","3680900","202","18222,28","Centro"
"2744007186","3638463","175","20791,22","Meia Praia"
"2682574991","2378550","202","11775","Castelo Branco"
"2594348462","760000","40","19000","Meia Praia"
"2704376065","3570000","238","15000","Centro"
"2708221754","718477","69","10412,71","Morretes"
"2594382160","1900000","132","14393,94","Meia Praia"
"2714823296","930000","80","11625","Centro"
"2692635658","3490000","186","18763,44","Meia Praia"
"2757661936","660000","70","9428,57","Morretes"
"2761685913","2998000","132","22712,12","Centro"
"2741019811","2939514","206","14269,49","Meia Praia"
"2693494915","827084","64","12923,19","Morretes"
"2767581558","3750000","1390","2697,84","Morretes"
"2764632147","2990000","185","16162,16","Meia Praia"
"2728874723","2950000","128","23046,88","Castelo Branco"
"2727831547","2768000","180","15377,78",""
"2559233855","2500000","198","12626,26","Meia Praia"
"2733712228","3900000","217","17972,35","Meia Praia"
"2643986955","4490000","300","14966,67","Meia Praia"
"2764979915","1495000","117","12777,78","Andorinha"
"2635560495","1750000","146","11986,3","Meia Praia"
"2635064580","4490000","300","14966,67","Meia Praia"
"2761880113","1750000","117","14957,26","Meia Praia"
"2738889666","1700000","120","14166,67","Meia Praia"
"2765064635","3900000","190","20526,32","Canto da Praia"
"2578511249","1750000","134","13059,7","Meia Praia"
"2755583840","2690000","130","20692,31","Meia Praia"
"2727188040","2400000","116","20689,66","Meia Praia"
"2720508937","1890000","149","12684,56","Centro"
"2599655220","1170000","90","13000","Meia Praia"
"2715194804","4798000","180","26655,56","Castelo Branco"
"2727831549","2598800","180","14437,78","Centro"
"2511795098","1842000","140","13157,14","Andorinha"
"2692571259","1450000","100","14500","Andorinha"
"2625297161","1890000","146","12945,21","Meia Praia"
"2593922654","1800000","117","15384,62","Canto da Praia"
"2750289675","620000","70","8857,14","Morretes"
"2757095318","718000","70","10257,14","Morretes"
"2759324976","996142","70","14230,6","Andorinha"
"2537282575","6240637","182","34289,21","Morretes"
"2609058822","2200000","114","19298,25","Centro"
"2721666437","650000","64","10156,25","Morretes"
"2748823295","8085000","180","44916,67","Meia Praia"
"2716867340","780000","69","11304,35","Alto São Bento"
"2737574420","7888000","166","47518,07","Meia Praia"
"2753173272","558000","43","12976,74","Morretes"
"2765550313","2200000","140","15714,29","Meia Praia"
"2766855115","2499800","250","9999,2","Meia Praia"
"2745678246","1490000","118","12627,12","Andorinha"
"2728045734","1600000","146","10958,9","Andorinha"
"2746675796","2742000","120","22850","Centro"
"2560056886","3419000","166","20596,39","Meia Praia"
"2687441030","2726550","177","15404,24","Meia Praia"
"2560056346","805000","70","11500","Morretes"
"2764633958","2990000","200","14950","Canto da Praia"
"2764633064","9500000","447","21252,8","Centro"
"2766852813","5199800","236","22033,05","Morretes"
"2754745142","5427475","291","18651,12","Centro"
"2740008026","8993000","180","49961,11","Meia Praia"
"2740245073","7210000","166","43433,73","Meia Praia"
"2720585038","700649","70","10009,27","Morretes"
"2740008517","2420000","163","14846,63","Andorinha"
"2751617614","759110","70","10844,43","Morretes"
"2569455272","4500000","368","12228,26","Centro"
"2762841850","2400000","140","17142,86","Andorinha"
"2766314064","9750000","410","23780,49","Meia Praia"
"2721372964","1913000","81","23617,28","Meia Praia"
"2764632847","880000","70","12571,43","Morretes"
"2626579993","8000000","320","25000","Meia Praia"
"2665066879","5875203","163","36044,19","Morretes"
"2569457600","1840000","187","9839,57","Centro"
"2730783851","1600000","180","8888,89","Meia Praia"
"2628379924","860000","70","12285,71","Jardim Praia Mar"
"2707053562","4355000","222","19617,12","Centro"
"2728058602","743000","100","7430","Morretes"
"2709383130","710000","105","6761,9","Morretes"
"2749846242","1470000","128","11484,38","Meia Praia"
"2654604756","7800000","181","43093,92","Meia Praia"
"2507863236","3600000","197","18274,11","Meia Praia"
"2747201944","1900000","100","19000","Meia Praia"
"2569301253","1690000","177","9548,02","Meia Praia"
"2768649424","700000","63","11111,11","Morretes"
"2749994425","589110","89","6619,21","Morretes"
"2768646049","1100000","958","1148,23","Alto São Bento"
"2525914069","1822000","127","14346,46","Centro"
"2714952001","1868399","172","10862,78","Andorinha"
"2691776759","650000","80","8125","Morretes"
"2720508358","3090000","200","15450","Meia Praia"
"2592169416","1450000","141","10283,69","Meia Praia"
"2677256603","1920000","140","13714,29","Meia Praia"
"2674190810","1778265","131","13574,54","Meia Praia"
"2638661886","1790000","116","15431,03","Canto da Praia"
"2745049766","2226000","118","18864,41","Canto da Praia"
"2705884482","4195000","176","23835,23","Centro"
"2767599321","1400000","75","18666,67","Andorinha"
"2676663630","650000","66","9848,48","Morretes"
"2657045756","2099000","142","14781,69","Meia Praia"
"2688822516","680000","70","9714,29","Morretes"
"2743293193","819002","130","6300,02","Morretes"
"2731007332","3449985","140","24642,75","Meia Praia"
"2560637198","720001","115","6260,88","Morretes"
"2692765954","720001","110","6545,46","Morretes"
"2675947394","950000","105","9047,62","Morretes"
"2760156730","1300000","95","13684,21","Centro"
"2743163479","6830000","158","43227,85","Meia Praia"
"2671627199","727193","65","11187,58","Morretes"
"2560060456","1212800","118","10277,97","Meia Praia"
"2704135219","3700000","193","19170,98","Centro"
"2764220222","3800000","200","19000","Meia Praia"
"2766855915","1711800","133","12870,68","Centro"
"2759463052","2990000","179","16703,91","Meia Praia"
"2762248518","2579400","210","12282,86","Casa Branca"
"2669812805","1522000","88","17295,45","Canto da Praia"
"2560059820","2598800","185","14047,57","Meia Praia"
"2764634323","1850000","154","12012,99","Andorinha"
"2764631670","1700000","1002","1696,61","Meia Praia"
"2633492169","778000","70","11114,29","Casa Branca"
"2627259842","885892","70","12655,6","Morretes"
"2623904721","3100000","268","11567,16","Meia Praia"
"2736423276","775000","70","11071,43","Jardim Praia Mar"
"2658963632","834889","70","11926,99","Centro"
"2727297150","1310000","101","12970,3","Meia Praia"
"2751288697","9998000","245","40808,16","Meia Praia"
"2599019699","1950000","139","14028,78","Centro"
"2761509423","1260041","121","10413,56","Meia Praia"
"2728836941","2200000","115","19130,43","Centro"
"2511795096","3560000","179","19888,27","Meia Praia"
"2723211738","2000000","142","14084,51","Andorinha"
"2766851833","2350000","162","14506,17","Andorinha"
"2727424245","850000","69","12318,84","Tabuleiro dos Oliveiras"
"2752959809","7300000","205","35609,76","Meia Praia"
"2726637637","1635000","111","14729,73","CENTRO"
"2760097332","1260000","97","12989,69","Centro"
"2560056884","2538486","153","16591,41","Centro"
"2563813559","2500000","149","16778,52","Centro"
"2763090327","1350000","100","13500","Meia Praia"
"2761879715","2450000","137","17883,21","Andorinha"
"2750894622","3484000","139","25064,75","Meia Praia"
"2752646701","829000","110","7536,36","Morretes"
"2569301255","1690000","177","9548,02","Meia Praia"
"2761574939","2998000","132","22712,12","Centro"
"2747203306","5000000","197","25380,71","Centro"
"2759541415","900000","61","14754,1","Meia Praia"
"2758554079","898800","70","12840","Morretes"
"2758557124","1884860","132","14279,24","Meia Praia"
"2758850431","3480800","213","16341,78","Meia Praia"
"2754746322","3435100","190","18079,47","Meia Praia"
"2748437895","1665000","102","16323,53","Canto da Praia"
"2752153445","951000","28","33964,29","Castelo Branco"
"2630144666","1800000","164","10975,61","Andorinha"
"2759672759","890000","69","12898,55","Centro"
"2718029270","1958000","146","13410,96","Centro"
"2746320203","890000","70","12714,29","Meia Praia"
"2593071359","2200000","135","16296,3","Meia Praia"
"2609062501","1900000","135","14074,07","Centro"
"2660215249","2155851","114","18910,97","Andorinha"
"2725011792","705983","63","11206,08","Morretes"
"2658725057","6799892","177","38417,47","Morretes"
"2511795099","4309000","166","25957,83","Meia Praia"
"2647412375","4355000","222","19617,12","Meia Praia"
"2759377652","896528","65","13792,74","Meia Praia"
"2737577521","1850000","140","13214,29","Meia Praia"
"2709413975","743000","100","7430","Morretes"
"2609061383","2250000","114","19736,84","Centro"
"2759269652","896528","65","13792,74","Meia Praia"
"2751612898","6976000","161","43329,19","Morretes"
"2764980015","2300000","137","16788,32","Meia Praia"
"2617138418","816000","69","11826,09","Morretes"
"2692760047","1815000","115","15782,61","Andorinha"
"2763811428","1890000","115","16434,78","Meia Praia"
"2764781426","4790000","190","25210,53","Andorinha"
"2674641079","2800000","136","20588,24","Centro"
"2752470027","8993000","180","49961,11","Meia Praia"
"2763648644","1390000","116","11982,76","Morretes"
"2639284438","721977","70","10313,96","Jardim Praia Mar"
"2753205894","620000","70","8857,14","Morretes"
"2766853114","1500000","86","17441,86","Centro"
"2704733254","4940000","268","18432,84","Andorinha"
"2754568158","1600000","117","13675,21","Meia Praia"
"2748245225","1690000","140","12071,43","Centro"
"2613245827","3590000","182","19725,27","Meia Praia"
"2766852225","2100000","126","16666,67","Andorinha"
"2731099145","2800000","142","19718,31","Meia Praia"
"2756089951","9815000","300","32716,67","Castelo Branco"
"2749233093","2050000","150","13666,67","Meia Praia"
"2722650560","1400000","115","12173,91","Meia Praia"
"2672319140","2420000","163","14846,63","Andorinha"
"2747203793","1996000","123","16227,64","Meia Praia"
"2545967099","3500000","280","12500","Meia Praia"
"2562265102","4000000","200","20000","Meia Praia"
"2560057604","2992000","135","22162,96","Meia Praia"
"2560059108","2650000","128","20703,12","Meia Praia"
"2560060071","1763187","130","13562,98","Meia Praia"
"2560060662","929035","70","13271,93","Morretes"
"2764402647","619230","90","6880,33","Alto São Bento"
"2758342819","670000","58","11551,72","Morretes"
"2675654412","1725854","135","12784,1","Meia Praia"
"2747201803","4350000","188","23138,3","Meia Praia"
"2510105480","4700000","180","26111,11","Centro"
"2714718784","1001328","97","10322,97","Meia Praia"
"2715659295","3200000","176","18181,82","Centro"
"2660557657","860000","69","12463,77","Morretes"
"2740969158","1390000","69","20144,93","Tabuleiro dos Oliveiras"
"2763649135","950000","70","13571,43","Morretes"
"2689937562","795000","80","9937,5","Varzea"
"2622112654","3610000","140","25785,71","Meia Praia"
"2744015176","2100000","132","15909,09","Andorinha"
"2606897520","3900000","200","19500","Centro"
"2606898685","630000","69","9130,43","Morretes"
"2595765481","4052000","213","19023,47","Meia Praia"
"2648807881","2200000","127","17322,83","Meia Praia"
"2560059675","797015","69","11550,94","Morretes"
"2570172297","1880000","123","15284,55","Meia Praia"
"2736934376","2500000","155","16129,03","Meia Praia"
"2744012697","1550000","115","13478,26","Meia Praia"
"2764895413","3500000","190","18421,05","Centro"
"2744014219","1450000","114","12719,3","Meia Praia"
"2728064238","780000","57","13684,21","Morretes"
"2541689814","3350000","197","17005,08","Meia Praia"
"2698590779","749000","70","10700","Morretes"
"2754687308","700000","60","11666,67","Morretes"
"2752462999","8250000","185","44594,59","Meia Praia"
"2560637294","750001","100","7500,01","Morretes"
"2754746751","4550000","187","24331,55","Centro"
"2560637562","929000","70","13271,43","Morretes"
"2754990857","1350000","129","10465,12","Andorinha"
"2743653784","1580000","116","13620,69","Centro"
"2760452527","6240637","183","34101,84","Morretes"
"2766855619","949800","81","11725,93","Meia Praia"
"2677404601","1395000","105","13285,71","Meia Praia"
"2762694337","9577800","234","40930,77","Meia Praia"
"2752619196","5997000","343","17483,97","Meia Praia"
"2707056469","6538000","169","38686,39","Centro"
"2756065918","649000","68","9544,12","Morretes"
"2741514272","684000","69","9913,04","Morretes"
"2678626594","6700000","215","31162,79","Morretes"
"2712205359","1990000","129","15426,36","Castelo Branco"
"2560060074","3500000","228","15350,88","Meia Praia"
"2560060001","4498042","213","21117,57","Meia Praia"
"2764860724","2000000","148","13513,51","Meia Praia"
"2766853624","2684800","180","14915,56","Meia Praia"
"2766855818","689800","60","11496,67","Morretes"
"2766853517","1967800","175","11244,57","Andorinha"
"2766855616","5839800","198","29493,94","Centro"
"2710886977","4955265","202","24531,01","Meia Praia"
"2722255666","898000","69","13014,49","Tabuleiro dos Oliveiras"
"2748488199","1590000","114","13947,37","Andorinha"
"2759012113","1200000","80","15000","Meia Praia"
"2753770732","696869","70","9955,27","Morretes"
"2531161777","2535631","213","11904,37","Meia Praia"
"2744683806","5500000","175","31428,57","Meia Praia"
"2758849655","3570000","238","15000","Centro"
"2693257923","988000","120","8233,33","Meia Praia"
"2725199063","1297000","95","13652,63","Meia Praia"
"2723275157","1750000","122","14344,26","Andorinha"
"2761576356","5950000","190","31315,79","Meia Praia"
"2761577051","1950000","128","15234,38","Meia Praia"
"2763090820","5500000","301","18272,43","Meia Praia"
"2763090821","830000","67","12388,06","Morretes"
"2719333638","1200000","84","14285,71","Meia Praia"
"2713259432","2199000","151","14562,91","Castelo Branco"
"2748437995","3500000","128","27343,75","Meia Praia"
"2673990651","589100","64","9204,69","Jardim Praia Mar"
"2733465665","3730000","219","17031,96","Centro"
"2586037748","2698800","163","16557,06","Centro"
"2608012949","1950000","114","17105,26","Centro"
"2703865119","2890000","135","21407,41","Centro"
"2727571674","869000","123","7065,04","Morretes"
"2733698252","3728000","160","23300","Meia Praia"
"2699638909","9800000","180","54444,44","Meia Praia"
"2613024541","2390000","174","13735,63","Meia Praia"
"2744696827","1850000","146","12671,23","Meia Praia"
"2725003764","3680000","182","20219,78","Meia Praia"
"2695706309","1995654","150","13304,36","Castelo Branco"
"2651385985","1850000","180","10277,78","Meia Praia"
"2743111879","1826016","126","14492,19","Meia Praia"
"2736636062","690000","70","9857,14","Andorinha"
"2767581643","610000","70","8714,29","Varzea"
"2760094927","830000","62","13387,1","Centro"
"2561153104","1700000","105","16190,48","Meia Praia"
"2511793807","1655000","127","13031,5","Castelo Branco"
"2742884450","1700000","127","13385,83","Centro"
"2740008422","9710000","180","53944,44","Meia Praia"
"2560636971","806000","70","11514,29","Morretes"
"2740140866","3200000","346","9248,55","Meia Praia"
"2678053981","750000","70","10714,29","Morretes"
"2764633949","2700000","172","15697,67","Centro"
"2766853823","6100000","169","36094,67","Meia Praia"
"2633529985","1400000","120","11666,67","Castelo Branco"
"2728451825","4500000","158","28481,01","Meia Praia"
"2560637276","808000","68","11882,35","Morretes"
"2699373278","1750000","116","15086,21","Meia Praia"
"2622106960","5160000","180","28666,67","Meia Praia"
"2636601667","590000","62","9516,13","Morretes"
"2716329297","2500000","163","15337,42","Meia Praia"
"2609445976","1590000","125","12720","Centro"
"2754747732","1860000","128","14531,25","Meia Praia"
"2700273490","869000","123","7065,04","Morretes"
"2766855328","2250000","109","20642,2","Canto da Praia"
"2764632949","2150000","1298","1656,39","Meia Praia"
"2741072568","8500000","365","23287,67","Centro"
"2526446351","922000","68","13558,82","Morretes"
"2766852032","1850000","136","13602,94","Meia Praia"
"2754169535","1500000","127","11811,02","Meia Praia"
"2766853418","1889800","138","13694,2","Meia Praia"
"2696943037","997000","95","10494,74","Meia Praia"
"2575451379","680000","42","16190,48","Morretes"
"2654520429","1200000","84","14285,71","Meia Praia"
"2746689528","1525825","177","8620,48","Andorinha"
"2664417201","1900000","100","19000","Meia Praia"
"2678339346","580000","75","7733,33","Morretes"
"2755582277","2199000","127","17314,96","Meia Praia"
"2766853629","2219000","181","12259,67","Meia Praia"
"2766853013","1499800","127","11809,45","Meia Praia"
"2699371299","1180000","120","9833,33","Andorinha"
"2766852729","1489800","120","12415","Meia Praia"
"2554094314","7210000","180","40055,56","Meia Praia"
"2721774724","1500000","80","18750","Morretes"
"2739751952","1680000","140","12000","Meia Praia"
"2738090852","7888000","166","47518,07","Meia Praia"
"2634150727","1500000","85","17647,06",""
"2763321442","1736133","138","12580,67","Meia Praia"
"2749124902","2300000","137","16788,32","Meia Praia"
"2690467864","1450000","100","14500","Centro"
"2747202039","2399000","146","16431,51","Meia Praia"
"2639004386","4500000","197","22842,64","Meia Praia"
"2621682806","690000","70","9857,14","Morretes"
"2626149649","680000","33","20606,06","Jardim Praia Mar"
"2764634756","1590000","135","11777,78","Meia Praia"
"2751410625","3490800","206","16945,63","Meia Praia"
"2669679707","560000","59","9491,53","Morretes"
"2694436080","849000","100","8490","Morretes"
"2754748206","1938348","135","14358,13","Andorinha"
"2748438396","3697000","186","19876,34","Meia Praia"
"2744005551","2050000","150","13666,67","Castelo Branco"
"2737626748","1300000","135","9629,63","Andorinha"
"2761964337","1650000","116","14224,14","Meia Praia"
"2702024438","5800000","145","40000","Centro"
"2711800998","2330000","129","18062,02","Castelo Branco"
"2728884794","2800000","2278","1229,15","Casa Branca"
"2592158701","2318000","175","13245,71","Centro"
"2733087417","5699000","180","31661,11","Centro"
"2647976378","9500000","334","28443,11","Meia Praia"
"2625850858","2700000","59","45762,71","Meia Praia"
"2766851817","759800","70","10854,29","Morretes"
"2761794453","669000","69","9695,65","Alto São Bento"
"2754746555","3148000","205","15356,1","Meia Praia"
"2675942997","869000","123","7065,04","Morretes"
"2733745454","2870000","192","14947,92","Meia Praia"
"2662641574","1345000","120","11208,33","Andorinha"
"2759963287","1050000","40","26250","Meia Praia"
"2675654603","1700000","114","14912,28","Andorinha"
"2555701231","1330000","90","14777,78","Meia Praia"
"2617014920","1570000","140","11214,29","Centro"
"2630641630","3700000","200","18500","Meia Praia"
"2720923542","1950000","170","11470,59","Meia Praia"
"2606897521","3590000","200","17950","Meia Praia"
"2739734490","1500000","105","14285,71","Centro"
"2523441036","1376903","93","14805,41","Andorinha"
"2560058583","891491","58","15370,53","Morretes"
"2692570680","530000","60","8833,33","Morretes"
"2722265539","2200000","131","16793,89","Andorinha"
"2669813595","1452000","88","16500","Canto da Praia"
"2700643582","1350000","130","10384,62","Meia Praia"
"2719782453","2349900","233","10085,41","Canto da Praia"
"2748780769","1890000","132","14318,18","Castelo Branco"
"2761509623","880000","80","11000","Meia Praia"
"2752615520","3857000","259","14891,89","Meia Praia"
"2764895316","2823000","125","22584","Centro"
"2765018998","2598800","164","15846,34","Centro"
"2560056343","2060000","118","17457,63","Centro"
"2656027791","650000","65","10000","Meia Praia"
"2719412585","2300000","165","13939,39","Andorinha"
"2677530397","1395000","108","12916,67","Meia Praia"
"2761577046","2200000","130","16923,08","Meia Praia"
"2668438393","1700000","147","11564,63","Meia Praia"
"2598311479","650000","70","9285,71","Morretes"
"2596145692","6888000","185","37232,43","Centro"
"2596146064","4800000","274","17518,25","Meia Praia"
"2547187847","3590000","182","19725,27","Meia Praia"
"2553545035","828000","69","12000","Morretes"
"2648768279","3090000","126","24523,81","Meia Praia"
"2768350326","3300000","2100","1571,43","Varzea"
"2750981841","6830000","157","43503,18","Meia Praia"
"2712552501","2970000","200","14850","Canto da Praia"
"2681797698","840000","70","12000","Morretes"
"2736413115","857000","67","12791,04","Morretes"
"2516156900","750000","70","10714,29","Morretes"
"2661096291","1899987","163","11656,36","Meia Praia"
"2763649140","3700000","182","20329,67","Meia Praia"
"2763752830","4798000","207","23178,74","Meia Praia"
"2667599093","1590000","100","15900","Centro"
"2766830560","1000000","109","9174,31","Meia Praia"
"2560059111","927000","67","13835,82","Morretes"
"2686121302","887609","67","13247,9","Morretes"
"2686121010","908000","69","13159,42","Morretes"
"2722637235","2500000","100","25000","Andorinha"
"2544606460","2841967","177","16056,31","Andorinha"
"2764633942","780069","70","11143,84","Varzea"
"2720007274","2490000","151","16490,07","Meia Praia"
"2759539548","1000000","94","10638,3","Meia Praia"
"2763583877","4199900","196","21428,06","Andorinha"
"2754996110","2698800","206","13100,97","Centro"
"2712552798","3000000","129","23255,81","Sertão do Trombudo"
"2742888187","9497118","200","47485,59","Meia Praia"
"2659185585","2050000","139","14748,2","Centro"
"2761576931","2690000","132","20378,79","Castelo Branco"
"2761579220","2350000","132","17803,03","Castelo Branco"
"2566178860","1554000","133","11684,21","Meia Praia"
"2764631579","1470000","875","1680","Centro"
"2727593770","1350000","95","14210,53","Castelo Branco"
"2716243716","810000","300","2700","Casa Branca"
"2731890618","557607","46","12121,89","Morretes"
"2700826211","698970","68","10278,97","Morretes"
"2744475703","3200000","158","20253,16","Meia Praia"
"2604560375","4050000","208","19471,15","Centro"
"2766855615","1908800","133","14351,88","Meia Praia"
"2761379137","750000","69","10869,57","Tabuleiro dos Oliveiras"
"2672319141","8792058","417","21084,07","Meia Praia"
"2763102724","2396000","151","15867,55","Meia Praia"
"2749228412","2199000","140","15707,14","Meia Praia"
"2583631217","1430000","114","12543,86","Meia Praia"
"2757340728","730000","70","10428,57","Morretes"
"2768649425","1450000","116","12500","Canto da Praia"
"2747201659","2300000","142","16197,18","Meia Praia"
"2747202730","1650000","113","14601,77","Andorinha"
"2560637031","720000","100","7200","Morretes"
"2560637512","750000","100","7500","Morretes"
"2723210026","2950000","206","14320,39","Meia Praia"
"2749230116","2598800","164","15846,34","Centro"
"2645831675","1500000","247","6072,87","Meia Praia"
"2759669769","1000000","94","10638,3","Meia Praia"
"2761617930","4500000","179","25139,66","Meia Praia"
"2659425249","4771978","213","22403,65","Meia Praia"
"2592158700","1833000","143","12818,18","Centro"
"2744794002","2860000","185","15459,46","Meia Praia"
"2765062090","1500000","143","10489,51","Meia Praia"
"2766852315","889000","70","12700","Tabuleiro dos Oliveiras"
"2713965620","780000","70","11142,86","Morretes"
"2761579916","1900000","120","15833,33","Andorinha"
"2761880119","3500000","280","12500","Meia Praia"
"2761579421","2767015","175","15811,51","Meia Praia"
"2740244129","3000000","185","16216,22","Meia Praia"
"2670817642","2598800","185","14047,57","Centro"
"2539733287","2400000","135","17777,78","Meia Praia"
"2719904446","626000","71","8816,9","Morretes"
"2718682547","1800000","116","15517,24","Canto da Praia"
"2761656116","1684000","105","16038,1","Meia Praia"
"2752682799","3000000","253","11857,71","Andorinha"
"2736232405","850000","67","12686,57","Morretes"
"2669592667","1699000","121","14041,32","Castelo Branco"
"2482909219","3250000","193","16839,38","Meia Praia"
"2760298324","1370000","115","11913,04","Meia Praia"
"2527021688","759000","67","11328,36","Morretes"
"2756708822","4700000","197","23857,87","Meia Praia"
"2716790595","3582000","216","16583,33","Centro"
"2764630845","1751500","135","12974,07","Centro"
"2594625961","4100000","127","32283,46","Centro"
"2647356156","8000000","180","44444,44","Meia Praia"
"2686054833","3990628","202","19755,58","Meia Praia"
"2751848813","1684000","105","16038,1","Meia Praia"
"2731619528","767888","63","12188,7","Alto São Bento"
"2747203399","4350000","150","29000","Meia Praia"
"2739740517","1900000","193","9844,56","Meia Praia"
"2729444031","630000","68","9264,71","Morretes"
"2734002432","4244899","183","23196,17","Meia Praia"
"2766853018","1000000","92","10869,57","Andorinha"
"2732137121","1878000","151","12437,09","Meia Praia"
"2673149491","829922","70","11856,03","Morretes"
"2763106024","3610000","182","19835,16","Meia Praia"
"2763105244","2420000","163","14846,63","Meia Praia"
"2766854213","717800","70","10254,29","Morretes"
"2764631740","1690000","112","15089,29","Andorinha"
"2633099796","790000","70","11285,71","Morretes"
"2724028651","1014000","50","20280","Meia Praia"
"2752418604","6830000","157","43503,18","Meia Praia"
"2763098853","2398800","180","13326,67","Centro"
"2763090919","750000","42","17857,14","Morretes"
"2746630701","2800000","142","19718,31","Meia Praia"
"2747200636","1799000","115","15643,48","Castelo Branco"
"2765019537","3807202","150","25381,35","Centro"
"2625843228","889000","70","12700","Tabuleiro dos Oliveiras"
"2645728037","657160","70","9388","Jardim Praia Mar"
"2644564508","1600000","119","13445,38","Andorinha"
"2636233482","1728382","151","11446,24","Meia Praia"
"2725885836","1000000","94","10638,3","Andorinha"
"2724260256","1282000","88","14568,18","Centro"
"2482910903","1814000","120","15116,67","Centro"
"2766852620","1599800","149","10736,91","Meia Praia"
"2766854130","2749000","240","11454,17","Meia Praia"
"2702955876","2500000","250","10000","Morretes"
"2609062415","2250000","189","11904,76","Meia Praia"
"2612876189","3200000","127","25196,85","Centro"
"2763572731","839248","64","13113,25","Morretes"
"2764633143","3500000","2504","1397,76","Meia Praia"
"2764630956","4450000","165","26969,7","Centro"
"2758880415","1290000","101","12772,28","Meia Praia"
"2765063650","3868000","190","20357,89","Meia Praia"
"2760452030","4650000","207","22463,77","Meia Praia"
"2533116051","600000","55","10909,09","Morretes"
"2560637409","880000","70","12571,43","Morretes"
"2695072944","1500000","116","12931,03","Meia Praia"
"2648118865","1650000","116","14224,14","Andorinha"
"2757813792","770000","66","11666,67",""
"2740358908","550000","68","8088,24","Morretes"
"2635064577","6158564","240","25660,68","Meia Praia"
"2761992580","6240637","183","34101,84","Morretes"
"2764979722","1200000","101","11881,19","Meia Praia"
"2761509819","1680000","141","11914,89","Andorinha"
"2707266197","1526000","120","12716,67","Andorinha"
"2760541222","1275000","53","24056,6","Centro"
"2741551891","2190000","192","11406,25","Meia Praia"
"2562460001","4500000","297","15151,52","Meia Praia"
"2614629741","2280000","178","12808,99","Meia Praia"
"2766853228","632800","70","9040","Morretes"
"2609061691","1980000","170","11647,06","Meia Praia"
"2688748717","849000","100","8490","Morretes"
"2519108937","1550000","108","14351,85","Castelo Branco"
"2762332313","717761","63","11393,03","Tabuleiro dos Oliveiras"
"2747200829","3500000","280","12500","Meia Praia"
"2692743161","1852664","151","12269,3","Andorinha"
"2543313509","829000","60","13816,67","Jardim Praia Mar"
"2553305082","2690000","213","12629,11","Meia Praia"
"2542340686","2317950","138","16796,74","Centro"
"2716510627","750000","85","8823,53","Morretes"
"2754181606","2448800","174","14073,56","Meia Praia"
"2764220419","1200000","85","14117,65","Meia Praia"
"2699373575","2600000","156","16666,67","Meia Praia"
"2763648542","650000","63","10317,46","Tabuleiro dos Oliveiras"
"2729377437","3973451","129","30801,95","Meia Praia"
"2644959733","650000","283","2296,82","Morretes"
"2555340024","2850000","155","18387,1","Meia Praia"
"2718237489","749000","64","11703,12","Jardim Praia Mar"
"2736442104","1249000","196","6372,45","Meia Praia"
"2695703613","3088097","190","16253,14","Meia Praia"
"2593109158","2798000","185","15124,32","Andorinha"
"2608048139","1690000","130","13000","Meia Praia"
"2626577116","3200000","230","13913,04","Meia Praia"
"2740283759","627000","67","9358,21",""
"2611902063","9000000","352","25568,18","Centro"
"2734697721","600000","70","8571,43","Morretes"
"2766833715","1500000","120","12500","Sertão do Trombudo"
"2740354031","750000","70","10714,29","Morretes"
"2758628225","660000","61","10819,67","Tabuleiro dos Oliveiras"
"2617335315","2448800","164","14931,71","Centro"
"2758290364","2025000","129","15697,67","Ilhota"
"2737236313","750000","68","11029,41","Morretes"
"2756014644","1980000","100","19800","Centro"
"2560058804","3450000","205","16829,27","Meia Praia"
"2744592797","1550000","126","12301,59","Castelo Branco"
"2766852716","1979000","119","16630,25","Canto da Praia"
"2766851827","1791800","115","15580,87","Andorinha"
"2763109316","5950000","190","31315,79","Meia Praia"
"2673147348","700000","70","10000","Morretes"
"2719904358","612000","71","8619,72","Morretes"
"2749772401","450000","58","7758,62","Morretes"
"2712960524","4950000","142","34859,15","Centro"
"2739550783","1000000","117","8547,01","Castelo Branco"
"2716787232","2167000","185","11713,51","Meia Praia"
"2697681575","4000000","127","31496,06","Centro"
"2754169202","669950","81","8270,99","Morretes"
"2763479314","599000","70","8557,14","Morretes"
"2718547273","889000","80","11112,5","Centro"
"2760158223","830000","62","13387,1","Centro"
"2721387556","8085000","359","22520,89","Meia Praia"
"2765385366","1100000","105","10476,19","Morretes"
"2560637130","760000","109","6972,48","Morretes"
"2560637444","750000","114","6578,95","Morretes"
"2709768377","1090000","116","9396,55","Meia Praia"
"2718948046","689900","80","8623,75","Morretes"
"2764633029","4600000","207","22222,22","Meia Praia"
"2684669301","2491000","150","16606,67","Castelo Branco"
"2747921194","5000000","197","25380,71","Centro"
"2761577044","2100000","126","16666,67","Andorinha"
"2713570740","2150000","164","13109,76","Meia Praia"
"2671627198","4000000","270","14814,81","Meia Praia"
"2583969065","1709959","118","14491,18","Centro"
"2687442045","1978957","142","13936,32","Meia Praia"
"2754746750","1930000","125","15440","Castelo Branco"
"2560060261","3553000","206","17247,57","Centro"
"2687442048","2386744","160","14917,15","Meia Praia"
"2746689799","2295089","150","15300,59","Meia Praia"
"2765546555","3750000","150","25000","Meia Praia"
"2675655298","2200000","150","14666,67","Meia Praia"
"2766854822","7249800","168","43153,57","Canto da Praia"
"2716245317","810000","331","2447,13","Casa Branca"
"2743254656","1220000","102","11960,78","Meia Praia"
"2761658231","1920000","149","12885,91","Meia Praia"
"2752049394","2420000","163","14846,63","Andorinha"
"2764724639","2479175","129","19218,41","Meia Praia"
"2717148754","1400000","101","13861,39","Centro"
"2759051631","1495000","144","10381,94","Andorinha"
"2741720429","550000","60","9166,67","Jardim Praia Mar"
"2560637509","550000","74","7432,43","Morretes"
"2736814324","658000","70","9400","Morretes"
"2758866719","640000","66","9696,97","Morretes"
"2637496199","1550000","105","14761,9","Andorinha"
"2658615859","850000","60","14166,67","Meia Praia"
"2569301261","1467866","138","10636,71","Meia Praia"
"2723970335","780001","57","13684,23","Morretes"
"2758129132","1180000","97","12164,95","Centro"
"2618437835","2300000","190","12105,26","Meia Praia"
"2764631335","6193950","180","34410,83","Centro"
"2747828731","1850000","122","15163,93","Meia Praia"
"2738790327","1231800","94","13104,26","Morretes"
"2764894826","8500000","229","37117,9","Centro"
"2761576354","6900000","215","32093,02","Morretes"
"2696749982","4980000","268","18582,09","Meia Praia"
"2541690372","2050000","122","16803,28","Castelo Branco"
"2761509821","1575000","160","9843,75","Meia Praia"
"2766852440","5499800","210","26189,52","Centro"
"2760453421","1670000","190","8789,47","Meia Praia"
"2646971500","1600000","100","16000","Canto da Praia"
"2594626254","2850000","141","20212,77","Canto da Praia"
"2600544258","1500000","92","16304,35","Castelo Branco"
"2703318583","3250000","157","20700,64","Meia Praia"
"2607022573","1410000","110","12818,18","Meia Praia"
"2710851734","664000","62","10709,68","Morretes"
"2761579913","4940000","268","18432,84","Andorinha"
"2711034670","1600000","163","9815,95","Meia Praia"
"2579558913","700000","69","10144,93","Morretes"
"2764949565","1100000","101","10891,09","Meia Praia"
"2764634113","1575000","94","16755,32","Meia Praia"
"2596543985","1882000","137","13737,23","Meia Praia"
"2701236582","590001","85","6941,19","Morretes"
"2755576429","849000","93","9129,03","Morretes"
"2634280715","2950000","187","15775,4","Meia Praia"
"2560059331","5650060","182","31044,29","Meia Praia"
"2511793572","1665000","102","16323,53","Centro"
"2569457709","1725000","137","12591,24","Meia Praia"
"2764673736","2259000","134","16858,21","Meia Praia"
"2754382199","875000","70","12500","Morretes"
"2764662221","1600000","160","10000","Andorinha"
"2569300961","3331169","127","26229,68","Centro"
"2754511309","1600000","105","15238,1","Castelo Branco"
"2559265713","655621","64","10244,08","Morretes"
"2646969390","1654000","105","15752,38","Meia Praia"
"2714723299","6600000","229","28820,96",""
"2592798979","1690000","145","11655,17","Meia Praia"
"2615045362","2990000","156","19166,67","Meia Praia"
"2688741536","580000","75","7733,33","Morretes"
"2619964186","885000","70","12642,86","Morretes"
"2763088930","4500000","210","21428,57","Centro"
"2691354088","2300000","125","18400","Castelo Branco"
"2763594617","1200000","80","15000","Meia Praia"
"2751578722","696277","64","10879,33","Jardim Praia Mar"
"2741138297","4500000","250","18000","Castelo Branco"
"2764861332","1500000","134","11194,03","Meia Praia"
"2644771565","1900000","135","14074,07","Andorinha"
"2765549826","1891000","100","18910","Meia Praia"
"2747202041","9710000","180","53944,44","Meia Praia"
"2649273154","1550000","107","14485,98","Meia Praia"
"2743411588","7495000","305","24573,77","Meia Praia"
"2757201320","1128585","90","12539,83","Andorinha"
"2726858058","997000","95","10494,74","Meia Praia"
"2650230057","2310000","120","19250","Meia Praia"
"2731119017","9577000","234","40927,35","Meia Praia"
"2560637299","580000","80","7250","Morretes"
"2725015692","725373","63","11513,86","Morretes"
"2763409837","640000","70","9142,86","Varzea"
"2761579619","1700000","112","15178,57","Andorinha"
"2710303156","2990000","197","15177,66","Centro"
"2741325261","1150000","81","14197,53","Meia Praia"
"2764380142","2479175","129","19218,41","Meia Praia"
"2698139575","1900000","133","14285,71","Centro"
"2625848878","1490000","120","12416,67","Meia Praia"
"2754169468","1400000","116","12068,97","Meia Praia"
"2766001526","997000","96","10385,42","Meia Praia"
"2764632864","3900000","180","21666,67","Centro"
"2754755798","890000","70","12714,29","Morretes"
"2741796563","3675000","213","17253,52","Sertão do Trombudo"
"2617331379","2698800","274","9849,64","Centro"
"2755516519","1595000","119","13403,36","Centro"
"2751570243","2395000","141","16985,82","Centro"
"2590895470","5840000","197","29644,67","Centro"
"2723960893","999000","93","10741,94","Andorinha"
"2740008318","9998000","180","55544,44","Meia Praia"
"2765019231","4000000","323","12383,9","Meia Praia"
"2714290599","750000","70","10714,29","Andorinha"
"2766852614","2499800","314","7961,15","Meia Praia"
"2766852329","1700000","118","14406,78","Meia Praia"
"2560060358","709000","57","12438,6","Morretes"
"2740361621","676000","66","10242,42","Morretes"
"2561153361","1290000","77","16753,25","Meia Praia"
"2670593719","960000","70","13714,29","Morretes"
"2601284466","640000","95","6736,84","Morretes"
"2699371531","1650000","113","14601,77","Meia Praia"
"2672621516","1311000","81","16185,19","Meia Praia"
"2676318620","2750000","180","15277,78","Andorinha"
"2766852316","1899800","174","10918,39","Castelo Branco"
"2692571261","1600000","150","10666,67","Castelo Branco"
"2617273914","1519000","123","12349,59","Meia Praia"
"2541553440","2990000","173","17283,24","Meia Praia"
"2567418401","2027000","142","14274,65","Castelo Branco"
"2613247399","2508000","150","16720","Meia Praia"
"2736399020","1100000","40","27500","Meia Praia"
"2574132252","2600000","185","14054,05","Centro"
"2716810506","1550585","145","10693,69","Centro"
"2748820947","1609000","97","16587,63","Canto da Praia"
"2696082434","705000","62","11370,97","Morretes"
"2759066240","1290000","101","12772,28","Meia Praia"
"2764952648","950000","70","13571,43","Morretes"
"2533117738","2691000","169","15923,08","Andorinha"
"2761329421","750000","97","7731,96","Meia Praia"
"2754747735","3800000","131","29007,63","Centro"
"2740901962","735000","68","10808,82","Morretes"
"2763755827","1650000","140","11785,71","Castelo Branco"
"2736748753","1490000","129","11550,39","Andorinha"
"2755058640","905000","81","11172,84","Andorinha"
"2564885018","9580000","234","40940,17","Meia Praia"
"2722242639","1300000","191","6806,28","Meia Praia"
"2763552415","895000","67","13358,21","Morretes"
"2511793751","2950000","193","15284,97","Meia Praia"
"2693494920","823980","64","12874,69","Morretes"
"2764635031","830000","665","1248,12","Tabuleiro dos Oliveiras"
"2764633943","1650000","113","14601,77","Castelo Branco"
"2675977199","3033999","182","16670,32","Meia Praia"
"2659556096","2999900","150","19999,33","Meia Praia"
"2628917898","3100000","157","19745,22","Meia Praia"
"2615046903","4100000","197","20812,18","Meia Praia"
"2749226937","3959000","166","23849,4","Castelo Branco"
"2758636217","1590000","114","13947,37","Meia Praia"
"2639477605","2200000","110","20000","Meia Praia"
"2740350886","688032","70","9829,03","Jardim Praia Mar"
"2624151971","1500000","157","9554,14","Meia Praia"
"2628487193","1265000","102","12401,96","Meia Praia"
"2764894829","4490000","200","22450","Meia Praia"
"2764895319","4490000","200","22450","Meia Praia"
"2569299814","1460000","145","10068,97","Meia Praia"
"2600891781","2599999","185","14054,05","Centro"
"2560637450","710000","105","6761,9","Morretes"
"2722263935","797000","56","14232,14","Morretes"
"2675654616","4500000","180","25000","Meia Praia"
"2630737661","1500000","116","12931,03","Meia Praia"
"2746547106","790000","70","11285,71","Morretes"
"2747203902","8733544","417","20943,75","Meia Praia"
"2747200637","850000","48","17708,33","Meia Praia"
"2766852218","1390000","133","10451,13","Castelo Branco"
"2606897519","640000","70","9142,86","Tabuleiro dos Oliveiras"
"2618437836","2700000","218","12385,32","Meia Praia"
"2615432034","4040000","190","21263,16","Meia Praia"
"2757575113","3998000","240","16658,33","Meia Praia"
"2764634141","1571804","928","1693,75","Centro"
"2739740615","3479115","140","24850,82","Meia Praia"
"2646971761","2500000","173","14450,87","Castelo Branco"
"2701981916","2500000","250","10000","Morretes"
"2723960894","750000","105","7142,86","Morretes"
"2731908462","6500000","198","32828,28","Meia Praia"
"2560637572","797000","70","11385,71","Morretes"
"2692636059","3999000","176","22721,59","Meia Praia"
"2603797512","1190000","87","13678,16","Centro"
"2637934291","2170000","134","16194,03","Meia Praia"
"2656735634","651000","54","12055,56","Alto São Bento"
"2511795779","1813000","123","14739,84","Meia Praia"
"2562193529","1537000","165","9315,15","Meia Praia"
"2763514318","3500000","150","23333,33","Meia Praia"
"2665408293","1500000","271","5535,06","Meia Praia"
"2723370440","1490000","109","13669,72","Andorinha"
"2764779341","734595","63","11660,24","Tabuleiro dos Oliveiras"
"2632807953","8792058","420","20933,47","Meia Praia"
"2761878725","725000","64","11328,12","Morretes"
"2752619295","1200000","104","11538,46","Meia Praia"
"2754745091","2890000","104","27788,46","Centro"
"2754745079","2244740","150","14964,93","Meia Praia"
"2754745921","7888000","185","42637,84","Centro"
"2761878145","1890000","149","12684,56","Centro"
"2745481496","1980000","149","13288,59","Meia Praia"
"2695926775","1200000","97","12371,13","Castelo Branco"
"2741063829","730000","61","11967,21","Morretes"
"2764633025","1000000","4448","224,82","Centro"
"2764633852","3285000","157","20923,57","Meia Praia"
"2626576244","4290000","197","21776,65","Meia Praia"
"2737846430","599000","68","8808,82","Morretes"
"2694372857","580000","74","7837,84","Morretes"
"2728081942","780000","105","7428,57","Morretes"
"2658144191","2990800","173","17287,86","Meia Praia"
"2707873222","850000","88","9659,09","Andorinha"
"2754745076","2158888","145","14888,88","Andorinha"
"2575528284","3010000","225","13377,78","Centro"
"2747905709","1100000","70","15714,29","Morretes"
"2763649139","1500000","101","14851,49","Meia Praia"
"2766853818","2848800","206","13829,13","Andorinha"
"2766854516","5694800","227","25087,22","Meia Praia"
"2766854730","2103351","168","12519,95","Castelo Branco"
"2761914816","2150000","165","13030,3","Andorinha"
"2692568194","580000","74","7837,84","Morretes"
"2751411232","1500000","115","13043,48","Andorinha"
"2619793553","1300000","126","10317,46","Meia Praia"
"2593072134","1990000","164","12134,15","Andorinha"
"2624323956","1790000","127","14094,49","Meia Praia"
"2606211544","1040000","90","11555,56","Meia Praia"
"2763088542","1900000","112","16964,29","Andorinha"
"2767282813","849230","98","8665,61","Andorinha"
"2621586131","1050000","69","15217,39","Tabuleiro dos Oliveiras"
"2684709296","7100000","198","35858,59","Meia Praia"
"2758952931","1290000","101","12772,28","Meia Praia"
"2669387177","2434000","119","20453,78","Canto da Praia"
"2650255713","5045250","362","13937,15","Ilhota"
"2634836198","3480000","140","24857,14","Meia Praia"
"2585244612","2463404","164","15020,76","Meia Praia"
"2543094545","5600000","190","29473,68","Meia Praia"
"2766852819","1599800","125","12798,4","Meia Praia"
"2761880215","2998000","128","23421,88","Meia Praia"
"2644176163","1740000","112","15535,71","Meia Praia"
"2745601428","1195000","102","11715,69","Meia Praia"
"2680731598","1150000","145","7931,03","Andorinha"
"2716377500","1800000","165","10909,09","Meia Praia"
"2694650178","6500000","199","32663,32","Centro"
"2747203398","6830000","158","43227,85","Meia Praia"
"2740140632","1205000","88","13693,18","Canto da Praia"
"2719900141","602202","71","8481,72","Morretes"
"2721384158","805000","64","12578,12","Morretes"
"2760489714","1750000","100","17500","Meia Praia"
"2661380172","1480000","100","14800","Meia Praia"
"2726959562","1850000","122","15163,93","Castelo Branco"
"2648149972","1103000","88","12534,09","Andorinha"
"2687442049","1780000","124","14354,84","Meia Praia"
"2754744967","2473770","150","16491,8","Castelo Branco"
"2758658020","1590000","114","13947,37","Meia Praia"
"2694858183","4200000","159","26415,09","Meia Praia"
"2766852930","1522000","128","11890,62","Castelo Branco"
"2766852222","2199800","181","12153,59","Meia Praia"
"2754662104","4899730","180","27220,72","Andorinha"
"2597175073","4160000","198","21010,1","Castelo Branco"
"2766853615","2300000","185","12432,43","Meia Praia"
"2754745449","1200000","92","13043,48","Meia Praia"
"2764631248","1516060","928","1633,69","Centro"
"2683613319","2330872","172","13551,58","Meia Praia"
"2600013654","1800000","105","17142,86","Centro"
"2718092252","4380000","315","13904,76","Meia Praia"
"2560637582","580000","80","7250","Morretes"
"2728457515","2600000","152","17105,26","Meia Praia"
"2730744027","1500000","150","10000","Casa Branca"
"2750297694","2500000","160","15625","Meia Praia"
"2720505569","530000","70","7571,43","Morretes"
"2511792943","2210000","114","19385,96","Centro"
"2764768942","1700000","148","11486,49","Andorinha"
"2726554160","1290000","191","6753,93","Meia Praia"
"2643723284","4900000","206","23786,41","Meia Praia"
"2704402254","780000","105","7428,57","Morretes"
"2764895116","1900000","134","14179,1","Meia Praia"
"2598635802","719000","111","6477,48","Morretes"
"2749661357","751868","68","11056,88","Jardim Praia Mar"
"2749488712","1280000","103","12427,18","Castelo Branco"
"2749249701","699000","70","9985,71","Tabuleiro dos Oliveiras"
"2754615444","3700000","271","13653,14","Centro"
"2626748160","2000000","117","17094,02","Meia Praia"
"2646971356","690000","68","10147,06","Morretes"
"2607787480","1890000","118","16016,95","Andorinha"
"2730509121","1230000","104","11826,92","Castelo Branco"
"2751782684","3150000","172","18313,95","Centro"
"2641210304","686000","69","9942,03","Jardim Praia Mar"
"2590847906","1600000","145","11034,48","Castelo Branco"
"2712552303","3500000","184","19021,74","Meia Praia"
"2728079057","710000","105","6761,9","Morretes"
"2651649157","1090000","169","6449,7","Meia Praia"
"2764632652","1600000","135","11851,85","Meia Praia"
"2733425978","2350000","179","13128,49","Meia Praia"
"2755322928","1200000","80","15000","Meia Praia"
"2750454096","1345000","120","11208,33","Andorinha"
"2611528006","700000","70","10000","Morretes"
"2730291864","1690000","145","11655,17","Castelo Branco"
"2637000856","6900000","169","40828,4","Meia Praia"
"2765550318","1781157","125","14249,26","Castelo Branco"
"2560637619","710000","114","6228,07","Morretes"
"2560637695","560000","90","6222,22","Morretes"
"2766852436","1660000","109","15229,36","Meia Praia"
"2681982307","1258679","87","14467,57","Centro"
"2560637319","750000","100","7500","Morretes"
"2569301257","1442701","142","10159,87","Meia Praia"
"2763087524","8993000","180","49961,11","Meia Praia"
"2569300661","1895000","123","15406,5","Centro"
"2511794803","3750000","205","18292,68","Meia Praia"
"2732103051","3100000","135","22962,96","meia praia"
"2732498136","2350000","151","15562,91","Meia Praia"
"2737430028","650000","69","9420,29","Morretes"
"2768649426","510000","50","10200","Casa Branca"
"2716790594","8015000","432","18553,24","Centro"
"2640260768","2290000","178","12865,17","Meia Praia"
"2764633436","750000","40","18750","Meia Praia"
"2730744220","2640000","260","10153,85","Casa Branca"
"2701837100","3190000","138","23115,94","Centro"
"2630291010","2860000","179","15977,65","Meia Praia"
"2692635758","660000","70","9428,57","Morretes"
"2561227568","2100000","135","15555,56","Centro"
"2621566522","650000","70","9285,71","Morretes"
"2688758023","885000","95","9315,79","Morretes"
"2737579620","1650000","142","11619,72","Castelo Branco"
"2718498060","2990000","251","11912,35","Casa Branca"
"2673148295","1980000","125","15840","Meia Praia"
"2723000955","1500000","149","10067,11",""
"2761662066","1684000","158","10658,23","Meia Praia"
"2730572426","1700000","120","14166,67","Centro"
"2671627295","697802","70","9968,6","Varzea"
"2569458395","1490000","118","12627,12","Meia Praia"
"2736237414","1750000","122","14344,26","Castelo Branco"
"2618849213","799000","70","11414,29","Morretes"
"2766851625","1400000","145","9655,17","Meia Praia"
"2754746764","3164757","175","18084,33","Andorinha"
"2671626810","1500000","92","16304,35","Meia Praia"
"2571205557","652312","63","10354,16","Jardim Praia Mar"
"2740569310","1800000","130","13846,15","Meia Praia"
"2569298360","1518834","138","11006,04","Meia Praia"
"2621566521","1580000","128","12343,75","Meia Praia"
"2655341685","2080000","120","17333,33","Meia Praia"
"2766851828","1580100","126","12540,48","Andorinha"
"2721916572","602202","70","8602,89","Morretes"
"2655776424","880000","70","12571,43","Morretes"
"2760541413","1180000","45","26222,22","Centro"
"2755013219","3950000","185","21351,35","Meia Praia"
"2764894827","4490000","200","22450","Meia Praia"
"2720817236","3974500","129","30810,08","Andorinha"
"2761579330","6158563","240","25660,68","Meia Praia"
"2695463884","790000","68","11617,65","Morretes"
"2688779625","680000","85","8000","Morretes"
"2613519093","2600000","151","17218,54","Meia Praia"
"2437562983","912000","70","13028,57","Centro"
"2694439597","550000","70","7857,14","Morretes"
"2765548343","1600000","100","16000","Meia Praia"
"2528906145","6500000","211","30805,69","Meia Praia"
"2726427055","2650000","127","20866,14","Centro"
"2726970040","1899000","113","16805,31","Meia Praia"
"2694753924","980000","87","11264,37","Andorinha"
"2746939996","2500000","600","4166,67","Morretes"
"2723209314","1850000","123","15040,65","Centro"
"2558703963","900000","179","5027,93",""
"2750469799","1680000","147","11428,57","Andorinha"
"2580810610","746000","65","11476,92","Morretes"
"2624190025","4924000","215","22902,33","Meia Praia"
"2560059825","2199000","129","17046,51","Meia Praia"
"2569458308","1100000","95","11578,95","Meia Praia"
"2560637677","900000","70","12857,14","Morretes"
"2597358289","850000","75","11333,33","Meia Praia"
"2615432037","2800000","140","20000","Andorinha"
"2560058913","1600000","108","14814,81","Meia Praia"
"2626981326","814300","69","11801,45","Morretes"
"2764894921","1690000","118","14322,03","Centro"
"2761879717","2400000","180","13333,33","Castelo Branco"
"2761880120","4420000","234","18888,89","Centro"
"2766855613","2104800","127","16573,23","Meia Praia"
"2766853019","1498800","124","12087,1","Andorinha"
"2762990384","6500000","190","34210,53","Meia Praia"
"2736815519","2115000","117","18076,92","Centro"
"2756063533","784000","73","10739,73","Morretes"
"2560637194","710000","114","6228,07","Morretes"
"2677716703","3090000","172","17965,12","Centro"
"2511794167","824850","68","12130,15","Tabuleiro dos Oliveiras"
"2765065015","1500000","132","11363,64","Andorinha"
"2655795963","8963000","229","39139,74","Centro"
"2630707099","2434000","119","20453,78","Meia Praia"
"2693899243","630000","95","6631,58","Morretes"
"2741201656","1495896","132","11332,55","Meia Praia"
"2654678855","2750000","163","16871,17","Meia Praia"
"2633099563","630000","60","10500","Alto São Bento"
"2628987365","1350000","100","13500","Meia Praia"
"2597528054","1690000","120","14083,33","Andorinha"
"2676714594","3895000","242","16095,04","Estreito"
"2727140458","1800000","157","11464,97","Centro"
"2748176736","3000000","153","19607,84","Meia Praia"
"2740360660","700000","70","10000","Morretes"
"2728228688","720000","110","6545,45","Morretes"
"2706476129","2300000","147","15646,26","Meia Praia"
"2603983278","5350000","190","28157,89","Andorinha"
"2618382803","815000","70","11642,86","Morretes"
"2693494333","808483","64","12632,55","Morretes"
"2650008654","2168154","127","17072,08","Meia Praia"
"2747717308","2200000","129","17054,26","Meia Praia"
"2761579713","2349900","233","10085,41","Canto da Praia"
"2749229848","1874826","135","13887,6","Andorinha"
"2608014299","1575000","174","9051,72","Meia Praia"
"2678327295","2200000","127","17322,83","Meia Praia"
"2754745934","1050000","74","14189,19","Castelo Branco"
"2694761812","650000","70","9285,71","Morretes"
"2615046036","1690000","128","13203,12","Castelo Branco"
"2713248409","990000","80","12375","Castelo Branco"
"2766855231","1329000","104","12778,85","Castelo Branco"
"2761879922","1799000","114","15780,7","Castelo Branco"
"2749233197","1786794","130","13744,57","Meia Praia"
"2706424614","1000000","93","10752,69","Meia Praia"
"2768647872","1772000","114","15543,86","Andorinha"
"2673147998","750000","70","10714,29","Morretes"
"2547504141","2900000","198","14646,46","Meia Praia"
"2663775496","550000","62","8870,97","Morretes"
"2764724872","6722319","258","26055,5","Meia Praia"
"2764631741","2346595","172","13642,99","Andorinha"
"2729223843","750000","40","18750","Meia Praia"
"2757947057","969000","67","14462,69","Meia Praia"
"2603904961","6538000","169","38686,39","Meia Praia"
"2605041887","6000000","150","40000","Meia Praia"
"2638326400","2800000","187","14973,26","Meia Praia"
"2742884447","2100000","190","11052,63","Meia Praia"
"2670819046","1490000","111","13423,42","Andorinha"
"2764633952","1260000","141","8936,17","Meia Praia"
"2689407379","4050000","187","21657,75","Centro"
"2582526749","4462945","214","20854,88","Meia Praia"
"2705809229","1450000","130","11153,85","Andorinha"
"2683429409","844355","67","12602,31","Castelo Branco"
"2569301256","2290000","150","15266,67","Centro"
"2740351936","665000","70","9500","Morretes"
"2610107088","550000","57","9649,12","Alto São Bento"
"2722946684","8145000","229","35567,69","Centro"
"2720737135","650000","64","10156,25","Morretes"
"2660286818","3150000","182","17307,69","Meia Praia"
"2609062486","2311845","118","19591,91","Andorinha"
"2721917687","2870000","192","14947,92","Meia Praia"
"2624187571","1560000","124","12580,65","Meia Praia"
"2715517395","1260000","105","12000","Andorinha"
"2579266413","2158888","169","12774,49","Andorinha"
"2696445280","4500000","206","21844,66","Meia Praia"
"2766852430","1699800","131","12975,57","Andorinha"
"2728255508","869000","64","13578,12","Morretes"
"2644323284","5000000","208","24038,46","Andorinha"
"2761879720","2600000","130","20000","Meia Praia"
"2759765336","739000","67","11029,85","Morretes"
"2702952377","590000","85","6941,18","Morretes"
"2661742389","930000","65","14307,69","Morretes"
"2579348895","1690000","145","11655,17","Meia Praia"
"2648895304","3300000","240","13750","Meia Praia"
"2688369347","950000","90","10555,56","Meia Praia"
"2597754509","682000","69","9884,06","Morretes"
"2759017321","715000","58","12327,59","Morretes"
"2695973680","1050000","95","11052,63","Castelo Branco"
"2723208917","1100000","90","12222,22","Meia Praia"
"2561227393","4039000","213","18962,44","Centro"
"2747201948","750000","42","17857,14","Morretes"
"2523442690","2150000","164","13109,76","Andorinha"
"2640258410","2420000","163","14846,63","Andorinha"
"2671186923","599000","78","7679,49","Centro"
"2654675565","1680000","145","11586,21","Castelo Branco"
"2654678856","2625546","161","16307,74","Meia Praia"
"2622648438","2970000","179","16592,18","Meia Praia"
"2649372453","850000","108","7870,37","Andorinha"
"2766853713","1494800","137","10910,95","Centro"
"2713125600","750000","88","8522,73","Morretes"
"2683042275","2000000","65","30769,23",""
"2560637133","780000","100","7800","Morretes"
"2560637655","580000","80","7250","Morretes"
"2705431306","790000","85","9294,12","Meia Praia"
"2736579148","1650000","113","14601,77","Morretes"
"2674121203","1834183","124","14791,8","Meia Praia"
"2732267848","1030000","106","9716,98","Castelo Branco"
"2671785903","900000","95","9473,68","Meia Praia"
"2670312418","1899000","178","10668,54","Meia Praia"
"2673092982","6500000","505","12871,29","Centro"
"2692420139","2750000","180","15277,78","Meia Praia"
"2766855023","1686000","120","14050","Castelo Branco"
"2560637698","1198000","70","17114,29","Morretes"
"2570172298","1580000","114","13859,65","Meia Praia"
"2759964848","1000000","40","25000","Meia Praia"
"2764764378","890000","79","11265,82","Morretes"
"2560060279","1514780","130","11652,15","Meia Praia"
"2766854128","2690939","170","15829,05","Andorinha"
"2766855514","2999099","200","14995,5","Meia Praia"
"2480057028","650000","40","16250","Centro"
"2752919202","1400000","135","10370,37","Meia Praia"
"2726636548","1720000","110","15636,36","Meia Praia"
"2766855618","700000","69","10144,93","Morretes"
"2754747821","2742057","120","22850,48","Centro"
"2763090326","4800000","196","24489,8","Meia Praia"
"2655425666","1890832","106","17838,04","Meia Praia"
"2732468952","2870000","193","14870,47","Meia Praia"
"2744653641","9710000","180","53944,44","Meia Praia"
"2714719141","1600000","1340","1194,03","Casa Branca"
"2533971571","1200000","124","9677,42","Meia Praia"
"2721154463","999000","70","14271,43","Morretes"
"2764634813","2280000","240","9500","Andorinha"
"2763109315","3600000","131","27480,92","Meia Praia"
"2687484316","5200000","200","26000","Meia Praia"
"2729401327","710000","69","10289,86","Tabuleiro dos Oliveiras"
"2676467606","742000","70","10600","Morretes"
"2767582386","660000","70","9428,57","Tabuleiro dos Oliveiras"
"2744006709","2829526","182","15546,85","Meia Praia"
"2569451169","1650000","100","16500","Meia Praia"
"2682280613","630000","283","2226,15","Morretes"
"2540681285","4400000","213","20657,28","meia praia"
"2671627197","1541002","111","13882,9","Meia Praia"
"2560060479","2257150","169","13355,92","Meia Praia"
"2723211735","1390672","179","7769,12","Meia Praia"
"2692600338","589900","69","8549,28","Morretes"
"2675655301","1590000","118","13474,58","Meia Praia"
"2616354818","3999539","155","25803,48","Meia Praia"
"2701760811","4257433","178","23918,16","Meia Praia"
"2607405985","645000","73","8835,62","Morretes"
"2747202330","1400000","75","18666,67","Andorinha"
"2694918027","2250000","321","7009,35","Centro"
"2594833678","2000000","242","8264,46",""
"2560637228","580002","80","7250,02","Morretes"
"2708169308","2689040","130","20684,92","Meia Praia"
"2574409898","1650000","119","13865,55","Meia Praia"
"2763088932","720000","69","10434,78","Varzea"
"2540848298","3500000","205","17073,17","Meia Praia"
"2655340787","2150000","148","14527,03","Centro"
"2569302096","1776390","114","15582,37","Centro"
"2569458196","1320000","135","9777,78","Meia Praia"
"2615432033","2034000","166","12253,01","Castelo Branco"
"2756090774","1320000","201","6567,16","Meia Praia"
"2560637496","750000","100","7500","Morretes"
"2628304756","1685000","122","13811,48","Meia Praia"
"2766854624","1599800","134","11938,81","Andorinha"
"2761879920","3090000","126","24523,81","Meia Praia"
"2749758578","2025000","129","15697,67","Ilhota"
"2764007014","617000","43","14348,84","Meia Praia"
"2729166725","574000","69","8318,84","Morretes"
"2597271028","1500000","150","10000","Meia Praia"
"2700274391","790000","68","11617,65","Morretes"
"2745518412","1390000","159","8742,14","Andorinha"
"2729910251","4900000","200","24500","Meia Praia"
"2716790593","2915390","171","17049,06","Centro"
"2766852030","1499800","128","11717,19","Andorinha"
"2766852841","1900000","137","13868,61","Castelo Branco"
"2758199714","850000","69","12318,84","Meia Praia"
"2651545461","1500000","110","13636,36","Andorinha"
"2646968179","1690000","120","14083,33","Meia Praia"
"2754745446","1454000","120","12116,67","Meia Praia"
"2754745092","2490000","186","13387,1","Andorinha"
"2726427834","818000","67","12208,96","Morretes"
"2766854217","634800","66","9618,18","Morretes"
"2688672464","1500000","124","12096,77","Meia Praia"
"2763412621","650000","70","9285,71","Varzea"
"2698572175","1375000","120","11458,33","Andorinha"
"2750306596","1687000","125","13496","Meia Praia"
"2755943513","8718723","417","20908,21","Meia Praia"
"2720508350","1400000","96","14583,33","Meia Praia"
"2560636953","695000","70","9928,57","Morretes"
"2699245373","1745000","114","15307,02","Andorinha"
"2541751550","4500000","150","30000","Meia Praia"
"2766852121","824800","58","14220,69","Canto da Praia"
"2766852336","1402800","115","12198,26","Castelo Branco"
"2668726515","1790000","138","12971,01","Castelo Branco"
"2747203323","9998000","180","55544,44","Meia Praia"
"2766854639","1419800","120","11831,67","Centro"
"2676104700","1752175","124","14130,44","Meia Praia"
"2641528660","1900000","122","15573,77","Meia Praia"
"2724753059","3290000","180","18277,78","Andorinha"
"2701837099","2990000","136","21985,29","Centro"
"2736459061","1490000","135","11037,04","Meia Praia"
"2563574455","1554000","133","11684,21","Castelo Branco"
"2724978769","6830000","157","43503,18","Meia Praia"
"2761878729","2990000","193","15492,23","Meia Praia"
"2736159733","890000","110","8090,91","Morretes"
"2624390413","2739000","140","19564,29","Centro"
"2763090817","3484000","139","25064,75","Meia Praia"
"2714046417","898000","70","12828,57","Morretes"
"2595523363","2400000","136","17647,06","Meia Praia"
"2601837578","6500000","393","16539,44","Canto da Praia"
"2509190908","2850000","127","22440,94","Andorinha"
"2740234247","3800000","118","32203,39","Castelo Branco"
"2764633027","700000","67","10447,76","Morretes"
"2702667875","689900","72","9581,94","Morretes"
"2749902948","965000","100","9650","Meia Praia"
"2568578869","4535630","214","21194,53","Meia Praia"
"2591072357","2300000","383","6005,22","Andorinha"
"2634327677","1800000","127","14173,23","Meia Praia"
"2692570990","585000","66","8863,64","Morretes"
"2694966953","1768926","110","16081,15","Centro"
"2747298919","757618","62","12219,65","Morretes"
"2560637049","760000","109","6972,48","Morretes"
"2560060559","669000","62","10790,32","Morretes"
"2642395141","2090000","134","15597,01","Meia Praia"
"2733174645","1450000","130","11153,85","Sertão do Trombudo"
"2569298358","1425876","142","10041,38","Meia Praia"
"2569458193","1600000","138","11594,2","Meia Praia"
"2511795373","2850000","138","20652,17","Andorinha"
"2761579718","2099000","112","18741,07","Andorinha"
"2616411532","695000","70","9928,57","Tabuleiro dos Oliveiras"
"2763648540","1200000","70","17142,86","Morretes"
"2764730915","2158889","145","14888,89","Andorinha"
"2634981757","1390000","125","11120","Andorinha"
"2711086103","3700000","207","17874,4","Meia Praia"
"2754747729","2167000","185","11713,51","Meia Praia"
"2673390896","550000","70","7857,14","Morretes"
"2626357659","2499000","100","24990","Meia Praia"
"2569240106","1499000","149","10060,4","Andorinha"
"2696126401","790000","68","11617,65","Morretes"
"2556840751","624000","70","8914,29","Morretes"
"2720583348","620000","65","9538,46","Morretes"
"2591990108","695000","109","6376,15","Morretes"
"2764860725","1600000","145","11034,48","Meia Praia"
"2764633813","749000","40","18725","Meia Praia"
"2709505619","590000","77","7662,34","Morretes"
"2743060990","850000","68","12500","Morretes"
"2749084153","1650000","130","12692,31","Meia Praia"
"2560636987","900000","70","12857,14","Morretes"
"2732565421","4000000","197","20304,57","Meia Praia"
"2720815770","3975000","129","30813,95","Andorinha"
"2764632333","1150000","137","8394,16","Meia Praia"
"2757201416","1336050","111","12036,49","Andorinha"
"2745445397","750000","70","10714,29","Morretes"
"2642395755","6158564","240","25660,68","Meia Praia"
"2723233257","2311845","118","19591,91","Andorinha"
"2726448736","1500000","134","11194,03","Meia Praia"
"2763411842","725000","70","10357,14","Varzea"
"2758637838","1600000","161","9937,89","Centro"
"2593533171","1390000","133","10451,13","Castelo Branco"
"2646971194","1450000","126","11507,94","Castelo Branco"
"2616695483","4747764","213","22289,97","Meia Praia"
"2533104337","2400000","163","14723,93","Meia Praia"
"2558703650","700000","200","3500",""
"2742888100","1335000","164","8140,24","Castelo Branco"
"2745605202","1190000","100","11900","Meia Praia"
"2764978840","1080000","119","9075,63","Meia Praia"
"2609063073","2900000","170","17058,82","Meia Praia"
"2728270641","1792000","105","17066,67","Meia Praia"
"2764632410","890000","42","21190,48","Centro"
"2764632225","870000","658","1322,19","Morretes"
"2560637375","806000","68","11852,94","Morretes"
"2560059702","1700000","132","12878,79","Meia Praia"
"2761579614","2300000","137","16788,32","Meia Praia"
"2570258254","2598800","163","15943,56","Centro"
"2728457813","3490000","272","12830,88","Casa Branca"
"2748437896","2850000","242","11776,86","Andorinha"
"2765088129","950000","97","9793,81","Meia Praia"
"2519850697","1800000","126","14285,71","Andorinha"
"2618883541","2064529","165","12512,3","Centro"
"2714952100","1668928","132","12643,39","Andorinha"
"2573940379","680000","85","8000","Morretes"
"2763107752","1990000","138","14420,29","Andorinha"
"2763107750","6830000","157","43503,18","Meia Praia"
"2763583637","1450000","100","14500","Meia Praia"
"2609061598","1546414","165","9372,21","Castelo Branco"
"2688799926","790000","68","11617,65","Morretes"
"2562273407","2850000","155","18387,1","Meia Praia"
"2677401530","2240000","149","15033,56","Castelo Branco"
"2701901194","650000","70","9285,71","Morretes"
"2740324799","650000","70","9285,71","Morretes"
"2766833630","1490000","130","11461,54","Meia Praia"
"2621047925","1790000","124","14435,48","Meia Praia"
"2609058386","4750000","185","25675,68","Centro"
"2761045107","899000","150","5993,33","Morretes"
"2560637170","750000","100","7500","Morretes"
"2672319142","2350000","135","17407,41","Meia Praia"
"2637238861","1650000","135","12222,22","Meia Praia"
"2766854630","1559800","127","12281,89","Andorinha"
"2735381224","900000","94","9574,47","Meia Praia"
"2665106194","1290000","102","12647,06","Meia Praia"
"2694649677","3500000","206","16990,29","Centro"
"2511795084","4000000","190","21052,63","Meia Praia"
"2646971559","5500000","288","19097,22","Meia Praia"
"2730234429","5500000","225","24444,44","Meia Praia"
"2754745453","2930345","125","23442,76","Centro"
"2644108897","2600000","185","14054,05","Centro"
"2740370895","664000","70","9485,71","Morretes"
"2751486528","820000","79","10379,75","Meia Praia"
"2762275316","1200000","114","10526,32","Andorinha"
"2765546458","1900000","122","15573,77","Centro"
"2766852234","1499800","162","9258,02","Meia Praia"
"2766852717","1329800","119","11174,79","Castelo Branco"
"2736239935","1850000","127","14566,93","Andorinha"
"2646971262","690000","80","8625","Morretes"
"2543277815","2340000","143","16363,64","Meia Praia"
"2749228413","5750000","262","21946,56","Meia Praia"
"2743392492","649000","69","9405,8","Tabuleiro dos Oliveiras"
"2763411838","999216","70","14274,51","Morretes"
"2564694607","580000","75","7733,33","Morretes"
"2599798557","1253000","121","10355,37","Meia Praia"
"2593072795","6754000","168","40202,38","Canto da Praia"
"2765020624","2200000","178","12359,55","Centro"
"2736469114","1350000","142","9507,04","Andorinha"
"2643986958","2579900","183","14097,81","Meia Praia"
"2541850789","855000","69","12391,3","Morretes"
"2760744013","649220","67","9689,85","Meia Praia"
"2757819835","1650000","140","11785,71","Castelo Branco"
"2732157759","1500000","141","10638,3","Meia Praia"
"2723508125","1300000","163","7975,46","Castelo Branco"
"2765048115","2870000","192","14947,92","Meia Praia"
"2766855024","1589800","145","10964,14","Meia Praia"
"2766855517","2530800","128","19771,88","Meia Praia"
"2576337127","4700000","274","17153,28","Meia Praia"
"2752619293","1949000","130","14992,31","Morretes"
"2519106161","1250000","108","11574,07","Castelo Branco"
"2641214963","823000","67","12283,58","Morretes"
"2672320712","1650000","113","14601,77","Andorinha"
"2766852014","1396800","125","11174,4","Castelo Branco"
"2763234315","4800000","182","26373,63","Meia Praia"
"2767583921","620000","70","8857,14","Varzea"
"2768968724","289880","204","1420,98","Sertão do Trombudo"
"2724509369","997000","95","10494,74","Meia Praia"
"2591027194","1500000","124","12096,77","Andorinha"
"2656858951","1200000","110","10909,09","Meia Praia"
"2743674955","1750000","146","11986,3","Castelo Branco"
"2763412517","4350000","150","29000","Meia Praia"
"2717036495","2300000","151","15231,79","Meia Praia"
"2766854313","1559800","114","13682,46","Andorinha"
"2635065768","3090000","172","17965,12","Centro"
"2709296575","1750000","115","15217,39","Castelo Branco"
"2560059822","1500000","92","16304,35","Meia Praia"
"2678319512","679000","67","10134,33","Morretes"
"2761035033","680000","80","8500","Morretes"
"2633529988","840000","70","12000","Morretes"
"2607123428","2870000","160","17937,5","Meia Praia"
"2701765504","4744804","205","23145,39","Meia Praia"
"2701765503","650000","70","9285,71","Morretes"
"2560637286","580000","70","8285,71","Morretes"
"2761879919","2399000","146","16431,51","Meia Praia"
"2604272077","1690000","118","14322,03","Centro"
"2594917656","680000","70","9714,29","Jardim Praia Mar"
"2766853716","649800","70","9282,86","Varzea"
"2746689795","838845","79","10618,29","Morretes"
"2763566541","715000","58","12327,59","Morretes"
"2560637227","550001","75","7333,35","Morretes"
"2754662609","4499880","224","20088,75","Andorinha"
"2646971012","2300000","170","13529,41","Castelo Branco"
"2675654608","615000","74","8310,81","Morretes"
"2764635032","750000","70","10714,29","Tabuleiro dos Oliveiras"
"2692122674","720000","110","6545,45","Morretes"
"2756788625","9480000","201","47164,18","Meia Praia"
"2715169501","2800000","190","14736,84","Meia Praia"
"2744012694","1800000","135","13333,33","Meia Praia"
"2764894831","2600000","125","20800","Centro"
"2630291012","1920000","137","14014,6","Andorinha"
"2640260770","2200000","145","15172,41","Meia Praia"
"2560060053","1401397","98","14299,97","Meia Praia"
"2650233827","1599000","85","18811,76","Centro"
"2704343766","1793279","151","11876,02","Andorinha"
"2611242139","1250000","100","12500","Meia Praia"
"2626748055","1170000","98","11938,78","Meia Praia"
"2761876928","4350000","188","23138,3","Meia Praia"
"2763412515","3950000","185","21351,35","Meia Praia"
"2692414962","7888000","166","47518,07","Meia Praia"
"2754746757","1846497","150","12309,98","Meia Praia"
"2740811800","692900","70","9898,57","Jardim Praia Mar"
"2755058480","660000","60","11000","Tabuleiro dos Oliveiras"
"2750494793","1500000","113","13274,34","Andorinha"
"2560637479","584000","74","7891,89","Morretes"
"2763256041","1350000","140","9642,86","Meia Praia"
"2483937082","890000","69","12898,55","Casa Branca"
"2748869401","1230000","114","10789,47","Morretes"
"2759374825","2200000","134","16417,91","Andorinha"
"2766855019","3699800","199","18591,96","Meia Praia"
"2766855130","1439000","117","12299,15","Centro"
"2557257980","670000","66","10151,52","Morretes"
"2739911515","780000","63","12380,95","Morretes"
"2564319607","2500000","193","12953,37","Meia Praia"
"2599797468","1473000","122","12073,77","Andorinha"
"2736449531","1199000","130","9223,08","Meia Praia"
"2689586923","1050000","70","15000","Castelo Branco"
"2703241339","650000","90","7222,22","Morretes"
"2560637581","835000","70","11928,57","Morretes"
"2763649733","1890000","154","12272,73","Meia Praia"
"2526933208","2699000","177","15248,59","Meia Praia"
"2766131039","2349900","233","10085,41","Canto da Praia"
"2720271070","680000","64","10625","Jardim Praia Mar"
"2741514089","835000","70","11928,57","Morretes"
"2757660227","1700000","2278","746,27","Casa Branca"
"2690221184","1259000","100","12590","Castelo Branco"
"2564237649","1380576","87","15868,69","Andorinha"
"2685104561","5000000","232","21551,72","Meia Praia"
"2615046038","4680000","195","24000","Meia Praia"
"2757817757","830000","67","12388,06",""
"2561226115","1300000","87","14942,53","Centro"
"2745601635","1194000","101","11821,78","Andorinha"
"2764894828","4680000","195","24000","Meia Praia"
"2654678281","1650000","114","14473,68","meia praia"
"2727576300","897897","65","13813,8","Centro"
"2757201514","1323176","111","11920,5","Andorinha"
"2736751433","1217000","87","13988,51","Canto da Praia"
"2636803922","615000","70","8785,71","Morretes"
"2730384368","2383750","129","18478,68","Meia Praia"
"2730619857","2868800","186","15423,66","Andorinha"
"2736866720","1100000","41","26829,27","Meia Praia"
"2720508739","3950000","185","21351,35","Meia Praia"
"2761878728","4380000","315","13904,76","Meia Praia"
"2761579915","4000000","254","15748,03","Meia Praia"
"2766853314","1079800","98","11018,37","Canto da Praia"
"2658421697","9998000","180","55544,44","Meia Praia"
"2598695357","1699000","133","12774,44","Castelo Branco"
"2658212339","4309000","166","25957,83","Castelo Branco"
"2712550404","1400000","120","11666,67","Andorinha"
"2693871686","590000","85","6941,18","Morretes"
"2606343197","2800000","202","13861,39","Andorinha"
"2749233393","1410509","140","10075,06","Meia Praia"
"2720511652","2300000","150","15333,33","Meia Praia"
"2723072731","1495000","141","10602,84","Castelo Branco"
"2746550519","579000","70","8271,43","Morretes"
"2764974906","1490000","172","8662,79","Meia Praia"
"2767584414","604600","69","8762,32","Morretes"
"2728865335","1835000","142","12922,54","Castelo Branco"
"2560637441","580001","80","7250,01","Morretes"
"2624573916","1998000","173","11549,13","Meia Praia"
"2764631051","885445","4437","199,56","Meia Praia"
"2761509532","1700000","217","7834,1","Meia Praia"
"2764895313","1048000","110","9527,27",""
"2749230115","5099000","165","30903,03","Centro"
"2673148296","1500000","130","11538,46","Andorinha"
"2652723019","2598800","185","14047,57","Meia Praia"
"2537838382","8602000","229","37563,32","Centro"
"2625260362","1700000","100","17000","Meia Praia"
"2646969747","890000","68","13088,24","Morretes"
"2766853815","3689800","202","18266,34","Meia Praia"
"2766852322","1449800","148","9795,95","Andorinha"
"2764007013","617000","43","14348,84","Meia Praia"
"2763649138","3700000","160","23125","Meia Praia"
"2748077316","525500","60","8758,33","Morretes"
"2723208916","1100000","113","9734,51","Meia Praia"
"2693494819","900463","64","14069,73","Morretes"
"2754482105","7650000","350","21857,14","Canto da Praia"
"2644957516","1100000","150","7333,33","Castelo Branco"
"2715509295","1990000","153","13006,54","Meia Praia"
"2585039386","2750000","216","12731,48","Centro"
"2693330614","800000","78","10256,41","Meia Praia"
"2755493299","1655000","127","13031,5","Meia Praia"
"2752964593","860000","126","6825,4","Meia Praia"
"2761579615","1684000","105","16038,1","Meia Praia"
"2761578127","4380000","315","13904,76","Meia Praia"
"2736688518","550000","68","8088,24","Morretes"
"2766854833","1690000","126","13412,7","Andorinha"
"2684664257","4955266","202","24531,02","Meia Praia"
"2735567021","6999000","419","16704,06","Casa Branca"
"2716785833","1684907","125","13479,26","Meia Praia"
"2761579322","7300000","205","35609,76","Meia Praia"
"2683019097","3458272","190","18201,43","Meia Praia"
"2560059690","2969869","206","14416,84","Meia Praia"
"2560060466","652870","67","9744,33","Morretes"
"2678053982","550000","85","6470,59","Morretes"
"2764632235","650000","66","9848,48","Morretes"
"2562905402","5250000","202","25990,1","Canto da Praia"
"2701902573","599000","78","7679,49","Centro"
"2735382423","3600000","153","23529,41","Meia Praia"
"2760475317","1495000","144","10381,94","Meia Praia"
"2558917663","750000","70","10714,29","Tabuleiro dos Oliveiras"
"2700194434","450000","70","6428,57","Morretes"
"2721544939","800000","63","12698,41","Centro"
"2723209712","2200000","155","14193,55","Meia Praia"
"2763107133","6158564","240","25660,68","Meia Praia"
"2667843788","1400000","118","11864,41","Andorinha"
"2751638996","989000","87","11367,82","Meia Praia"
"2664165624","2299000","128","17960,94","Meia Praia"
"2677838302","999000","108","9250","Centro"
"2764634324","950000","112","8482,14","Centro"
"2769149732","617412","43","14358,42","Andorinha"
"2733863026","1684000","105","16038,1","Meia Praia"
"2759358815","1450000","115","12608,7","Meia Praia"
"2764220420","660000","60","11000","Tabuleiro dos Oliveiras"
"2560637688","620000","85","7294,12","Morretes"
"2534697293","4850000","188","25797,87","Meia Praia"
"2750283493","1799000","162","11104,94","Meia Praia"
"2593072995","1540000","114","13508,77","Andorinha"
"2677404600","1495000","100","14950","Canto da Praia"
"2760004765","1746875","138","12658,51","Andorinha"
"2667618909","630000","62","10161,29","Jardim Praia Mar"
"2720508742","1650000","113","14601,77","Meia Praia"
"2663985698","1800000","115","15652,17","Meia Praia"
"2712474197","750000","41","18292,68","Andorinha"
"2705609320","2002000","122","16409,84","Meia Praia"
"2613764805","1350000","112","12053,57","Andorinha"
"2747222409","1200000","112","10714,29","Meia Praia"
"2711618648","1190000","95","12526,32","Centro"
"2636328485","2490000","137","18175,18","Meia Praia"
"2613247197","1450000","125","11600","Castelo Branco"
"2713940916","2998800","150","19992","Centro"
"2646971469","1650000","145","11379,31","Meia Praia"
"2626576217","2349000","142","16542,25","Meia Praia"
"2725065736","1599000","145","11027,59","Meia Praia"
"2766852023","1294800","126","10276,19","Centro"
"2656857529","630000","283","2226,15","Morretes"
"2752420329","1350000","123","10975,61","Meia Praia"
"2674421693","1229000","95","12936,84","Meia Praia"
"2761509529","1000000","87","11494,25","Meia Praia"
"2766852434","628800","70","8982,86","Morretes"
"2766854114","1998800","160","12492,5","Meia Praia"
"2748436614","3973450","129","30801,94","Andorinha"
"2763792208","7650000","350","21857,14","Canto da Praia"
"2658471009","3500000","142","24647,89","Meia Praia"
"2763090149","820000","68","12058,82","Tabuleiro dos Oliveiras"
"2761876929","1640157","113","14514,66","Meia Praia"
"2575450238","2512000","169","14863,91","Andorinha"
"2729795035","1800000","150","12000","Andorinha"
"2760115025","1600000","105","15238,1","Castelo Branco"
"2754746315","1940000","143","13566,43","Andorinha"
"2764631833","677000","70","9671,43","Morretes"
"2626747869","2200000","127","17322,83","Meia Praia"
"2710359428","1600000","122","13114,75","Meia Praia"
"2715657103","850973","70","12156,76","Morretes"
"2520070575","2547938","150","16986,25","Meia Praia"
"2580205517","1980000","223","8878,92","Meia Praia"
"2760121924","2036000","118","17254,24","Andorinha"
"2726610252","2199000","160","13743,75","Andorinha"
"2740351604","780000","70","11142,86","Tabuleiro dos Oliveiras"
"2766854717","1580000","126","12539,68","Andorinha"
"2750329611","1182000","120","9850","Andorinha"
"2752619507","9980000","180","55444,44","Meia Praia"
"2684061042","630000","95","6631,58","Morretes"
"2761937530","1799160","140","12851,14","Andorinha"
"2571720759","1500000","151","9933,77","Meia Praia"
"2562263247","3500000","200","17500","Meia Praia"
"2743161094","5300000","200","26500","Centro"
"2747203318","1500000","116","12931,03","Centro"
"2626576933","3100000","128","24218,75","Meia Praia"
"2747201644","1500000","75","20000","Andorinha"
"2563314182","830000","70","11857,14","Morretes"
"2689534443","8718723","417","20908,21","Meia Praia"
"2763091015","2300000","142","16197,18","Meia Praia"
"2767582255","575000","85","6764,71","Morretes"
"2706822046","686489","70","9806,99","Morretes"
"2738091328","1636974","109","15018,11","Meia Praia"
"2713242040","850000","80","10625","Centro"
"2728249701","2100000","150","14000","meia praia"
"2694377824","550000","75","7333,33","Morretes"
"2701954675","1750000","190","9210,53","Meia Praia"
"2662712361","800000","70","11428,57","Tabuleiro dos Oliveiras"
"2687073439","782900","85","9210,59","Tabuleiro dos Oliveiras"
"2693495016","839980","64","13124,69","Morretes"
"2510619008","1990000","164","12134,15","Andorinha"
"2682561555","1231000","105","11723,81","Castelo Branco"
"2628243255","1655000","116","14267,24","Meia Praia"
"2569451172","1400000","162","8641,98","Meia Praia"
"2579474532","1850000","142","13028,17","Meia Praia"
"2751985350","650000","60","10833,33","Tabuleiro dos Oliveiras"
"2766855717","1699800","127","13384,25","Centro"
"2747201648","2800000","182","15384,62","Meia Praia"
"2762693718","680000","60","11333,33","Morretes"
"2637495198","629000","100","6290","Morretes"
"2763087531","3790900","180","21060,56","Meia Praia"
"2705721144","450000","70","6428,57","Morretes"
"2646971192","980000","114","8596,49","Castelo Branco"
"2670928109","810000","68","11911,76","Tabuleiro dos Oliveiras"
"2599921578","780000","110","7090,91","Morretes"
"2560637574","580001","80","7250,01","Morretes"
"2677059406","1370000","195","7025,64","Centro"
"2755977813","2000000","158","12658,23","Meia Praia"
"2761133418","1450000","115","12608,7","Meia Praia"
"2764220515","1500000","147","10204,08","Meia Praia"
"2742883934","1475000","121","12190,08","Meia Praia"
"2693494542","895200","64","13987,5","Morretes"
"2558703395","550000","100","5500",""
"2633492775","1454000","120","12116,67","Meia Praia"
"2626942444","1850000","128","14453,12","Castelo Branco"
"2700826518","849450","90","9438,33","Alto São Bento"
"2740319593","660000","70","9428,57","Morretes"
"2765357518","890000","79","11265,82","Morretes"
"2694169798","1150000","145","7931,03","Meia Praia"
"2711578394","1150000","120","9583,33","Meia Praia"
"2658435458","5500000","230","23913,04","Meia Praia"
"2541691304","3550000","228","15570,18","Meia Praia"
"2633099566","5350000","190","28157,89","Andorinha"
"2654675566","1450000","120","12083,33","Andorinha"
"2764630659","950000","110","8636,36","Morretes"
"2752619593","9710000","180","53944,44","Meia Praia"
"2728210174","1265000","118","10720,34","Meia Praia"
"2583687976","615000","74","8310,81","Morretes"
"2740881150","833000","69","12072,46","Meia Praia"
"2730783271","1982018","158","12544,42","Meia Praia"
"2763088539","9710000","180","53944,44","Meia Praia"
"2746259694","650000","110","5909,09","Morretes"
"2528540579","2964993","153","19379,04","Centro"
"2702328416","919000","74","12418,92","Meia Praia"
"2606115977","1530000","105","14571,43","Meia Praia"
"2703397184","3700000","158","23417,72","Meia Praia"
"2721919538","695000","70","9928,57","Meia Praia"
"2626745119","2990000","138","21666,67","Centro"
"2670891949","2294848","160","14342,8","Meia Praia"
"2635159503","2350000","163","14417,18","Andorinha"
"2726411080","1878000","150","12520","Meia Praia"
"2666597505","879550","68","12934,56","Morretes"
"2761579332","1900000","100","19000","Meia Praia"
"2754747730","1870301","151","12386,1","Meia Praia"
"2742769285","819001","130","6300,01","Morretes"
"2752504021","650000","40","16250","Meia Praia"
"2670314507","1399000","123","11373,98","Andorinha"
"2682999909","2680000","178","15056,18","Meia Praia"
"2669014894","1500000","90","16666,67","Morretes"
"2760452027","1900000","124","15322,58","Meia Praia"
"2761880016","2800000","181","15469,61","Meia Praia"
"2762785931","5000000","223","22421,52","Meia Praia"
"2729354440","1500000","126","11904,76","Meia Praia"
"2538966415","780000","69","11304,35","Morretes"
"2751582495","549000","60","9150","Alto São Bento"
"2738362259","829000","110","7536,36","Morretes"
"2608015773","1550000","120","12916,67","Meia Praia"
"2693494821","823987","64","12874,8","Morretes"
"2643991983","589000","64","9203,12","Jardim Praia Mar"
"2698705094","1191000","120","9925",""
"2628486796","1315000","100","13150","Centro"
"2754745140","1310000","92","14239,13","Meia Praia"
"2560637168","550000","80","6875","Morretes"
"2748356213","1500000","134","11194,03","Meia Praia"
"2698138393","4765644","205","23247,04","Meia Praia"
"2763088538","2100000","132","15909,09","Andorinha"
"2761880020","1750000","122","14344,26","Castelo Branco"
"2764631063","1400000","112","12500","Meia Praia"
"2764633344","1590000","190","8368,42","Meia Praia"
"2686050807","2790000","137","20364,96","Centro"
"2562905683","1681000","116","14491,38","Meia Praia"
"2672324776","2000000","172","11627,91","Meia Praia"
"2566389719","2663385","146","18242,36","Ilhota"
"2736813743","1695000","141","12021,28","Centro"
"2632147576","8733544","417","20943,75","Andorinha"
"2560060056","705000","62","11370,97","Morretes"
"2606559299","862000","65","13261,54","Morretes"
"2725058158","2148800","164","13102,44","Centro"
"2692428353","1100000","118","9322,03","Meia Praia"
"2636102610","2698800","163","16557,06","Centro"
"2569451170","1398000","139","10057,55","Meia Praia"
"2692685399","902000","69","13072,46","Morretes"
"2734025319","1249582","111","11257,5","Centro"
"2499390409","1600000","130","12307,69","Meia Praia"
"2659934461","949000","98","9683,67","Meia Praia"
"2681794614","550000","70","7857,14","Morretes"
"2693494541","924956","64","14452,44","Morretes"
"2631024826","1699000","130","13069,23","Meia Praia"
"2743411589","2890000","200","14450","Meia Praia"
"2609063173","3013670","182","16558,63","Meia Praia"
"2560637119","695000","70","9928,57","Morretes"
"2580253103","1640000","115","14260,87","Centro"
"2642947903","1598000","133","12015,04","Meia Praia"
"2605038810","1530000","135","11333,33","Centro"
"2650251104","1250000","113","11061,95","Castelo Branco"
"2663261593","3107280","160","19420,5","Centro"
"2511794789","8085000","179","45167,6","Meia Praia"
"2552506557","1908000","125","15264","Centro"
"2511795690","7888000","185","42637,84","Centro"
"2763742916","1420000","114","12456,14","Meia Praia"
"2646971265","2480000","153","16209,15","Meia Praia"
"2681589200","1000000","93","10752,69","Andorinha"
"2670495699","538050","33","16304,55","Jardim Praia Mar"
"2764399125","1990000","129","15426,36","Andorinha"
"2763194535","596929","70","8527,56","Varzea"
"2757198545","1137660","95","11975,37","Andorinha"
"2736455484","1475000","121","12190,08","Meia Praia"
"2617954338","1490000","123","12113,82","Meia Praia"
"2630420758","2870000","179","16033,52","Meia Praia"
"2694648802","3390000","206","16456,31","Centro"
"2699898200","1590000","125","12720","Meia Praia"
"2720053866","950000","75","12666,67","Meia Praia"
"2723049641","1400000","135","10370,37","Centro"
"2754745134","6500000","211","30805,69","Meia Praia"
"2754745940","1680000","111","15135,14","Centro"
"2731155030","643500","64","10054,69","Jardim Praia Mar"
"2746261400","649500","110","5904,55","Morretes"
"2668702218","2600000","150","17333,33","Meia Praia"
"2764858086","2300000","146","15753,42","Meia Praia"
"2767571211","1300000","40","32500","Meia Praia"
"2511793017","3100000","128","24218,75","Meia Praia"
"2749228422","1659000","110","15081,82","Meia Praia"
"2569457806","1400000","176","7954,55","Meia Praia"
"2764980019","1400000","127","11023,62","Andorinha"
"2764779340","1500000","110","13636,36","Centro"
"2766852524","1989800","137","14524,09","Canto da Praia"
"2726600206","790000","70","11285,71","Morretes"
"2766853016","1240800","111","11178,38","Meia Praia"
"2624659535","7000000","181","38674,03","Meia Praia"
"2763109216","3090000","126","24523,81","Meia Praia"
"2766852820","1349800","162","8332,1","Meia Praia"
"2538359435","2300000","135","17037,04","Meia Praia"
"2761579813","7810000","196","39846,94","Meia Praia"
"2639704594","2850000","180","15833,33","Andorinha"
"2560637419","900000","70","12857,14","Morretes"
"2677690820","490000","60","8166,67","Morretes"
"2656735893","1400000","118","11864,41","Centro"
"2717269942","3200000","180","17777,78","Morretes"
"2747156302","1684000","105","16038,1","Meia Praia"
"2729035845","1498000","124","12080,65","Centro"
"2560059837","790108","63","12541,4","Tabuleiro dos Oliveiras"
"2589335045","4038999","213","18962,44","Centro"
"2732136113","650000","70","9285,71","Morretes"
"2560060060","9359829","198","47271,86","Meia Praia"
"2711254196","950000","86","11046,51","Andorinha"
"2746556203","799900","68","11763,24","Morretes"
"2764979718","1590000","129","12325,58","Meia Praia"
"2679480707","2201409","172","12798,89","Meia Praia"
"2560056881","1686311","138","12219,64","Meia Praia"
"2755100005","1100000","937","1173,96","Alto São Bento"
"2720533534","697000","65","10723,08","Tabuleiro dos Oliveiras"
"2751815708","1478000","122","12114,75","Meia Praia"
"2733826525","2300000","229","10043,67","Sertão do Trombudo"
"2561071557","797000","70","11385,71","Morretes"
"2718306376","640000","66","9696,97","Varzea"
"2754746749","1526569","120","12721,41","Andorinha"
"2626580032","1690000","117","14444,44","Centro"
"2744697119","590000","69","8550,72","Morretes"
"2721108944","650000","288","2256,94","Morretes"
"2693494335","897777","60","14962,95","Morretes"
"2764631048","1950000","1443","1351,35","Meia Praia"
"2668001715","2300000","219","10502,28","Castelo Branco"
"2742325556","1480000","126","11746,03","Castelo Branco"
"2758556132","2500000","132","18939,39","Meia Praia"
"2732128414","525000","59","8898,31","Morretes"
"2746143506","3900000","160","24375","Meia Praia"
"2693494918","877180","64","13705,94","Morretes"
"2754746320","900000","73","12328,77","Meia Praia"
"2643850988","1600000","100","16000","Meia Praia"
"2727020960","1390000","160","8687,5","Andorinha"
"2736449551","1399000","70","19985,71","Meia Praia"
"2736286105","677000","69","9811,59","Tabuleiro dos Oliveiras"
"2761579814","9998000","180","55544,44","Meia Praia"
"2629631976","700000","67","10447,76","Morretes"
"2760888531","850000","70","12142,86","Morretes"
"2763109127","1495000","108","13842,59","Meia Praia"
"2764631828","995000","89","11179,78","Meia Praia"
"2754745135","6544428","212","30869,94","Meia Praia"
"2717140156","550000","70","7857,14","Morretes"
"2740323794","688000","70","9828,57","Varzea"
"2763649734","1430000","125","11440","Castelo Branco"
"2633099795","899000","81","11098,77","Meia Praia"
"2727435555","774000","73","10602,74","Morretes"
"2730810537","3150000","169","18639,05","Meia Praia"
"2748771111","1490000","125","11920","Castelo Branco"
"2569455779","1380000","140","9857,14","Castelo Branco"
"2636113397","1590000","116","13706,9","Canto da Praia"
"2755583979","2280000","178","12808,99","Meia Praia"
"2764979714","1100000","100","11000","Meia Praia"
"2735197515","1900000","140","13571,43","Meia Praia"
"2560637342","580000","90","6444,44","Morretes"
"2712552306","680000","73","9315,07","Sertão do Trombudo"
"2736707655","1690000","116","14568,97","Canto da Praia"
"2560637735","580000","70","8285,71","Morretes"
"2731047327","2199000","160","13743,75","Andorinha"
"2763412716","670000","64","10468,75","Varzea"
"2739557557","997000","95","10494,74","Meia Praia"
"2563635081","2150000","149","14429,53","Meia Praia"
"2747717907","1590000","117","13589,74","Castelo Branco"
"2560639095","6500000","2310","2813,85","Varzea"
"2740318363","652461","70","9320,87","Jardim Praia Mar"
"2760889830","2250000","145","15517,24","Meia Praia"
"2713945246","1050000","90","11666,67","Morretes"
"2675653403","849000","65","13061,54","Morretes"
"2607921285","1530000","128","11953,12","Castelo Branco"
"2616545428","4850000","225","21555,56","Meia Praia"
"2658131555","1399880","106","13206,42","Meia Praia"
"2764978845","1490000","135","11037,04","Andorinha"
"2713317001","735000","68","10808,82","Morretes"
"2727530262","525000","60","8750","Morretes"
"2592930756","1549000","165","9387,88","Castelo Branco"
"2560637495","480000","70","6857,14","Morretes"
"2566387538","2845125","154","18474,84","Ilhota"
"2630291469","1495000","116","12887,93","Canto da Praia"
"2679018222","2450000","153","16013,07","Meia Praia"
"2461543489","1890000","140","13500","Centro"
"2761879924","1600000","105","15238,1","Castelo Branco"
"2682669584","829500","60","13825","Jardim Praia Mar"
"2677257702","6895000","183","37677,6","Morretes"
"2743412260","2500000","161","15527,95","Centro"
"2595523264","3000000","202","14851,49","Centro"
"2444179573","3360000","179","18770,95","Meia Praia"
"2767581329","1500000","567","2645,5","Morretes"
"2560637514","550000","70","7857,14","Morretes"
"2560637694","480000","70","6857,14","Morretes"
"2742351606","1150000","147","7823,13","Meia Praia"
"2626742517","8500000","200","42500","Centro"
"2766855228","650800","69","9431,88","Tabuleiro dos Oliveiras"
"2760010297","1700000","146","11643,84","Castelo Branco"
"2694434711","630000","85","7411,76","Morretes"
"2747715539","848000","75","11306,67","Andorinha"
"2608278730","9676808","2016","4800","Meia Praia"
"2752640732","650000","60","10833,33","Tabuleiro dos Oliveiras"
"2728573323","1698800","121","14039,67","Meia Praia"
"2754124100","1768800","111","15935,14","Castelo Branco"
"2656735520","680000","86","7906,98","Alto São Bento"
"2765549423","1200000","136","8823,53","Meia Praia"
"2725151555","2200000","130","16923,08","Meia Praia"
"2641082187","1090000","89","12247,19","Castelo Branco"
"2671176306","3973450","129","30801,94","Meia Praia"
"2511795416","4550000","190","23947,37","Meia Praia"
"2728228689","550000","69","7971,01","Alto São Bento"
"2762947230","1890000","145","13034,48","Meia Praia"
"2755295714","979610","120","8163,42","Castelo Branco"
"2560637568","550000","70","7857,14","Morretes"
"2755061681","949000","155","6122,58","Meia Praia"
"2594774189","1590000","130","12230,77","Meia Praia"
"2565173841","1630000","133","12255,64","Meia Praia"
"2613519000","550000","67","8208,96","Morretes"
"2764857795","1609000","100","16090","Canto da Praia"
"2764631650","620000","60","10333,33","Alto São Bento"
"2744972225","840000","70","12000","Morretes"
"2750478611","1269000","104","12201,92","Castelo Branco"
"2712020499","1690000","109","15504,59","Meia Praia"
"2723211839","850000","124","6854,84","Andorinha"
"2763412717","700000","63","11111,11","Varzea"
"2764895117","1224000","128","9562,5","Centro"
"2560637507","806000","70","11514,29","Morretes"
"2687011752","1598122","131","12199,4","Meia Praia"
"2697432835","1450000","118","12288,14","Meia Praia"
"2612161501","1500000","125","12000","Castelo Branco"
"2598271159","870000","70","12428,57","Morretes"
"2691331590","2150000","130","16538,46","Andorinha"
"2705744229","1648500","117","14089,74","Meia Praia"
"2531257484","2300000","157","14649,68","Meia Praia"
"2634728638","1406000","123","11430,89","Meia Praia"
"2682225118","680000","70","9714,29","Casa Branca"
"2764633165","1580000","116","13620,69","Canto da Praia"
"2693495015","889500","64","13898,44","Morretes"
"2579512682","1473000","122","12073,77","Andorinha"
"2628542358","3100000","177","17514,12","Meia Praia"
"2736815415","683000","70","9757,14","Morretes"
"2670820094","1140000","113","10088,5","Morretes"
"2763016428","785000","60","13083,33","Morretes"
"2743647361","2300000","164","14024,39","Andorinha"
"2566102454","2159000","120","17991,67","Centro"
"2761880117","5000000","197","25380,71","Centro"
"2560637013","710000","105","6761,9","Morretes"
"2763261817","1000000","109","9174,31","Meia Praia"
"2693873678","750000","70","10714,29","Morretes"
"2628488656","1140000","102","11176,47","Meia Praia"
"2669593543","795000","70","11357,14","Morretes"
"2692570987","950000","80","11875","Meia Praia"
"2767583222","799000","90","8877,78","Morretes"
"2560637307","550000","90","6111,11","Morretes"
"2560637343","550000","70","7857,14","Morretes"
"2611869008","1142500","102","11200,98","Meia Praia"
"2560637348","750000","70","10714,29","Morretes"
"2762838964","680001","80","8500,01","Morretes"
"2655470871","2800000","207","13526,57","Centro"
"2746689114","974085","92","10587,88","Morretes"
"2650229108","1550000","100","15500","Meia Praia"
"2749737905","2663385","146","18242,36","Ilhota"
"2746545126","1898000","125","15184","Andorinha"
"2761414570","1200000","72","16666,67","Morretes"
"2761506949","1500000","125","12000","Meia Praia"
"2560637346","1198000","70","17114,29","Morretes"
"2760345121","839000","70","11985,71","Morretes"
"2757811035","693022","70","9900,31","Morretes"
"2660307883","980000","109","8990,83","Meia Praia"
"2576713236","750000","67","11194,03","Morretes"
"2649967258","650000","64","10156,25","Morretes"
"2765831220","1549540","127","12201,1","Andorinha"
"2767584326","622100","62","10033,87","Morretes"
"2560636981","600000","95","6315,79","Morretes"
"2600766560","1346000","140","9614,29","Castelo Branco"
"2606626601","1660000","114","14561,4","Andorinha"
"2692132174","1790000","124","14435,48","Meia Praia"
"2761398615","965000","100","9650","Castelo Branco"
"2763769823","2600000","120","21666,67","Meia Praia"
"2645702395","1890000","149","12684,56","Centro"
"2615369895","1490000","132","11287,88","Andorinha"
"2616543951","1590000","133","11954,89","Centro"
"2723772858","1250000","123","10162,6","Meia Praia"
"2765064921","695000","110","6318,18","Morretes"
"2692125163","2331290","118","19756,69","Andorinha"
"2560637404","570000","90","6333,33","Morretes"
"2690562979","2750000","180","15277,78","Andorinha"
"2759161164","1750000","114","15350,88","Andorinha"
"2626895699","758000","70","10828,57","Morretes"
"2757882913","550000","85","6470,59","Centro"
"2606211545","1445000","135","10703,7","Castelo Branco"
"2698206000","8774000","229","38314,41","Centro"
